fetched_at,fetch_run_id,source,device_id,record_index,record_time,tempf__tempf,tempf__sendible_temp,tempf__drew_temp,humidity__humidity,vpd__vpd,so_uv__solarradiation,so_uv__uv,rain__rainratein,rain__hourlyrainin,rain__dailyrainin,rain_statistcs__weeklyrainin,rain_statistcs__monthlyrainin,rain_statistcs__yearlyrainin,wind_speed__windspeedmph,wind_speed__windgustmph,winddir__winddir,pressure__baromrelin,pressure__baromabsin,tempinf__tempinf,tempinf__sendible_tempin,tempinf__drew_tempin,humidityin__humidityin
2026-07-24 07:00:02,2026-07-24 07:00:02,ecowitt,281727,1,2026-07-24 00:00,78.6,78.6,77.1,95,0.166,0.0,0,0.00,0.00,0.00,0.13,2.93,17.52,0.0,0.0,38,29.92,29.80,,,,
2026-07-24 07:00:02,2026-07-24 07:00:02,ecowitt,281727,2,2026-07-24 00:05,78.6,78.6,77.1,95,0.166,0.0,0,0.00,0.00,0.00,0.13,2.93,17.52,0.0,0.0,38,29.92,29.80,,,,
2026-07-24 07:00:02,2026-07-24 07:00:02,ecowitt,281727,3,2026-07-24 00:10,78.6,78.6,77.1,95,0.166,0.0,0,0.00,0.00,0.00,0.13,2.93,17.52,0.0,0.0,38,29.92,29.80,,,,
2026-07-24 07:00:02,2026-07-24 07:00:02,ecowitt,281727,4,2026-07-24 00:15,78.4,78.4,76.9,95,0.166,0.0,0,0.00,0.00,0.00,0.13,2.93,17.52,0.0,0.0,38,29.92,29.79,,,,
2026-07-24 07:00:02,2026-07-24 07:00:02,ecowitt,281727,5,2026-07-24 00:20,78.4,78.4,76.9,95,0.166,0.0,0,0.00,0.00,0.00,0.13,2.93,17.52,0.0,0.0,38,29.92,29.79,,,,
2026-07-24 07:00:02,2026-07-24 07:00:02,ecowitt,281727,6,2026-07-24 00:25,78.4,78.4,76.9,95,0.166,0.0,0,0.00,0.00,0.00,0.13,2.93,17.52,0.0,0.0,38,29.91,29.79,,,,
2026-07-24 07:00:02,2026-07-24 07:00:02,ecowitt,281727,7,2026-07-24 00:30,78.4,78.4,76.9,95,0.166,0.0,0,0.00,0.00,0.00,0.13,2.93,17.52,0.0,0.0,38,29.91,29.79,,,,
2026-07-24 07:00:02,2026-07-24 07:00:02,ecowitt,281727,8,2026-07-24 00:35,78.3,78.3,76.8,95,0.166,0.0,0,0.00,0.00,0.00,0.13,2.93,17.52,0.0,0.0,38,29.91,29.79,,,,
2026-07-24 07:00:02,2026-07-24 07:00:02,ecowitt,281727,9,2026-07-24 00:40,78.3,78.3,76.9,96,0.146,0.0,0,0.00,0.00,0.00,0.13,2.93,17.52,0.0,0.0,38,29.91,29.78,,,,
2026-07-24 07:00:02,2026-07-24 07:00:02,ecowitt,281727,10,2026-07-24 00:45,78.2,78.2,77.0,96,0.132,0.0,0,0.00,0.00,0.00,0.13,2.93,17.52,0.0,0.0,38,29.91,29.78,,,,
2026-07-24 07:00:02,2026-07-24 07:00:02,ecowitt,281727,11,2026-07-24 00:50,78.1,78.1,76.9,96,0.132,0.0,0,0.00,0.00,0.00,0.13,2.93,17.52,0.0,0.0,26,29.91,29.79,,,,
2026-07-24 07:00:02,2026-07-24 07:00:02,ecowitt,281727,12,2026-07-24 00:55,78.1,78.1,76.9,96,0.132,0.0,0,0.00,0.00,0.00,0.13,2.93,17.52,0.0,0.0,12,29.91,29.78,,,,
2026-07-24 07:00:02,2026-07-24 07:00:02,ecowitt,281727,13,2026-07-24 01:00,78.1,78.1,76.9,96,0.132,0.0,0,0.00,0.00,0.00,0.13,2.93,17.52,0.0,0.0,2,29.90,29.78,,,,
2026-07-24 07:00:02,2026-07-24 07:00:02,ecowitt,281727,14,2026-07-24 01:05,78.0,78.0,76.8,96,0.132,0.0,0,0.00,0.00,0.00,0.13,2.93,17.52,0.0,0.0,2,29.90,29.78,,,,
2026-07-24 07:00:02,2026-07-24 07:00:02,ecowitt,281727,15,2026-07-24 01:10,77.9,77.9,76.7,96,0.132,0.0,0,0.00,0.00,0.00,0.13,2.93,17.52,0.0,0.0,1,29.90,29.77,,,,
2026-07-24 07:00:02,2026-07-24 07:00:02,ecowitt,281727,16,2026-07-24 01:15,78.1,78.1,76.9,96,0.132,0.0,0,0.00,0.00,0.00,0.13,2.93,17.52,0.0,0.0,38,29.90,29.77,,,,
2026-07-24 07:00:02,2026-07-24 07:00:02,ecowitt,281727,17,2026-07-24 01:20,78.0,78.0,76.8,96,0.132,0.0,0,0.00,0.00,0.00,0.13,2.93,17.52,0.0,0.0,38,29.89,29.77,,,,
2026-07-24 07:00:02,2026-07-24 07:00:02,ecowitt,281727,18,2026-07-24 01:25,78.1,78.1,76.9,96,0.132,0.0,0,0.00,0.00,0.00,0.13,2.93,17.52,0.0,0.0,38,29.89,29.77,,,,
2026-07-24 07:00:02,2026-07-24 07:00:02,ecowitt,281727,19,2026-07-24 01:30,78.1,78.1,76.9,96,0.132,0.0,0,0.00,0.00,0.00,0.13,2.93,17.52,0.0,0.0,38,29.89,29.77,,,,
2026-07-24 07:00:02,2026-07-24 07:00:02,ecowitt,281727,20,2026-07-24 01:35,78.1,78.1,76.9,96,0.132,0.0,0,0.00,0.00,0.00,0.13,2.93,17.52,0.0,0.0,38,29.89,29.77,,,,
2026-07-24 07:00:02,2026-07-24 07:00:02,ecowitt,281727,21,2026-07-24 01:40,78.1,78.1,76.9,96,0.132,0.0,0,0.00,0.00,0.00,0.13,2.93,17.52,0.0,0.0,38,29.89,29.77,,,,
2026-07-24 07:00:02,2026-07-24 07:00:02,ecowitt,281727,22,2026-07-24 01:45,78.1,78.1,76.9,96,0.132,0.0,0,0.00,0.00,0.00,0.13,2.93,17.52,0.0,0.0,53,29.89,29.77,,,,
2026-07-24 07:00:02,2026-07-24 07:00:02,ecowitt,281727,23,2026-07-24 01:50,78.1,78.1,76.9,96,0.132,0.0,0,0.00,0.00,0.00,0.13,2.93,17.52,0.0,0.0,62,29.89,29.77,,,,
2026-07-24 07:00:02,2026-07-24 07:00:02,ecowitt,281727,24,2026-07-24 01:55,78.2,78.2,77.0,96,0.132,0.0,0,0.00,0.00,0.00,0.13,2.93,17.52,0.0,0.0,55,29.89,29.76,,,,
2026-07-24 07:00:02,2026-07-24 07:00:02,ecowitt,281727,25,2026-07-24 02:00,78.1,78.1,76.9,96,0.132,0.0,0,0.00,0.00,0.00,0.13,2.93,17.52,0.0,0.0,57,29.88,29.76,,,,
2026-07-24 07:00:02,2026-07-24 07:00:02,ecowitt,281727,26,2026-07-24 02:05,78.3,78.3,77.1,96,0.125,0.0,0,0.00,0.00,0.00,0.13,2.93,17.52,0.0,0.0,57,29.89,29.76,,,,
2026-07-24 07:00:02,2026-07-24 07:00:02,ecowitt,281727,27,2026-07-24 02:10,78.3,78.3,77.2,96,0.119,0.0,0,0.00,0.00,0.00,0.13,2.93,17.52,0.0,0.0,57,29.88,29.76,,,,
2026-07-24 07:00:02,2026-07-24 07:00:02,ecowitt,281727,28,2026-07-24 02:15,78.3,78.3,77.1,96,0.132,0.0,0,0.00,0.00,0.00,0.13,2.93,17.52,0.0,0.0,57,29.88,29.76,,,,
2026-07-24 07:00:02,2026-07-24 07:00:02,ecowitt,281727,29,2026-07-24 02:20,78.4,78.4,77.2,96,0.132,0.0,0,0.00,0.00,0.00,0.13,2.93,17.52,0.0,0.0,57,29.88,29.76,,,,
2026-07-24 07:00:02,2026-07-24 07:00:02,ecowitt,281727,30,2026-07-24 02:25,78.3,78.3,77.1,96,0.132,0.0,0,0.00,0.00,0.00,0.13,2.93,17.52,0.0,0.0,57,29.88,29.76,,,,
2026-07-24 07:00:02,2026-07-24 07:00:02,ecowitt,281727,31,2026-07-24 02:30,78.3,78.3,77.1,96,0.132,0.0,0,0.00,0.00,0.00,0.13,2.93,17.52,0.0,0.0,57,29.88,29.76,,,,
2026-07-24 07:00:02,2026-07-24 07:00:02,ecowitt,281727,32,2026-07-24 02:35,78.3,78.3,77.1,96,0.132,0.0,0,0.00,0.00,0.00,0.13,2.93,17.52,0.0,0.0,57,29.88,29.76,,,,
2026-07-24 07:00:02,2026-07-24 07:00:02,ecowitt,281727,33,2026-07-24 02:40,78.3,78.3,77.2,96,0.125,0.0,0,0.00,0.00,0.00,0.13,2.93,17.52,0.0,0.0,57,29.88,29.75,,,,
2026-07-24 07:00:02,2026-07-24 07:00:02,ecowitt,281727,34,2026-07-24 02:45,78.3,78.3,77.3,97,0.112,0.0,0,0.00,0.00,0.00,0.13,2.93,17.52,0.0,0.0,57,29.88,29.75,,,,
2026-07-24 07:00:02,2026-07-24 07:00:02,ecowitt,281727,35,2026-07-24 02:50,78.3,78.3,77.4,97,0.098,0.0,0,0.00,0.00,0.00,0.13,2.93,17.52,0.0,0.0,57,29.88,29.75,,,,
2026-07-24 07:00:02,2026-07-24 07:00:02,ecowitt,281727,36,2026-07-24 02:55,78.2,78.2,77.3,97,0.098,0.0,0,0.00,0.00,0.00,0.13,2.93,17.52,0.0,0.0,57,29.88,29.75,,,,
2026-07-24 07:00:02,2026-07-24 07:00:02,ecowitt,281727,37,2026-07-24 03:00,78.1,78.1,77.1,97,0.105,0.0,0,0.00,0.00,0.00,0.13,2.93,17.52,0.0,0.0,57,29.88,29.75,,,,
2026-07-24 07:00:02,2026-07-24 07:00:02,ecowitt,281727,38,2026-07-24 03:05,77.9,77.9,76.9,97,0.105,0.0,0,0.00,0.00,0.00,0.13,2.93,17.52,0.0,0.0,57,29.88,29.75,,,,
2026-07-24 07:00:02,2026-07-24 07:00:02,ecowitt,281727,39,2026-07-24 03:10,77.9,77.9,77.0,97,0.098,0.0,0,0.00,0.00,0.00,0.13,2.93,17.52,0.0,0.0,57,29.88,29.75,,,,
2026-07-24 07:00:02,2026-07-24 07:00:02,ecowitt,281727,40,2026-07-24 03:15,77.9,77.9,77.0,97,0.098,0.0,0,0.00,0.00,0.00,0.13,2.93,17.52,0.0,0.0,57,29.88,29.75,,,,
2026-07-24 07:00:02,2026-07-24 07:00:02,ecowitt,281727,41,2026-07-24 03:20,77.7,77.7,76.8,97,0.098,0.0,0,0.00,0.00,0.00,0.13,2.93,17.52,0.0,0.0,57,29.87,29.75,,,,
2026-07-24 07:00:02,2026-07-24 07:00:02,ecowitt,281727,42,2026-07-24 03:25,77.7,77.7,76.8,97,0.098,0.0,0,0.00,0.00,0.00,0.13,2.93,17.52,0.0,0.0,57,29.87,29.74,,,,
2026-07-24 07:00:02,2026-07-24 07:00:02,ecowitt,281727,43,2026-07-24 03:30,77.7,77.7,76.8,97,0.098,0.0,0,0.00,0.00,0.00,0.13,2.93,17.52,0.0,0.0,57,29.87,29.74,,,,
2026-07-24 07:00:02,2026-07-24 07:00:02,ecowitt,281727,44,2026-07-24 03:35,77.6,77.6,76.7,97,0.098,0.0,0,0.00,0.00,0.00,0.13,2.93,17.52,0.0,0.0,57,29.87,29.74,,,,
2026-07-24 07:00:02,2026-07-24 07:00:02,ecowitt,281727,45,2026-07-24 03:40,77.5,77.5,76.6,97,0.098,0.0,0,0.00,0.00,0.00,0.13,2.93,17.52,0.0,0.0,57,29.86,29.74,,,,
2026-07-24 07:00:02,2026-07-24 07:00:02,ecowitt,281727,46,2026-07-24 03:45,77.7,77.7,76.8,97,0.098,0.0,0,0.00,0.00,0.00,0.13,2.93,17.52,0.0,0.0,57,29.86,29.74,,,,
2026-07-24 07:00:02,2026-07-24 07:00:02,ecowitt,281727,47,2026-07-24 03:50,77.7,77.7,76.8,97,0.098,0.0,0,0.00,0.00,0.00,0.13,2.93,17.52,0.0,0.0,57,29.86,29.74,,,,
2026-07-24 07:00:02,2026-07-24 07:00:02,ecowitt,281727,48,2026-07-24 03:55,77.7,77.7,76.8,97,0.098,0.0,0,0.00,0.00,0.00,0.13,2.93,17.52,0.0,0.0,57,29.87,29.74,,,,
2026-07-24 07:00:02,2026-07-24 07:00:02,ecowitt,281727,49,2026-07-24 04:00,77.6,77.6,76.7,97,0.098,0.0,0,0.00,0.00,0.00,0.13,2.93,17.52,0.0,0.0,57,29.86,29.74,,,,
2026-07-24 07:00:02,2026-07-24 07:00:02,ecowitt,281727,50,2026-07-24 04:05,77.6,77.6,76.7,97,0.098,0.0,0,0.00,0.00,0.00,0.13,2.93,17.52,0.0,0.0,57,29.86,29.74,,,,
2026-07-24 07:00:02,2026-07-24 07:00:02,ecowitt,281727,51,2026-07-24 04:10,77.5,77.5,76.6,97,0.098,0.0,0,0.00,0.00,0.00,0.13,2.93,17.52,0.0,0.0,57,29.86,29.73,,,,
2026-07-24 07:00:02,2026-07-24 07:00:02,ecowitt,281727,52,2026-07-24 04:15,77.7,77.7,76.8,97,0.098,0.0,0,0.00,0.00,0.00,0.13,2.93,17.52,0.0,0.0,57,29.85,29.73,,,,
2026-07-24 07:00:02,2026-07-24 07:00:02,ecowitt,281727,53,2026-07-24 04:20,77.5,77.5,76.6,97,0.098,0.0,0,0.00,0.00,0.00,0.13,2.93,17.52,0.0,0.0,57,29.85,29.73,,,,
2026-07-24 07:00:02,2026-07-24 07:00:02,ecowitt,281727,54,2026-07-24 04:25,77.5,77.5,76.6,97,0.098,0.0,0,0.00,0.00,0.00,0.13,2.93,17.52,0.0,0.0,57,29.86,29.73,,,,
2026-07-24 07:00:02,2026-07-24 07:00:02,ecowitt,281727,55,2026-07-24 04:30,77.5,77.5,76.9,98,0.064,0.0,0,0.00,0.00,0.00,0.13,2.93,17.52,0.0,0.0,57,29.86,29.73,,,,
2026-07-24 07:00:02,2026-07-24 07:00:02,ecowitt,281727,56,2026-07-24 04:35,77.5,77.5,76.8,98,0.078,0.0,0,0.00,0.00,0.00,0.13,2.93,17.52,0.0,0.0,57,29.86,29.74,,,,
2026-07-24 07:00:02,2026-07-24 07:00:02,ecowitt,281727,57,2026-07-24 04:40,77.4,77.4,76.8,98,0.064,0.0,0,0.00,0.00,0.00,0.13,2.93,17.52,0.0,0.0,57,29.86,29.74,,,,
2026-07-24 07:00:02,2026-07-24 07:00:02,ecowitt,281727,58,2026-07-24 04:45,77.4,77.4,76.8,98,0.064,0.0,0,0.00,0.00,0.00,0.13,2.93,17.52,0.0,0.0,57,29.86,29.74,,,,
2026-07-24 07:00:02,2026-07-24 07:00:02,ecowitt,281727,59,2026-07-24 04:50,77.4,77.4,76.8,98,0.064,0.0,0,0.00,0.00,0.00,0.13,2.93,17.52,0.0,0.0,57,29.86,29.73,,,,
2026-07-24 07:00:02,2026-07-24 07:00:02,ecowitt,281727,60,2026-07-24 04:55,77.3,77.3,76.7,98,0.064,0.0,0,0.00,0.00,0.00,0.13,2.93,17.52,0.0,0.0,57,29.86,29.73,,,,
2026-07-24 07:00:02,2026-07-24 07:00:02,ecowitt,281727,61,2026-07-24 05:00,77.2,77.2,76.6,98,0.064,0.0,0,0.00,0.00,0.00,0.13,2.93,17.52,0.0,0.0,57,29.86,29.73,,,,
2026-07-24 07:00:02,2026-07-24 07:00:02,ecowitt,281727,62,2026-07-24 05:05,77.2,77.2,76.6,98,0.064,0.0,0,0.00,0.00,0.00,0.13,2.93,17.52,0.0,0.0,57,29.86,29.73,,,,
2026-07-24 07:00:02,2026-07-24 07:00:02,ecowitt,281727,63,2026-07-24 05:10,77.2,77.2,76.6,98,0.064,0.0,0,0.00,0.00,0.00,0.13,2.93,17.52,0.0,0.0,57,29.85,29.73,,,,
2026-07-24 07:00:02,2026-07-24 07:00:02,ecowitt,281727,64,2026-07-24 05:15,77.2,77.2,76.6,98,0.064,0.0,0,0.00,0.00,0.00,0.13,2.93,17.52,0.0,0.0,57,29.86,29.73,,,,
2026-07-24 07:00:02,2026-07-24 07:00:02,ecowitt,281727,65,2026-07-24 05:20,77.1,77.1,76.5,98,0.064,0.0,0,0.00,0.00,0.00,0.13,2.93,17.52,0.0,0.0,57,29.86,29.74,,,,
2026-07-24 07:00:02,2026-07-24 07:00:02,ecowitt,281727,66,2026-07-24 05:25,77.0,77.0,76.4,98,0.064,0.0,0,0.00,0.00,0.00,0.13,2.93,17.52,0.0,0.0,57,29.86,29.73,,,,
2026-07-24 07:00:02,2026-07-24 07:00:02,ecowitt,281727,67,2026-07-24 05:30,77.0,77.0,76.4,98,0.064,0.0,0,0.00,0.00,0.00,0.13,2.93,17.52,0.0,0.0,57,29.86,29.73,,,,
2026-07-24 07:00:02,2026-07-24 07:00:02,ecowitt,281727,68,2026-07-24 05:35,77.0,77.0,76.4,98,0.064,0.0,0,0.00,0.00,0.00,0.13,2.93,17.52,0.0,0.0,57,29.86,29.73,,,,
2026-07-24 07:00:02,2026-07-24 07:00:02,ecowitt,281727,69,2026-07-24 05:40,77.1,77.1,76.5,98,0.064,0.0,0,0.00,0.00,0.00,0.13,2.93,17.52,0.0,0.0,57,29.86,29.73,,,,
2026-07-24 07:00:02,2026-07-24 07:00:02,ecowitt,281727,70,2026-07-24 05:45,77.0,77.0,76.4,98,0.064,1.2,0,0.00,0.00,0.00,0.13,2.93,17.52,0.0,0.0,57,29.86,29.74,,,,
2026-07-24 07:00:02,2026-07-24 07:00:02,ecowitt,281727,71,2026-07-24 05:50,77.0,77.0,76.4,98,0.064,3.9,0,0.00,0.00,0.00,0.13,2.93,17.52,0.0,0.0,57,29.86,29.74,,,,
2026-07-24 07:00:02,2026-07-24 07:00:02,ecowitt,281727,72,2026-07-24 05:55,77.0,77.0,76.4,98,0.064,6.8,0,0.00,0.00,0.00,0.13,2.93,17.52,0.0,0.0,57,29.86,29.74,,,,
2026-07-24 07:00:02,2026-07-24 07:00:02,ecowitt,281727,73,2026-07-24 06:00,77.1,77.1,76.5,98,0.064,10.4,0,0.00,0.00,0.00,0.13,2.93,17.52,0.0,0.0,57,29.86,29.74,,,,
2026-07-24 07:00:02,2026-07-24 07:00:02,ecowitt,281727,74,2026-07-24 06:05,77.2,77.2,76.6,98,0.064,14.0,0,0.00,0.00,0.00,0.13,2.93,17.52,0.0,0.0,57,29.86,29.74,,,,
2026-07-24 07:00:02,2026-07-24 07:00:02,ecowitt,281727,75,2026-07-24 06:10,77.4,77.4,76.8,98,0.064,18.1,0,0.00,0.00,0.00,0.13,2.93,17.52,0.0,0.0,56,29.86,29.73,,,,
2026-07-24 07:00:02,2026-07-24 07:00:02,ecowitt,281727,76,2026-07-24 06:15,77.5,77.5,76.9,98,0.064,21.3,1,0.00,0.00,0.00,0.13,2.93,17.52,0.0,0.0,56,29.86,29.73,,,,
2026-07-24 07:00:02,2026-07-24 07:00:02,ecowitt,281727,77,2026-07-24 06:20,77.8,77.8,77.2,98,0.064,25.5,1,0.00,0.00,0.00,0.13,2.93,17.52,0.0,0.0,56,29.86,29.73,,,,
2026-07-24 07:00:02,2026-07-24 07:00:02,ecowitt,281727,78,2026-07-24 06:25,78.0,78.0,77.4,98,0.064,27.4,1,0.00,0.00,0.00,0.13,2.93,17.52,0.0,0.0,56,29.86,29.74,,,,
2026-07-24 07:00:02,2026-07-24 07:00:02,ecowitt,281727,79,2026-07-24 06:30,78.2,78.2,77.6,98,0.066,30.1,1,0.00,0.00,0.00,0.13,2.93,17.52,0.0,0.0,56,29.86,29.74,,,,
2026-07-24 07:00:02,2026-07-24 07:00:02,ecowitt,281727,80,2026-07-24 06:35,78.5,78.5,77.9,98,0.068,32.6,1,0.00,0.00,0.00,0.13,2.93,17.52,0.0,0.0,56,29.86,29.74,,,,
2026-07-24 07:00:02,2026-07-24 07:00:02,ecowitt,281727,81,2026-07-24 06:40,78.7,78.7,78.1,98,0.068,35.7,1,0.00,0.00,0.00,0.13,2.93,17.52,0.0,0.0,52,29.87,29.74,,,,
2026-07-24 07:00:02,2026-07-24 07:00:02,ecowitt,281727,82,2026-07-24 06:45,79.0,79.0,78.4,98,0.068,38.7,1,0.00,0.00,0.00,0.13,2.93,17.52,0.0,0.0,42,29.87,29.74,,,,
2026-07-24 07:00:02,2026-07-24 07:00:02,ecowitt,281727,83,2026-07-24 06:50,79.2,79.2,78.6,98,0.068,43.1,1,0.00,0.00,0.00,0.13,2.93,17.52,0.0,0.0,37,29.87,29.75,,,,
2026-07-24 07:00:02,2026-07-24 07:00:02,ecowitt,281727,84,2026-07-24 06:55,79.4,79.4,78.8,98,0.068,55.6,1,0.00,0.00,0.00,0.13,2.93,17.52,0.0,0.0,32,29.87,29.75,,,,
2026-07-24 07:00:02,2026-07-24 07:00:02,ecowitt,281727,85,2026-07-24 07:00,79.9,81.3,79.3,98,0.070,54.3,1,0.00,0.00,0.00,0.13,2.93,17.52,0.0,0.0,82,29.87,29.75,,,,
2026-07-24 07:00:02,2026-07-24 07:00:02,ecowitt,281727,86,2026-07-24 07:05,80.3,87.8,79.4,97,0.106,55.9,1,0.00,0.00,0.00,0.13,2.93,17.52,0.0,0.0,86,29.87,29.75,,,,
2026-07-24 07:00:02,2026-07-24 07:00:02,ecowitt,281727,87,2026-07-24 07:10,80.9,89.5,79.7,96,0.144,63.3,1,0.00,0.00,0.00,0.13,2.93,17.52,0.0,0.0,90,29.87,29.75,,,,
2026-07-24 07:00:02,2026-07-24 07:00:02,ecowitt,281727,88,2026-07-24 07:15,81.5,91.0,79.7,95,0.198,115.9,1,0.00,0.00,0.00,0.13,2.93,17.52,0.0,0.0,59,29.88,29.75,,,,
2026-07-24 07:00:02,2026-07-24 07:00:02,ecowitt,281727,89,2026-07-24 07:20,82.4,93.5,80.0,92,0.287,163.9,1,0.00,0.00,0.00,0.13,2.93,17.52,0.3,2.5,94,29.87,29.75,,,,
2026-07-24 07:00:02,2026-07-24 07:00:02,ecowitt,281727,90,2026-07-24 07:25,83.7,96.4,80.0,89,0.441,125.0,1,0.00,0.00,0.00,0.13,2.93,17.52,0.0,0.0,66,29.88,29.75,,,,
2026-07-24 07:00:02,2026-07-24 07:00:02,ecowitt,281727,91,2026-07-24 07:30,84.5,98.1,80.1,87,0.536,105.2,1,0.00,0.00,0.00,0.13,2.93,17.52,0.0,0.0,64,29.87,29.75,,,,
2026-07-24 07:00:02,2026-07-24 07:00:02,ecowitt,281727,92,2026-07-24 07:35,84.7,98.5,80.0,86,0.578,84.8,1,0.00,0.00,0.00,0.13,2.93,17.52,0.0,0.0,72,29.88,29.75,,,,
2026-07-24 07:00:02,2026-07-24 07:00:02,ecowitt,281727,93,2026-07-24 07:40,84.9,99.1,80.1,86,0.590,81.2,1,0.00,0.00,0.00,0.13,2.93,17.52,0.0,0.0,73,29.87,29.75,,,,
2026-07-24 07:00:02,2026-07-24 07:00:02,ecowitt,281727,94,2026-07-24 07:45,84.9,99.1,80.1,85,0.599,104.9,1,0.00,0.00,0.00,0.13,2.93,17.52,0.0,2.5,77,29.88,29.75,,,,
2026-07-24 07:00:02,2026-07-24 07:00:02,ecowitt,281727,95,2026-07-24 07:50,85.2,99.7,80.2,85,0.621,129.9,2,0.00,0.00,0.00,0.13,2.93,17.52,0.0,0.0,89,29.88,29.75,,,,
2026-07-24 07:00:02,2026-07-24 07:00:02,ecowitt,281727,96,2026-07-24 07:55,85.5,100.6,80.4,85,0.635,134.7,2,0.00,0.00,0.00,0.13,2.93,17.52,0.0,2.5,92,29.88,29.76,,,,
2026-07-24 07:00:02,2026-07-24 07:00:02,ecowitt,281727,97,2026-07-24 08:00,85.5,100.6,80.3,84,0.652,179.7,2,0.00,0.00,0.00,0.13,2.93,17.52,0.0,0.0,63,29.88,29.76,,,,
2026-07-24 07:00:02,2026-07-24 07:00:02,ecowitt,281727,98,2026-07-24 08:05,85.6,100.7,80.2,84,0.672,168.6,2,0.00,0.00,0.00,0.13,2.93,17.52,0.0,2.5,106,29.89,29.76,,,,
2026-07-24 07:00:02,2026-07-24 07:00:02,ecowitt,281727,99,2026-07-24 08:10,85.8,101.4,80.4,84,0.675,135.1,2,0.00,0.00,0.00,0.13,2.93,17.52,0.0,0.0,76,29.89,29.77,,,,
2026-07-24 07:00:02,2026-07-24 07:00:02,ecowitt,281727,100,2026-07-24 08:15,85.7,100.9,80.2,84,0.681,136.9,2,0.00,0.00,0.00,0.13,2.93,17.52,0.0,2.5,65,29.89,29.76,,,,
2026-07-24 07:00:02,2026-07-24 07:00:02,ecowitt,281727,101,2026-07-24 08:20,85.7,101.3,80.6,85,0.648,143.8,2,0.00,0.00,0.00,0.13,2.93,17.52,0.0,0.0,34,29.89,29.76,,,,
2026-07-24 07:00:02,2026-07-24 07:00:02,ecowitt,281727,102,2026-07-24 08:25,86.1,102.1,80.6,84,0.689,415.6,3,0.00,0.00,0.00,0.13,2.93,17.52,0.0,2.5,64,29.89,29.76,,,,
2026-07-24 07:00:02,2026-07-24 07:00:02,ecowitt,281727,103,2026-07-24 08:30,86.7,103.8,81.0,83,0.727,193.4,2,0.00,0.00,0.00,0.13,2.93,17.52,0.0,0.0,64,29.89,29.76,,,,
2026-07-24 07:00:02,2026-07-24 07:00:02,ecowitt,281727,104,2026-07-24 08:35,87.3,104.9,81.0,82,0.803,341.6,3,0.00,0.00,0.00,0.13,2.93,17.52,0.0,2.5,69,29.89,29.76,,,,
2026-07-24 07:00:02,2026-07-24 07:00:02,ecowitt,281727,105,2026-07-24 08:40,87.3,104.5,80.8,81,0.840,121.3,2,0.00,0.00,0.00,0.13,2.93,17.52,0.0,0.0,74,29.88,29.76,,,,
2026-07-24 07:00:02,2026-07-24 07:00:02,ecowitt,281727,106,2026-07-24 08:45,86.7,102.9,80.4,82,0.799,277.4,2,0.00,0.00,0.00,0.13,2.93,17.52,0.0,0.0,44,29.89,29.76,,,,
2026-07-24 07:00:02,2026-07-24 07:00:02,ecowitt,281727,107,2026-07-24 08:50,86.7,103.1,80.6,82,0.771,525.8,3,0.00,0.00,0.00,0.13,2.93,17.52,0.0,2.5,81,29.88,29.76,,,,
2026-07-24 07:00:02,2026-07-24 07:00:02,ecowitt,281727,108,2026-07-24 08:55,88.7,108.7,81.7,80,0.928,573.1,4,0.00,0.00,0.00,0.13,2.93,17.52,0.2,2.5,87,29.88,29.76,,,,
2026-07-24 07:00:02,2026-07-24 07:00:02,ecowitt,281727,109,2026-07-24 09:00,90.0,110.0,81.3,76,1.175,245.5,3,0.00,0.00,0.00,0.13,2.93,17.52,0.0,2.5,64,29.88,29.76,,,,
2026-07-24 07:00:02,2026-07-24 07:00:02,ecowitt,281727,110,2026-07-24 09:05,89.8,110.4,81.6,77,1.103,219.1,3,0.07,0.01,0.01,0.14,2.94,17.53,0.2,2.5,308,29.88,29.76,,,,
2026-07-24 07:00:02,2026-07-24 07:00:02,ecowitt,281727,111,2026-07-24 09:10,88.4,108.0,81.6,80,0.899,251.4,3,0.14,0.02,0.02,0.15,2.95,17.54,0.0,0.0,71,29.88,29.76,,,,
2026-07-24 07:00:02,2026-07-24 07:00:02,ecowitt,281727,112,2026-07-24 09:15,87.5,106.2,81.5,83,0.775,201.4,3,0.14,0.02,0.02,0.15,2.95,17.54,0.0,0.0,71,29.89,29.76,,,,
2026-07-24 07:00:02,2026-07-24 07:00:02,ecowitt,281727,113,2026-07-24 09:20,87.0,105.8,81.8,85,0.664,194.4,3,0.07,0.02,0.02,0.15,2.95,17.54,0.0,0.0,67,29.89,29.76,,,,
2026-07-24 07:00:02,2026-07-24 07:00:02,ecowitt,281727,114,2026-07-24 09:25,86.6,105.3,82.0,86,0.597,231.6,2,0.00,0.02,0.02,0.15,2.95,17.54,0.0,0.0,58,29.89,29.76,,,,
2026-07-24 07:00:02,2026-07-24 07:00:02,ecowitt,281727,115,2026-07-24 09:30,86.2,104.0,81.7,86,0.587,69.9,1,0.28,0.07,0.07,0.20,3.00,17.59,0.0,2.5,48,29.89,29.77,,,,
2026-07-24 07:00:02,2026-07-24 07:00:02,ecowitt,281727,116,2026-07-24 09:35,85.0,100.0,80.6,87,0.551,121.6,2,0.57,0.12,0.12,0.25,3.05,17.63,0.1,2.5,46,29.89,29.77,,,,
2026-07-24 07:00:02,2026-07-24 07:00:02,ecowitt,281727,117,2026-07-24 09:40,83.8,97.1,80.3,89,0.435,138.2,2,0.57,0.12,0.12,0.25,3.05,17.63,0.0,0.0,55,29.89,29.76,,,,
2026-07-24 07:00:02,2026-07-24 07:00:02,ecowitt,281727,118,2026-07-24 09:45,83.6,96.9,80.6,91,0.361,147.0,3,0.14,0.12,0.12,0.25,3.05,17.63,0.0,0.0,59,29.89,29.76,,,,
2026-07-24 07:00:02,2026-07-24 07:00:02,ecowitt,281727,119,2026-07-24 09:50,83.7,97.7,81.1,92,0.315,214.6,3,0.00,0.12,0.12,0.25,3.05,17.63,0.0,0.0,62,29.89,29.76,,,,
2026-07-24 07:00:02,2026-07-24 07:00:02,ecowitt,281727,120,2026-07-24 09:55,83.9,98.5,81.3,92,0.326,645.1,6,0.00,0.12,0.12,0.25,3.05,17.63,0.0,0.0,38,29.88,29.76,,,,
2026-07-24 07:00:02,2026-07-24 07:00:02,ecowitt,281727,121,2026-07-24 10:00,85.9,105.6,83.1,91,0.364,793.0,7,0.00,0.00,0.12,0.25,3.05,17.63,0.0,0.0,48,29.88,29.76,,,,
2026-07-24 07:00:02,2026-07-24 07:00:02,ecowitt,281727,122,2026-07-24 10:05,88.2,110.2,83.0,85,0.692,777.2,7,0.00,0.00,0.12,0.25,3.05,17.63,0.3,4.9,41,29.88,29.75,,,,
2026-07-24 07:00:02,2026-07-24 07:00:02,ecowitt,281727,123,2026-07-24 10:10,88.5,108.8,82.0,81,0.863,362.9,4,0.00,0.00,0.12,0.25,3.05,17.63,0.0,0.0,38,29.88,29.76,,,,
2026-07-24 07:00:02,2026-07-24 07:00:02,ecowitt,281727,124,2026-07-24 10:15,86.5,101.8,79.9,81,0.827,34.2,1,0.00,0.00,0.12,0.25,3.05,17.63,0.3,4.9,31,29.89,29.76,,,,
2026-07-24 07:00:02,2026-07-24 07:00:02,ecowitt,281727,125,2026-07-24 10:20,83.6,94.2,78.2,84,0.629,62.1,1,0.00,0.00,0.12,0.25,3.05,17.63,0.0,2.5,78,29.89,29.76,,,,
2026-07-24 07:00:02,2026-07-24 07:00:02,ecowitt,281727,126,2026-07-24 10:25,81.7,89.7,77.5,87,0.473,75.3,1,0.00,0.00,0.12,0.25,3.05,17.63,0.0,2.5,332,29.88,29.76,,,,
2026-07-24 07:00:02,2026-07-24 07:00:02,ecowitt,281727,127,2026-07-24 10:30,80.6,87.3,77.4,90,0.357,85.8,2,0.00,0.00,0.12,0.25,3.05,17.63,1.1,4.9,330,29.88,29.76,,,,
2026-07-24 07:00:02,2026-07-24 07:00:02,ecowitt,281727,128,2026-07-24 10:35,80.0,83.7,77.3,92,0.294,79.0,1,0.07,0.01,0.13,0.26,3.06,17.65,0.0,2.5,337,29.89,29.76,,,,
2026-07-24 07:00:02,2026-07-24 07:00:02,ecowitt,281727,129,2026-07-24 10:40,79.5,79.5,77.2,93,0.248,79.9,1,0.21,0.04,0.15,0.28,3.08,17.67,0.1,2.5,340,29.89,29.76,,,,
2026-07-24 07:00:02,2026-07-24 07:00:02,ecowitt,281727,130,2026-07-24 10:45,79.2,79.2,77.3,94,0.205,73.7,1,0.28,0.06,0.18,0.31,3.11,17.69,0.4,7.6,16,29.89,29.76,,,,
2026-07-24 07:00:02,2026-07-24 07:00:02,ecowitt,281727,131,2026-07-24 10:50,79.1,79.1,77.5,95,0.169,69.1,1,0.28,0.07,0.19,0.32,3.12,17.70,0.3,2.5,306,29.89,29.77,,,,
2026-07-24 07:00:02,2026-07-24 07:00:02,ecowitt,281727,132,2026-07-24 10:55,79.0,79.0,77.4,95,0.169,84.7,1,0.21,0.07,0.19,0.32,3.12,17.70,0.0,0.0,39,29.89,29.77,,,,
2026-07-24 07:00:02,2026-07-24 07:00:02,ecowitt,281727,133,2026-07-24 11:00,79.0,79.0,77.7,96,0.142,88.5,1,0.07,0.01,0.20,0.33,3.13,17.72,0.0,0.0,56,29.89,29.77,,,,
2026-07-24 07:00:02,2026-07-24 07:00:02,ecowitt,281727,134,2026-07-24 11:05,79.1,79.1,77.9,96,0.135,100.8,1,0.07,0.01,0.20,0.33,3.13,17.72,0.0,0.0,36,29.89,29.77,,,,
2026-07-24 07:00:02,2026-07-24 07:00:02,ecowitt,281727,135,2026-07-24 11:10,79.1,79.1,77.9,96,0.135,104.0,2,0.07,0.01,0.20,0.33,3.13,17.72,0.0,2.5,55,29.89,29.76,,,,
2026-07-24 07:00:02,2026-07-24 07:00:02,ecowitt,281727,136,2026-07-24 11:15,79.1,79.1,77.9,96,0.135,82.5,1,0.00,0.01,0.20,0.33,3.13,17.72,0.0,0.0,50,29.88,29.76,,,,
2026-07-24 07:00:02,2026-07-24 07:00:02,ecowitt,281727,137,2026-07-24 11:20,78.7,78.7,77.5,96,0.133,72.3,1,0.00,0.01,0.20,0.33,3.13,17.72,0.0,0.0,45,29.88,29.76,,,,
2026-07-24 07:00:02,2026-07-24 07:00:02,ecowitt,281727,138,2026-07-24 11:25,78.6,78.6,77.4,96,0.132,70.8,1,0.21,0.05,0.24,0.37,3.17,17.75,0.0,0.0,25,29.89,29.76,,,,
2026-07-24 07:00:02,2026-07-24 07:00:02,ecowitt,281727,139,2026-07-24 11:30,78.4,78.4,77.2,96,0.132,69.1,1,0.35,0.07,0.26,0.39,3.19,17.78,0.0,0.0,33,29.89,29.77,,,,
2026-07-24 07:00:02,2026-07-24 07:00:02,ecowitt,281727,140,2026-07-24 11:35,78.5,78.5,77.3,96,0.132,41.2,1,0.64,0.15,0.34,0.47,3.27,17.86,0.0,2.5,16,29.90,29.77,,,,
2026-07-24 07:00:02,2026-07-24 07:00:02,ecowitt,281727,141,2026-07-24 11:40,78.2,78.2,77.0,96,0.132,45.6,1,0.92,0.21,0.40,0.53,3.33,17.92,0.0,0.0,47,29.90,29.77,,,,
2026-07-24 07:00:02,2026-07-24 07:00:02,ecowitt,281727,142,2026-07-24 11:45,78.1,78.1,76.9,96,0.132,42.9,1,0.92,0.24,0.42,0.56,3.35,17.94,0.0,0.0,50,29.90,29.77,,,,
2026-07-24 07:00:02,2026-07-24 07:00:02,ecowitt,281727,143,2026-07-24 11:50,77.7,77.7,76.6,96,0.123,41.4,1,0.35,0.26,0.45,0.58,3.38,17.96,0.0,2.5,285,29.89,29.77,,,,
2026-07-24 07:00:02,2026-07-24 07:00:02,ecowitt,281727,144,2026-07-24 11:55,77.7,77.7,76.8,97,0.098,42.2,1,0.28,0.28,0.47,0.60,3.40,17.99,0.0,0.0,43,29.89,29.77,,,,
2026-07-24 07:00:02,2026-07-24 07:00:02,ecowitt,281727,145,2026-07-24 12:00,77.7,77.7,76.8,97,0.098,56.3,1,0.28,0.01,0.48,0.61,3.41,18.00,0.0,0.0,80,29.88,29.76,,,,
2026-07-24 07:00:02,2026-07-24 07:00:02,ecowitt,281727,146,2026-07-24 12:05,77.9,77.9,77.0,97,0.098,66.4,1,0.21,0.02,0.50,0.63,3.42,18.01,0.0,0.0,45,29.88,29.76,,,,
2026-07-24 07:00:02,2026-07-24 07:00:02,ecowitt,281727,147,2026-07-24 12:10,78.1,78.1,77.2,97,0.098,73.6,1,0.14,0.02,0.50,0.63,3.42,18.01,0.0,0.0,34,29.88,29.75,,,,
2026-07-24 07:00:02,2026-07-24 07:00:02,ecowitt,281727,148,2026-07-24 12:15,78.2,78.2,77.3,97,0.098,79.3,1,0.07,0.04,0.51,0.64,3.44,18.02,0.0,0.0,65,29.87,29.75,,,,
2026-07-24 07:00:02,2026-07-24 07:00:02,ecowitt,281727,149,2026-07-24 12:20,78.3,78.3,77.4,97,0.098,80.1,1,0.07,0.04,0.51,0.64,3.44,18.02,0.0,0.0,54,29.87,29.75,,,,
2026-07-24 07:00:02,2026-07-24 07:00:02,ecowitt,281727,150,2026-07-24 12:25,78.3,78.3,77.4,97,0.098,81.5,1,0.14,0.05,0.52,0.65,3.45,18.04,0.0,0.0,45,29.87,29.75,,,,
2026-07-24 07:00:02,2026-07-24 07:00:02,ecowitt,281727,151,2026-07-24 12:30,78.6,78.6,77.7,97,0.101,82.2,1,0.14,0.06,0.53,0.66,3.46,18.05,0.0,0.0,40,29.87,29.74,,,,
2026-07-24 07:00:02,2026-07-24 07:00:02,ecowitt,281727,152,2026-07-24 12:35,79.0,79.0,78.0,97,0.102,84.3,1,0.14,0.06,0.53,0.66,3.46,18.05,0.0,0.0,32,29.86,29.74,,,,
2026-07-24 07:00:02,2026-07-24 07:00:02,ecowitt,281727,153,2026-07-24 12:40,78.8,78.8,77.9,97,0.102,88.4,1,0.14,0.07,0.54,0.67,3.47,18.06,0.0,0.0,27,29.86,29.74,,,,
2026-07-24 07:00:02,2026-07-24 07:00:02,ecowitt,281727,154,2026-07-24 12:45,78.9,78.9,78.0,97,0.102,95.3,1,0.07,0.07,0.54,0.67,3.47,18.06,0.0,0.0,27,29.86,29.74,,,,
2026-07-24 07:00:02,2026-07-24 07:00:02,ecowitt,281727,155,2026-07-24 12:50,79.0,79.0,78.1,97,0.102,106.7,2,0.07,0.08,0.56,0.69,3.48,18.07,0.0,0.0,348,29.86,29.73,,,,
2026-07-24 07:00:02,2026-07-24 07:00:02,ecowitt,281727,156,2026-07-24 12:55,79.2,79.2,78.3,97,0.102,118.7,2,0.07,0.08,0.56,0.69,3.48,18.07,0.0,0.0,31,29.86,29.73,,,,
2026-07-24 07:00:02,2026-07-24 07:00:02,ecowitt,281727,157,2026-07-24 13:00,79.4,79.4,78.5,97,0.102,133.9,2,0.07,0.00,0.56,0.69,3.48,18.07,0.0,0.0,69,29.85,29.73,,,,
2026-07-24 07:00:02,2026-07-24 07:00:02,ecowitt,281727,158,2026-07-24 13:05,79.7,79.7,78.8,97,0.105,150.8,2,0.07,0.01,0.57,0.70,3.50,18.08,0.0,0.0,46,29.85,29.73,,,,
2026-07-24 07:00:02,2026-07-24 07:00:02,ecowitt,281727,159,2026-07-24 13:10,79.8,79.8,78.9,97,0.105,158.0,2,0.07,0.01,0.57,0.70,3.50,18.08,0.0,0.0,49,29.85,29.72,,,,
2026-07-24 07:00:02,2026-07-24 07:00:02,ecowitt,281727,160,2026-07-24 13:15,80.0,82.7,79.1,97,0.105,172.1,2,0.07,0.01,0.57,0.70,3.50,18.08,0.0,0.0,76,29.84,29.72,,,,
2026-07-24 07:00:02,2026-07-24 07:00:02,ecowitt,281727,161,2026-07-24 13:20,80.2,87.4,79.3,97,0.105,180.1,2,0.00,0.01,0.57,0.70,3.50,18.08,0.0,0.0,61,29.84,29.72,,,,
2026-07-24 07:00:02,2026-07-24 07:00:02,ecowitt,281727,162,2026-07-24 13:25,80.5,88.3,79.5,97,0.114,198.0,2,0.00,0.01,0.57,0.70,3.50,18.08,0.0,0.0,61,29.84,29.72,,,,
2026-07-24 07:00:02,2026-07-24 07:00:02,ecowitt,281727,163,2026-07-24 13:30,80.5,88.0,79.2,96,0.142,202.1,2,0.00,0.01,0.57,0.70,3.50,18.08,0.0,0.0,63,29.84,29.72,,,,
2026-07-24 07:00:02,2026-07-24 07:00:02,ecowitt,281727,164,2026-07-24 13:35,80.8,89.3,79.7,96,0.144,201.6,2,0.00,0.01,0.57,0.70,3.50,18.08,0.0,0.0,71,29.84,29.72,,,,
2026-07-24 07:00:02,2026-07-24 07:00:02,ecowitt,281727,165,2026-07-24 13:40,81.1,90.0,79.5,95,0.183,195.5,2,0.00,0.01,0.57,0.70,3.50,18.08,0.0,0.0,74,29.84,29.71,,,,
2026-07-24 07:00:02,2026-07-24 07:00:02,ecowitt,281727,166,2026-07-24 13:45,81.1,89.8,79.2,94,0.225,208.7,2,0.00,0.01,0.57,0.70,3.50,18.08,0.0,2.5,321,29.83,29.71,,,,
2026-07-24 07:00:02,2026-07-24 07:00:02,ecowitt,281727,167,2026-07-24 13:50,81.1,89.3,78.8,93,0.261,219.9,2,0.00,0.01,0.57,0.70,3.50,18.08,0.1,2.5,352,29.83,29.71,,,,
2026-07-24 07:00:02,2026-07-24 07:00:02,ecowitt,281727,168,2026-07-24 13:55,,,,,,,,,,,,,,,,,,,,,,
2026-07-24 07:00:02,2026-07-24 07:00:02,ecowitt,281727,169,2026-07-24 14:00,,,,,,,,,,,,,,,,,,,,,,
2026-07-24 07:00:02,2026-07-24 07:00:02,ecowitt,281727,170,2026-07-24 14:05,,,,,,,,,,,,,,,,,,,,,,
2026-07-24 07:00:02,2026-07-24 07:00:02,ecowitt,281727,171,2026-07-24 14:10,,,,,,,,,,,,,,,,,,,,,,
2026-07-24 07:00:02,2026-07-24 07:00:02,ecowitt,281727,172,2026-07-24 14:15,,,,,,,,,,,,,,,,,,,,,,
2026-07-24 07:00:02,2026-07-24 07:00:02,ecowitt,281727,173,2026-07-24 14:20,,,,,,,,,,,,,,,,,,,,,,
2026-07-24 07:00:02,2026-07-24 07:00:02,ecowitt,281727,174,2026-07-24 14:25,,,,,,,,,,,,,,,,,,,,,,
2026-07-24 07:00:02,2026-07-24 07:00:02,ecowitt,281727,175,2026-07-24 14:30,,,,,,,,,,,,,,,,,,,,,,
2026-07-24 07:00:02,2026-07-24 07:00:02,ecowitt,281727,176,2026-07-24 14:35,,,,,,,,,,,,,,,,,,,,,,
2026-07-24 07:00:02,2026-07-24 07:00:02,ecowitt,281727,177,2026-07-24 14:40,,,,,,,,,,,,,,,,,,,,,,
2026-07-24 07:00:02,2026-07-24 07:00:02,ecowitt,281727,178,2026-07-24 14:45,,,,,,,,,,,,,,,,,,,,,,
2026-07-24 07:00:02,2026-07-24 07:00:02,ecowitt,281727,179,2026-07-24 14:50,,,,,,,,,,,,,,,,,,,,,,
2026-07-24 07:00:02,2026-07-24 07:00:02,ecowitt,281727,180,2026-07-24 14:55,,,,,,,,,,,,,,,,,,,,,,
2026-07-24 07:00:02,2026-07-24 07:00:02,ecowitt,281727,181,2026-07-24 15:00,,,,,,,,,,,,,,,,,,,,,,
2026-07-24 07:00:02,2026-07-24 07:00:02,ecowitt,281727,182,2026-07-24 15:05,,,,,,,,,,,,,,,,,,,,,,
2026-07-24 07:00:02,2026-07-24 07:00:02,ecowitt,281727,183,2026-07-24 15:10,,,,,,,,,,,,,,,,,,,,,,
2026-07-24 07:00:02,2026-07-24 07:00:02,ecowitt,281727,184,2026-07-24 15:15,,,,,,,,,,,,,,,,,,,,,,
2026-07-24 07:00:02,2026-07-24 07:00:02,ecowitt,281727,185,2026-07-24 15:20,,,,,,,,,,,,,,,,,,,,,,
2026-07-24 07:00:02,2026-07-24 07:00:02,ecowitt,281727,186,2026-07-24 15:25,,,,,,,,,,,,,,,,,,,,,,
2026-07-24 07:00:02,2026-07-24 07:00:02,ecowitt,281727,187,2026-07-24 15:30,,,,,,,,,,,,,,,,,,,,,,
2026-07-24 07:00:02,2026-07-24 07:00:02,ecowitt,281727,188,2026-07-24 15:35,,,,,,,,,,,,,,,,,,,,,,
2026-07-24 07:00:02,2026-07-24 07:00:02,ecowitt,281727,189,2026-07-24 15:40,,,,,,,,,,,,,,,,,,,,,,
2026-07-24 07:00:02,2026-07-24 07:00:02,ecowitt,281727,190,2026-07-24 15:45,,,,,,,,,,,,,,,,,,,,,,
2026-07-24 07:00:02,2026-07-24 07:00:02,ecowitt,281727,191,2026-07-24 15:50,,,,,,,,,,,,,,,,,,,,,,
2026-07-24 07:00:02,2026-07-24 07:00:02,ecowitt,281727,192,2026-07-24 15:55,,,,,,,,,,,,,,,,,,,,,,
2026-07-24 07:00:02,2026-07-24 07:00:02,ecowitt,281727,193,2026-07-24 16:00,,,,,,,,,,,,,,,,,,,,,,
2026-07-24 07:00:02,2026-07-24 07:00:02,ecowitt,281727,194,2026-07-24 16:05,,,,,,,,,,,,,,,,,,,,,,
2026-07-24 07:00:02,2026-07-24 07:00:02,ecowitt,281727,195,2026-07-24 16:10,,,,,,,,,,,,,,,,,,,,,,
2026-07-24 07:00:02,2026-07-24 07:00:02,ecowitt,281727,196,2026-07-24 16:15,,,,,,,,,,,,,,,,,,,,,,
2026-07-24 07:00:02,2026-07-24 07:00:02,ecowitt,281727,197,2026-07-24 16:20,,,,,,,,,,,,,,,,,,,,,,
2026-07-24 07:00:02,2026-07-24 07:00:02,ecowitt,281727,198,2026-07-24 16:25,,,,,,,,,,,,,,,,,,,,,,
2026-07-24 07:00:02,2026-07-24 07:00:02,ecowitt,281727,199,2026-07-24 16:30,,,,,,,,,,,,,,,,,,,,,,
2026-07-24 07:00:02,2026-07-24 07:00:02,ecowitt,281727,200,2026-07-24 16:35,,,,,,,,,,,,,,,,,,,,,,
2026-07-24 07:00:02,2026-07-24 07:00:02,ecowitt,281727,201,2026-07-24 16:40,,,,,,,,,,,,,,,,,,,,,,
2026-07-24 07:00:02,2026-07-24 07:00:02,ecowitt,281727,202,2026-07-24 16:45,,,,,,,,,,,,,,,,,,,,,,
2026-07-24 07:00:02,2026-07-24 07:00:02,ecowitt,281727,203,2026-07-24 16:50,,,,,,,,,,,,,,,,,,,,,,
2026-07-24 07:00:02,2026-07-24 07:00:02,ecowitt,281727,204,2026-07-24 16:55,,,,,,,,,,,,,,,,,,,,,,
2026-07-24 07:00:02,2026-07-24 07:00:02,ecowitt,281727,205,2026-07-24 17:00,,,,,,,,,,,,,,,,,,,,,,
2026-07-24 07:00:02,2026-07-24 07:00:02,ecowitt,281727,206,2026-07-24 17:05,,,,,,,,,,,,,,,,,,,,,,
2026-07-24 07:00:02,2026-07-24 07:00:02,ecowitt,281727,207,2026-07-24 17:10,,,,,,,,,,,,,,,,,,,,,,
2026-07-24 07:00:02,2026-07-24 07:00:02,ecowitt,281727,208,2026-07-24 17:15,,,,,,,,,,,,,,,,,,,,,,
2026-07-24 07:00:02,2026-07-24 07:00:02,ecowitt,281727,209,2026-07-24 17:20,,,,,,,,,,,,,,,,,,,,,,
2026-07-24 07:00:02,2026-07-24 07:00:02,ecowitt,281727,210,2026-07-24 17:25,,,,,,,,,,,,,,,,,,,,,,
2026-07-24 07:00:02,2026-07-24 07:00:02,ecowitt,281727,211,2026-07-24 17:30,,,,,,,,,,,,,,,,,,,,,,
2026-07-24 07:00:02,2026-07-24 07:00:02,ecowitt,281727,212,2026-07-24 17:35,,,,,,,,,,,,,,,,,,,,,,
2026-07-24 07:00:02,2026-07-24 07:00:02,ecowitt,281727,213,2026-07-24 17:40,,,,,,,,,,,,,,,,,,,,,,
2026-07-24 07:00:02,2026-07-24 07:00:02,ecowitt,281727,214,2026-07-24 17:45,,,,,,,,,,,,,,,,,,,,,,
2026-07-24 07:00:02,2026-07-24 07:00:02,ecowitt,281727,215,2026-07-24 17:50,,,,,,,,,,,,,,,,,,,,,,
2026-07-24 07:00:02,2026-07-24 07:00:02,ecowitt,281727,216,2026-07-24 17:55,,,,,,,,,,,,,,,,,,,,,,
2026-07-24 07:00:02,2026-07-24 07:00:02,ecowitt,281727,217,2026-07-24 18:00,,,,,,,,,,,,,,,,,,,,,,
2026-07-24 07:00:02,2026-07-24 07:00:02,ecowitt,281727,218,2026-07-24 18:05,,,,,,,,,,,,,,,,,,,,,,
2026-07-24 07:00:02,2026-07-24 07:00:02,ecowitt,281727,219,2026-07-24 18:10,,,,,,,,,,,,,,,,,,,,,,
2026-07-24 07:00:02,2026-07-24 07:00:02,ecowitt,281727,220,2026-07-24 18:15,,,,,,,,,,,,,,,,,,,,,,
2026-07-24 07:00:02,2026-07-24 07:00:02,ecowitt,281727,221,2026-07-24 18:20,,,,,,,,,,,,,,,,,,,,,,
2026-07-24 07:00:02,2026-07-24 07:00:02,ecowitt,281727,222,2026-07-24 18:25,,,,,,,,,,,,,,,,,,,,,,
2026-07-24 07:00:02,2026-07-24 07:00:02,ecowitt,281727,223,2026-07-24 18:30,,,,,,,,,,,,,,,,,,,,,,
2026-07-24 07:00:02,2026-07-24 07:00:02,ecowitt,281727,224,2026-07-24 18:35,,,,,,,,,,,,,,,,,,,,,,
2026-07-24 07:00:02,2026-07-24 07:00:02,ecowitt,281727,225,2026-07-24 18:40,,,,,,,,,,,,,,,,,,,,,,
2026-07-24 07:00:02,2026-07-24 07:00:02,ecowitt,281727,226,2026-07-24 18:45,,,,,,,,,,,,,,,,,,,,,,
2026-07-24 07:00:02,2026-07-24 07:00:02,ecowitt,281727,227,2026-07-24 18:50,,,,,,,,,,,,,,,,,,,,,,
2026-07-24 07:00:02,2026-07-24 07:00:02,ecowitt,281727,228,2026-07-24 18:55,,,,,,,,,,,,,,,,,,,,,,
2026-07-24 07:00:02,2026-07-24 07:00:02,ecowitt,281727,229,2026-07-24 19:00,,,,,,,,,,,,,,,,,,,,,,
2026-07-24 07:00:02,2026-07-24 07:00:02,ecowitt,281727,230,2026-07-24 19:05,,,,,,,,,,,,,,,,,,,,,,
2026-07-24 07:00:02,2026-07-24 07:00:02,ecowitt,281727,231,2026-07-24 19:10,,,,,,,,,,,,,,,,,,,,,,
2026-07-24 07:00:02,2026-07-24 07:00:02,ecowitt,281727,232,2026-07-24 19:15,,,,,,,,,,,,,,,,,,,,,,
2026-07-24 07:00:02,2026-07-24 07:00:02,ecowitt,281727,233,2026-07-24 19:20,,,,,,,,,,,,,,,,,,,,,,
2026-07-24 07:00:02,2026-07-24 07:00:02,ecowitt,281727,234,2026-07-24 19:25,,,,,,,,,,,,,,,,,,,,,,
2026-07-24 07:00:02,2026-07-24 07:00:02,ecowitt,281727,235,2026-07-24 19:30,,,,,,,,,,,,,,,,,,,,,,
2026-07-24 07:00:02,2026-07-24 07:00:02,ecowitt,281727,236,2026-07-24 19:35,,,,,,,,,,,,,,,,,,,,,,
2026-07-24 07:00:02,2026-07-24 07:00:02,ecowitt,281727,237,2026-07-24 19:40,,,,,,,,,,,,,,,,,,,,,,
2026-07-24 07:00:02,2026-07-24 07:00:02,ecowitt,281727,238,2026-07-24 19:45,,,,,,,,,,,,,,,,,,,,,,
2026-07-24 07:00:02,2026-07-24 07:00:02,ecowitt,281727,239,2026-07-24 19:50,,,,,,,,,,,,,,,,,,,,,,
2026-07-24 07:00:02,2026-07-24 07:00:02,ecowitt,281727,240,2026-07-24 19:55,,,,,,,,,,,,,,,,,,,,,,
2026-07-24 07:00:02,2026-07-24 07:00:02,ecowitt,281727,241,2026-07-24 20:00,,,,,,,,,,,,,,,,,,,,,,
2026-07-24 07:00:02,2026-07-24 07:00:02,ecowitt,281727,242,2026-07-24 20:05,,,,,,,,,,,,,,,,,,,,,,
2026-07-24 07:00:02,2026-07-24 07:00:02,ecowitt,281727,243,2026-07-24 20:10,,,,,,,,,,,,,,,,,,,,,,
2026-07-24 07:00:02,2026-07-24 07:00:02,ecowitt,281727,244,2026-07-24 20:15,,,,,,,,,,,,,,,,,,,,,,
2026-07-24 07:00:02,2026-07-24 07:00:02,ecowitt,281727,245,2026-07-24 20:20,,,,,,,,,,,,,,,,,,,,,,
2026-07-24 07:00:02,2026-07-24 07:00:02,ecowitt,281727,246,2026-07-24 20:25,,,,,,,,,,,,,,,,,,,,,,
2026-07-24 07:00:02,2026-07-24 07:00:02,ecowitt,281727,247,2026-07-24 20:30,,,,,,,,,,,,,,,,,,,,,,
2026-07-24 07:00:02,2026-07-24 07:00:02,ecowitt,281727,248,2026-07-24 20:35,,,,,,,,,,,,,,,,,,,,,,
2026-07-24 07:00:02,2026-07-24 07:00:02,ecowitt,281727,249,2026-07-24 20:40,,,,,,,,,,,,,,,,,,,,,,
2026-07-24 07:00:02,2026-07-24 07:00:02,ecowitt,281727,250,2026-07-24 20:45,,,,,,,,,,,,,,,,,,,,,,
2026-07-24 07:00:02,2026-07-24 07:00:02,ecowitt,281727,251,2026-07-24 20:50,,,,,,,,,,,,,,,,,,,,,,
2026-07-24 07:00:02,2026-07-24 07:00:02,ecowitt,281727,252,2026-07-24 20:55,,,,,,,,,,,,,,,,,,,,,,
2026-07-24 07:00:02,2026-07-24 07:00:02,ecowitt,281727,253,2026-07-24 21:00,,,,,,,,,,,,,,,,,,,,,,
2026-07-24 07:00:02,2026-07-24 07:00:02,ecowitt,281727,254,2026-07-24 21:05,,,,,,,,,,,,,,,,,,,,,,
2026-07-24 07:00:02,2026-07-24 07:00:02,ecowitt,281727,255,2026-07-24 21:10,,,,,,,,,,,,,,,,,,,,,,
2026-07-24 07:00:02,2026-07-24 07:00:02,ecowitt,281727,256,2026-07-24 21:15,,,,,,,,,,,,,,,,,,,,,,
2026-07-24 07:00:02,2026-07-24 07:00:02,ecowitt,281727,257,2026-07-24 21:20,,,,,,,,,,,,,,,,,,,,,,
2026-07-24 07:00:02,2026-07-24 07:00:02,ecowitt,281727,258,2026-07-24 21:25,,,,,,,,,,,,,,,,,,,,,,
2026-07-24 07:00:02,2026-07-24 07:00:02,ecowitt,281727,259,2026-07-24 21:30,,,,,,,,,,,,,,,,,,,,,,
2026-07-24 07:00:02,2026-07-24 07:00:02,ecowitt,281727,260,2026-07-24 21:35,,,,,,,,,,,,,,,,,,,,,,
2026-07-24 07:00:02,2026-07-24 07:00:02,ecowitt,281727,261,2026-07-24 21:40,,,,,,,,,,,,,,,,,,,,,,
2026-07-24 07:00:02,2026-07-24 07:00:02,ecowitt,281727,262,2026-07-24 21:45,,,,,,,,,,,,,,,,,,,,,,
2026-07-24 07:00:02,2026-07-24 07:00:02,ecowitt,281727,263,2026-07-24 21:50,,,,,,,,,,,,,,,,,,,,,,
2026-07-24 07:00:02,2026-07-24 07:00:02,ecowitt,281727,264,2026-07-24 21:55,,,,,,,,,,,,,,,,,,,,,,
2026-07-24 07:00:02,2026-07-24 07:00:02,ecowitt,281727,265,2026-07-24 22:00,,,,,,,,,,,,,,,,,,,,,,
2026-07-24 07:00:02,2026-07-24 07:00:02,ecowitt,281727,266,2026-07-24 22:05,,,,,,,,,,,,,,,,,,,,,,
2026-07-24 07:00:02,2026-07-24 07:00:02,ecowitt,281727,267,2026-07-24 22:10,,,,,,,,,,,,,,,,,,,,,,
2026-07-24 07:00:02,2026-07-24 07:00:02,ecowitt,281727,268,2026-07-24 22:15,,,,,,,,,,,,,,,,,,,,,,
2026-07-24 07:00:02,2026-07-24 07:00:02,ecowitt,281727,269,2026-07-24 22:20,,,,,,,,,,,,,,,,,,,,,,
2026-07-24 07:00:02,2026-07-24 07:00:02,ecowitt,281727,270,2026-07-24 22:25,,,,,,,,,,,,,,,,,,,,,,
2026-07-24 07:00:02,2026-07-24 07:00:02,ecowitt,281727,271,2026-07-24 22:30,,,,,,,,,,,,,,,,,,,,,,
2026-07-24 07:00:02,2026-07-24 07:00:02,ecowitt,281727,272,2026-07-24 22:35,,,,,,,,,,,,,,,,,,,,,,
2026-07-24 07:00:02,2026-07-24 07:00:02,ecowitt,281727,273,2026-07-24 22:40,,,,,,,,,,,,,,,,,,,,,,
2026-07-24 07:00:02,2026-07-24 07:00:02,ecowitt,281727,274,2026-07-24 22:45,,,,,,,,,,,,,,,,,,,,,,
2026-07-24 07:00:02,2026-07-24 07:00:02,ecowitt,281727,275,2026-07-24 22:50,,,,,,,,,,,,,,,,,,,,,,
2026-07-24 07:00:02,2026-07-24 07:00:02,ecowitt,281727,276,2026-07-24 22:55,,,,,,,,,,,,,,,,,,,,,,
2026-07-24 07:00:02,2026-07-24 07:00:02,ecowitt,281727,277,2026-07-24 23:00,,,,,,,,,,,,,,,,,,,,,,
2026-07-24 07:00:02,2026-07-24 07:00:02,ecowitt,281727,278,2026-07-24 23:05,,,,,,,,,,,,,,,,,,,,,,
2026-07-24 07:00:02,2026-07-24 07:00:02,ecowitt,281727,279,2026-07-24 23:10,,,,,,,,,,,,,,,,,,,,,,
2026-07-24 07:00:02,2026-07-24 07:00:02,ecowitt,281727,280,2026-07-24 23:15,,,,,,,,,,,,,,,,,,,,,,
2026-07-24 07:00:02,2026-07-24 07:00:02,ecowitt,281727,281,2026-07-24 23:20,,,,,,,,,,,,,,,,,,,,,,
2026-07-24 07:00:02,2026-07-24 07:00:02,ecowitt,281727,282,2026-07-24 23:25,,,,,,,,,,,,,,,,,,,,,,
2026-07-24 07:00:02,2026-07-24 07:00:02,ecowitt,281727,283,2026-07-24 23:30,,,,,,,,,,,,,,,,,,,,,,
2026-07-24 07:00:02,2026-07-24 07:00:02,ecowitt,281727,284,2026-07-24 23:35,,,,,,,,,,,,,,,,,,,,,,
2026-07-24 07:00:02,2026-07-24 07:00:02,ecowitt,281727,285,2026-07-24 23:40,,,,,,,,,,,,,,,,,,,,,,
2026-07-24 07:00:02,2026-07-24 07:00:02,ecowitt,281727,286,2026-07-24 23:45,,,,,,,,,,,,,,,,,,,,,,
2026-07-24 07:00:02,2026-07-24 07:00:02,ecowitt,281727,287,2026-07-24 23:50,,,,,,,,,,,,,,,,,,,,,,
2026-07-24 07:00:02,2026-07-24 07:00:02,ecowitt,281727,288,2026-07-24 23:55,,,,,,,,,,,,,,,,,,,,,,
2026-07-24 07:00:02,2026-07-24 07:00:02,ecowitt,281727,289,2026-07-24 23:59,,,,,,,,,,,,,,,,,,,,,,
2026-07-24 07:00:02,2026-07-24 07:00:02,ecowitt,323414,1,2026-07-24 00:00,,,,,,,,,,,,,,,,,,,,,,
2026-07-24 07:00:02,2026-07-24 07:00:02,ecowitt,323414,2,2026-07-24 00:05,,,,,,,,,,,,,,,,,,,,,,
2026-07-24 07:00:02,2026-07-24 07:00:02,ecowitt,323414,3,2026-07-24 00:10,,,,,,,,,,,,,,,,,,,,,,
2026-07-24 07:00:02,2026-07-24 07:00:02,ecowitt,323414,4,2026-07-24 00:15,,,,,,,,,,,,,,,,,,,,,,
2026-07-24 07:00:02,2026-07-24 07:00:02,ecowitt,323414,5,2026-07-24 00:20,,,,,,,,,,,,,,,,,,,,,,
2026-07-24 07:00:02,2026-07-24 07:00:02,ecowitt,323414,6,2026-07-24 00:25,,,,,,,,,,,,,,,,,,,,,,
2026-07-24 07:00:02,2026-07-24 07:00:02,ecowitt,323414,7,2026-07-24 00:30,,,,,,,,,,,,,,,,,,,,,,
2026-07-24 07:00:02,2026-07-24 07:00:02,ecowitt,323414,8,2026-07-24 00:35,,,,,,,,,,,,,,,,,,,,,,
2026-07-24 07:00:02,2026-07-24 07:00:02,ecowitt,323414,9,2026-07-24 00:40,,,,,,,,,,,,,,,,,,,,,,
2026-07-24 07:00:02,2026-07-24 07:00:02,ecowitt,323414,10,2026-07-24 00:45,,,,,,,,,,,,,,,,,,,,,,
2026-07-24 07:00:02,2026-07-24 07:00:02,ecowitt,323414,11,2026-07-24 00:50,,,,,,,,,,,,,,,,,,,,,,
2026-07-24 07:00:02,2026-07-24 07:00:02,ecowitt,323414,12,2026-07-24 00:55,,,,,,,,,,,,,,,,,,,,,,
2026-07-24 07:00:02,2026-07-24 07:00:02,ecowitt,323414,13,2026-07-24 01:00,,,,,,,,,,,,,,,,,,,,,,
2026-07-24 07:00:02,2026-07-24 07:00:02,ecowitt,323414,14,2026-07-24 01:05,,,,,,,,,,,,,,,,,,,,,,
2026-07-24 07:00:02,2026-07-24 07:00:02,ecowitt,323414,15,2026-07-24 01:10,,,,,,,,,,,,,,,,,,,,,,
2026-07-24 07:00:02,2026-07-24 07:00:02,ecowitt,323414,16,2026-07-24 01:15,,,,,,,,,,,,,,,,,,,,,,
2026-07-24 07:00:02,2026-07-24 07:00:02,ecowitt,323414,17,2026-07-24 01:20,,,,,,,,,,,,,,,,,,,,,,
2026-07-24 07:00:02,2026-07-24 07:00:02,ecowitt,323414,18,2026-07-24 01:25,,,,,,,,,,,,,,,,,,,,,,
2026-07-24 07:00:02,2026-07-24 07:00:02,ecowitt,323414,19,2026-07-24 01:30,,,,,,,,,,,,,,,,,,,,,,
2026-07-24 07:00:02,2026-07-24 07:00:02,ecowitt,323414,20,2026-07-24 01:35,,,,,,,,,,,,,,,,,,,,,,
2026-07-24 07:00:02,2026-07-24 07:00:02,ecowitt,323414,21,2026-07-24 01:40,77.7,77.7,76.8,97,0.098,0.0,0,0.00,0.00,0.00,0.37,1.58,12.26,0.0,0.0,236,29.89,29.77,81.5,87.8,75.1,81
2026-07-24 07:00:02,2026-07-24 07:00:02,ecowitt,323414,22,2026-07-24 01:45,77.7,77.7,76.8,97,0.098,0.0,0,0.00,0.00,0.00,0.37,1.58,12.26,0.0,0.0,236,29.89,29.77,81.5,88.0,75.5,82
2026-07-24 07:00:02,2026-07-24 07:00:02,ecowitt,323414,23,2026-07-24 01:50,77.7,77.7,76.8,97,0.098,0.0,0,0.00,0.00,0.00,0.37,1.58,12.26,0.0,0.0,236,29.89,29.77,81.3,87.5,75.3,82
2026-07-24 07:00:02,2026-07-24 07:00:02,ecowitt,323414,24,2026-07-24 01:55,77.5,77.5,76.6,97,0.098,0.0,0,0.00,0.00,0.00,0.37,1.58,12.26,0.0,0.0,236,29.89,29.77,81.4,87.8,75.4,82
2026-07-24 07:00:02,2026-07-24 07:00:02,ecowitt,323414,25,2026-07-24 02:00,77.5,77.5,76.7,97,0.098,0.0,0,0.00,0.00,0.00,0.37,1.58,12.26,0.0,0.0,236,29.89,29.77,81.4,87.8,75.4,82
2026-07-24 07:00:02,2026-07-24 07:00:02,ecowitt,323414,26,2026-07-24 02:05,77.7,77.7,76.8,97,0.098,0.0,0,0.00,0.00,0.00,0.37,1.58,12.26,0.0,0.0,236,29.89,29.77,81.5,88.0,75.5,82
2026-07-24 07:00:02,2026-07-24 07:00:02,ecowitt,323414,27,2026-07-24 02:10,77.5,77.5,76.6,97,0.098,0.0,0,0.00,0.00,0.00,0.37,1.58,12.26,0.0,0.0,236,29.89,29.77,81.5,88.0,75.5,82
2026-07-24 07:00:02,2026-07-24 07:00:02,ecowitt,323414,28,2026-07-24 02:15,77.5,77.5,76.6,97,0.098,0.0,0,0.00,0.00,0.00,0.37,1.58,12.26,0.0,0.0,236,29.88,29.76,81.5,87.9,75.5,82
2026-07-24 07:00:02,2026-07-24 07:00:02,ecowitt,323414,29,2026-07-24 02:20,77.5,77.5,76.6,97,0.098,0.0,0,0.00,0.00,0.00,0.37,1.58,12.26,0.0,0.0,236,29.88,29.76,81.3,87.6,75.3,82
2026-07-24 07:00:02,2026-07-24 07:00:02,ecowitt,323414,30,2026-07-24 02:25,77.5,77.5,76.6,97,0.098,0.0,0,0.00,0.00,0.00,0.37,1.58,12.26,0.0,0.0,236,29.88,29.76,81.3,87.5,75.3,82
2026-07-24 07:00:02,2026-07-24 07:00:02,ecowitt,323414,31,2026-07-24 02:30,77.5,77.5,76.6,97,0.098,0.0,0,0.00,0.00,0.00,0.37,1.58,12.26,0.0,0.0,236,29.88,29.76,81.2,87.3,75.2,82
2026-07-24 07:00:02,2026-07-24 07:00:02,ecowitt,323414,32,2026-07-24 02:35,77.5,77.5,76.6,97,0.098,0.0,0,0.00,0.00,0.00,0.37,1.58,12.26,0.0,0.0,236,29.88,29.76,81.1,87.2,75.1,82
2026-07-24 07:00:02,2026-07-24 07:00:02,ecowitt,323414,33,2026-07-24 02:40,77.5,77.5,76.7,97,0.098,0.0,0,0.00,0.00,0.00,0.37,1.58,12.26,0.0,0.0,236,29.88,29.76,81.2,87.3,75.2,82
2026-07-24 07:00:02,2026-07-24 07:00:02,ecowitt,323414,34,2026-07-24 02:45,77.5,77.5,76.6,97,0.098,0.0,0,0.00,0.00,0.00,0.37,1.58,12.26,0.0,0.0,236,29.88,29.76,81.2,87.3,75.2,82
2026-07-24 07:00:02,2026-07-24 07:00:02,ecowitt,323414,35,2026-07-24 02:50,77.5,77.5,76.6,97,0.098,0.0,0,0.00,0.00,0.00,0.37,1.58,12.26,0.0,0.0,236,29.88,29.76,81.1,87.2,75.1,82
2026-07-24 07:00:02,2026-07-24 07:00:02,ecowitt,323414,36,2026-07-24 02:55,77.5,77.5,76.6,97,0.098,0.0,0,0.00,0.00,0.00,0.37,1.58,12.26,0.0,0.0,236,29.88,29.76,81.2,87.3,75.2,82
2026-07-24 07:00:02,2026-07-24 07:00:02,ecowitt,323414,37,2026-07-24 03:00,77.5,77.5,76.6,97,0.098,0.0,0,0.00,0.00,0.00,0.37,1.58,12.26,0.0,0.0,233,29.88,29.75,81.1,87.2,75.1,82
2026-07-24 07:00:02,2026-07-24 07:00:02,ecowitt,323414,38,2026-07-24 03:05,77.5,77.5,76.6,97,0.098,0.0,0,0.00,0.00,0.00,0.37,1.58,12.26,0.0,0.0,228,29.88,29.75,81.1,87.1,75.1,82
2026-07-24 07:00:02,2026-07-24 07:00:02,ecowitt,323414,39,2026-07-24 03:10,77.5,77.5,76.6,97,0.098,0.0,0,0.00,0.00,0.00,0.37,1.58,12.26,0.0,0.0,230,29.88,29.75,81.0,87.0,75.3,83
2026-07-24 07:00:02,2026-07-24 07:00:02,ecowitt,323414,40,2026-07-24 03:15,77.5,77.5,76.6,97,0.098,0.0,0,0.00,0.00,0.00,0.37,1.58,12.26,0.0,0.0,230,29.87,29.75,81.0,87.0,75.3,83
2026-07-24 07:00:02,2026-07-24 07:00:02,ecowitt,323414,41,2026-07-24 03:20,77.5,77.5,76.6,97,0.098,0.0,0,0.00,0.00,0.00,0.37,1.58,12.26,0.0,0.0,230,29.87,29.75,81.0,87.0,75.4,83
2026-07-24 07:00:02,2026-07-24 07:00:02,ecowitt,323414,42,2026-07-24 03:25,77.5,77.5,76.6,97,0.098,0.0,0,0.00,0.00,0.00,0.37,1.58,12.26,0.0,0.0,224,29.87,29.75,81.0,87.0,75.4,83
2026-07-24 07:00:02,2026-07-24 07:00:02,ecowitt,323414,43,2026-07-24 03:30,77.5,77.5,76.6,97,0.098,0.0,0,0.00,0.00,0.00,0.37,1.58,12.26,0.0,0.0,219,29.87,29.75,81.0,86.9,75.2,83
2026-07-24 07:00:02,2026-07-24 07:00:02,ecowitt,323414,44,2026-07-24 03:35,77.5,77.5,76.6,97,0.097,0.0,0,0.00,0.00,0.00,0.37,1.58,12.26,0.0,0.0,219,29.87,29.75,81.0,86.8,75.0,82
2026-07-24 07:00:02,2026-07-24 07:00:02,ecowitt,323414,45,2026-07-24 03:40,77.4,77.4,76.5,97,0.095,0.0,0,0.00,0.00,0.00,0.37,1.58,12.26,0.0,0.0,225,29.87,29.75,81.0,86.8,75.0,82
2026-07-24 07:00:02,2026-07-24 07:00:02,ecowitt,323414,46,2026-07-24 03:45,77.3,77.3,76.4,97,0.095,0.0,0,0.00,0.00,0.00,0.37,1.58,12.26,0.0,0.0,225,29.87,29.75,81.0,86.8,75.0,82
2026-07-24 07:00:02,2026-07-24 07:00:02,ecowitt,323414,47,2026-07-24 03:50,77.2,77.2,76.3,97,0.095,0.0,0,0.00,0.00,0.00,0.37,1.58,12.26,0.0,0.0,225,29.87,29.75,80.8,86.4,75.0,83
2026-07-24 07:00:02,2026-07-24 07:00:02,ecowitt,323414,48,2026-07-24 03:55,77.2,77.2,76.3,97,0.095,0.0,0,0.00,0.00,0.00,0.37,1.58,12.26,0.0,0.0,225,29.87,29.75,80.8,86.5,75.2,83
2026-07-24 07:00:02,2026-07-24 07:00:02,ecowitt,323414,49,2026-07-24 04:00,77.2,77.2,76.3,97,0.095,0.0,0,0.00,0.00,0.00,0.37,1.58,12.26,0.0,0.0,225,29.87,29.75,80.8,86.5,75.2,83
2026-07-24 07:00:02,2026-07-24 07:00:02,ecowitt,323414,50,2026-07-24 04:05,77.2,77.2,76.3,97,0.095,0.0,0,0.00,0.00,0.00,0.37,1.58,12.26,0.0,0.0,225,29.86,29.74,80.8,86.5,75.2,83
2026-07-24 07:00:02,2026-07-24 07:00:02,ecowitt,323414,51,2026-07-24 04:10,77.3,77.3,76.4,97,0.089,0.0,0,0.00,0.00,0.00,0.37,1.58,12.26,0.0,0.0,225,29.86,29.74,80.8,86.5,75.2,83
2026-07-24 07:00:02,2026-07-24 07:00:02,ecowitt,323414,52,2026-07-24 04:15,77.3,77.3,76.4,97,0.089,0.0,0,0.00,0.00,0.00,0.37,1.58,12.26,0.0,0.0,225,29.86,29.74,80.8,86.5,75.2,83
2026-07-24 07:00:02,2026-07-24 07:00:02,ecowitt,323414,53,2026-07-24 04:20,77.2,77.2,76.5,98,0.077,0.0,0,0.00,0.00,0.00,0.37,1.58,12.26,0.0,0.0,225,29.86,29.74,80.8,86.5,75.2,83
2026-07-24 07:00:02,2026-07-24 07:00:02,ecowitt,323414,54,2026-07-24 04:25,77.2,77.2,76.6,98,0.064,0.0,0,0.00,0.00,0.00,0.37,1.58,12.26,0.0,0.0,225,29.86,29.74,80.7,86.2,75.1,83
2026-07-24 07:00:02,2026-07-24 07:00:02,ecowitt,323414,55,2026-07-24 04:30,77.2,77.2,76.6,98,0.064,0.0,0,0.00,0.00,0.00,0.37,1.58,12.26,0.0,0.0,225,29.86,29.74,80.6,86.0,75.0,83
2026-07-24 07:00:02,2026-07-24 07:00:02,ecowitt,323414,56,2026-07-24 04:35,77.0,77.0,76.4,98,0.064,0.0,0,0.00,0.00,0.00,0.37,1.58,12.26,0.0,0.0,225,29.86,29.74,80.6,86.0,75.0,83
2026-07-24 07:00:02,2026-07-24 07:00:02,ecowitt,323414,57,2026-07-24 04:40,77.1,77.1,76.5,98,0.064,0.0,0,0.00,0.00,0.00,0.37,1.58,12.26,0.0,0.0,225,29.86,29.74,80.6,86.0,75.0,83
2026-07-24 07:00:02,2026-07-24 07:00:02,ecowitt,323414,58,2026-07-24 04:45,77.2,77.2,76.6,98,0.064,0.0,0,0.00,0.00,0.00,0.37,1.58,12.26,0.0,0.0,225,29.87,29.74,80.6,86.0,75.0,83
2026-07-24 07:00:02,2026-07-24 07:00:02,ecowitt,323414,59,2026-07-24 04:50,77.4,77.4,76.8,98,0.064,0.0,0,0.00,0.00,0.00,0.37,1.58,12.26,0.0,0.0,224,29.87,29.74,80.6,86.0,75.0,83
2026-07-24 07:00:02,2026-07-24 07:00:02,ecowitt,323414,60,2026-07-24 04:55,77.4,77.4,76.8,98,0.064,0.0,0,0.00,0.00,0.00,0.37,1.58,12.26,0.0,0.0,224,29.86,29.74,80.6,86.0,75.0,83
2026-07-24 07:00:02,2026-07-24 07:00:02,ecowitt,323414,61,2026-07-24 05:00,77.4,77.4,76.8,98,0.064,0.0,0,0.00,0.00,0.00,0.37,1.58,12.26,0.0,0.0,224,29.86,29.74,80.6,86.0,75.0,83
2026-07-24 07:00:02,2026-07-24 07:00:02,ecowitt,323414,62,2026-07-24 05:05,77.4,77.4,76.8,98,0.064,0.0,0,0.00,0.00,0.00,0.37,1.58,12.26,0.0,0.0,223,29.86,29.74,80.6,85.9,75.0,83
2026-07-24 07:00:02,2026-07-24 07:00:02,ecowitt,323414,63,2026-07-24 05:10,77.4,77.4,76.8,98,0.064,0.0,0,0.00,0.00,0.00,0.37,1.58,12.26,0.0,0.0,224,29.86,29.73,80.4,85.6,74.8,83
2026-07-24 07:00:02,2026-07-24 07:00:02,ecowitt,323414,64,2026-07-24 05:15,77.2,77.2,76.6,98,0.064,0.0,0,0.00,0.00,0.00,0.37,1.58,12.26,0.0,0.0,224,29.86,29.74,80.4,85.6,74.8,83
2026-07-24 07:00:02,2026-07-24 07:00:02,ecowitt,323414,65,2026-07-24 05:20,77.4,77.4,76.8,98,0.064,0.0,0,0.00,0.00,0.00,0.37,1.58,12.26,0.0,0.0,224,29.86,29.74,80.4,85.7,74.8,83
2026-07-24 07:00:02,2026-07-24 07:00:02,ecowitt,323414,66,2026-07-24 05:25,77.4,77.4,76.8,98,0.064,0.0,0,0.00,0.00,0.00,0.37,1.58,12.26,0.0,0.0,225,29.86,29.74,80.4,85.6,74.8,83
2026-07-24 07:00:02,2026-07-24 07:00:02,ecowitt,323414,67,2026-07-24 05:30,77.3,77.3,76.7,98,0.064,0.0,0,0.00,0.00,0.00,0.37,1.58,12.26,0.0,0.0,224,29.86,29.74,80.4,85.6,74.8,83
2026-07-24 07:00:02,2026-07-24 07:00:02,ecowitt,323414,68,2026-07-24 05:35,77.2,77.2,76.5,97,0.083,0.0,0,0.00,0.00,0.00,0.37,1.58,12.26,0.0,0.0,223,29.86,29.74,80.4,85.6,74.8,83
2026-07-24 07:00:02,2026-07-24 07:00:02,ecowitt,323414,69,2026-07-24 05:40,77.2,77.2,76.3,97,0.095,1.0,0,0.00,0.00,0.00,0.37,1.58,12.26,0.0,0.0,222,29.86,29.74,80.4,85.6,74.8,83
2026-07-24 07:00:02,2026-07-24 07:00:02,ecowitt,323414,70,2026-07-24 05:45,77.2,77.2,76.3,97,0.095,4.0,0,0.00,0.00,0.00,0.37,1.58,12.26,0.0,0.0,217,29.86,29.74,80.4,85.6,74.8,83
2026-07-24 07:00:02,2026-07-24 07:00:02,ecowitt,323414,71,2026-07-24 05:50,77.2,77.2,76.3,97,0.095,8.3,0,0.00,0.00,0.00,0.37,1.58,12.26,0.0,0.0,214,29.86,29.74,80.3,85.3,74.7,83
2026-07-24 07:00:02,2026-07-24 07:00:02,ecowitt,323414,72,2026-07-24 05:55,77.3,77.3,76.4,97,0.095,15.9,0,0.00,0.00,0.00,0.37,1.58,12.26,0.0,0.0,213,29.86,29.74,80.2,85.1,74.6,83
2026-07-24 07:00:02,2026-07-24 07:00:02,ecowitt,323414,73,2026-07-24 06:00,77.4,77.4,76.5,97,0.095,22.8,0,0.00,0.00,0.00,0.37,1.58,12.26,0.2,2.5,219,29.86,29.74,80.3,85.3,74.7,83
2026-07-24 07:00:02,2026-07-24 07:00:02,ecowitt,323414,74,2026-07-24 06:05,77.5,77.5,76.6,97,0.098,31.1,0,0.00,0.00,0.00,0.37,1.58,12.26,0.3,2.5,207,29.86,29.74,80.4,85.5,74.8,83
2026-07-24 07:00:02,2026-07-24 07:00:02,ecowitt,323414,75,2026-07-24 06:10,77.5,77.5,76.6,97,0.098,66.1,1,0.00,0.00,0.00,0.37,1.58,12.26,0.1,2.5,226,29.86,29.74,80.4,85.5,74.8,83
2026-07-24 07:00:02,2026-07-24 07:00:02,ecowitt,323414,76,2026-07-24 06:15,77.7,77.7,76.8,97,0.098,94.3,1,0.00,0.00,0.00,0.37,1.58,12.26,0.0,0.0,222,29.86,29.74,80.3,85.4,74.7,83
2026-07-24 07:00:02,2026-07-24 07:00:02,ecowitt,323414,77,2026-07-24 06:20,78.1,78.1,77.2,97,0.098,144.3,1,0.00,0.00,0.00,0.37,1.58,12.26,0.3,2.5,232,29.86,29.74,80.2,85.1,74.6,83
2026-07-24 07:00:02,2026-07-24 07:00:02,ecowitt,323414,78,2026-07-24 06:25,78.6,78.6,77.5,96,0.127,177.3,1,0.00,0.00,0.00,0.37,1.58,12.26,0.0,2.5,197,29.86,29.74,80.4,85.7,75.0,84
2026-07-24 07:00:02,2026-07-24 07:00:02,ecowitt,323414,79,2026-07-24 06:30,79.3,79.3,77.9,95,0.158,213.1,1,0.00,0.00,0.00,0.37,1.58,12.26,0.0,2.5,218,29.87,29.75,80.4,85.7,75.1,84
2026-07-24 07:00:02,2026-07-24 07:00:02,ecowitt,323414,80,2026-07-24 06:35,80.2,85.6,78.0,93,0.247,239.8,1,0.00,0.00,0.00,0.37,1.58,12.26,0.0,2.5,231,29.87,29.75,80.7,86.4,75.4,84
2026-07-24 07:00:02,2026-07-24 07:00:02,ecowitt,323414,81,2026-07-24 06:40,81.1,89.1,78.2,91,0.334,269.5,1,0.00,0.00,0.00,0.37,1.58,12.26,0.3,2.5,212,29.87,29.75,80.9,86.9,75.6,84
2026-07-24 07:00:02,2026-07-24 07:00:02,ecowitt,323414,82,2026-07-24 06:45,81.7,90.2,78.0,89,0.406,282.3,1,0.00,0.00,0.00,0.37,1.58,12.26,1.2,4.9,209,29.87,29.75,81.1,87.4,75.8,84
2026-07-24 07:00:02,2026-07-24 07:00:02,ecowitt,323414,83,2026-07-24 06:50,82.0,91.2,78.3,89,0.426,304.9,1,0.00,0.00,0.00,0.37,1.58,12.26,0.3,2.5,206,29.87,29.75,81.2,87.8,75.9,84
2026-07-24 07:00:02,2026-07-24 07:00:02,ecowitt,323414,84,2026-07-24 06:55,82.7,92.9,78.6,88,0.474,325.0,1,0.00,0.00,0.00,0.37,1.58,12.26,0.9,2.5,187,29.87,29.75,81.5,88.5,76.2,84
2026-07-24 07:00:02,2026-07-24 07:00:02,ecowitt,323414,85,2026-07-24 07:00,83.1,93.7,78.6,86,0.527,346.5,1,0.00,0.00,0.00,0.37,1.58,12.26,1.3,4.9,197,29.87,29.75,81.7,89.1,76.4,84
2026-07-24 07:00:02,2026-07-24 07:00:02,ecowitt,323414,86,2026-07-24 07:05,83.6,95.1,79.0,86,0.542,369.7,2,0.00,0.00,0.00,0.37,1.58,12.26,0.7,4.9,212,29.87,29.75,81.8,89.2,76.5,84
2026-07-24 07:00:02,2026-07-24 07:00:02,ecowitt,323414,87,2026-07-24 07:10,84.4,96.9,79.2,85,0.618,384.9,2,0.00,0.00,0.00,0.37,1.58,12.26,1.4,4.9,218,29.87,29.75,81.9,89.6,76.6,84
2026-07-24 07:00:02,2026-07-24 07:00:02,ecowitt,323414,88,2026-07-24 07:15,85.2,99.1,79.7,84,0.679,398.6,2,0.00,0.00,0.00,0.37,1.58,12.26,0.2,2.5,236,29.88,29.76,82.0,89.9,76.7,84
2026-07-24 07:00:02,2026-07-24 07:00:02,ecowitt,323414,89,2026-07-24 07:20,86.0,100.5,79.6,81,0.799,410.8,2,0.00,0.00,0.00,0.37,1.58,12.26,1.4,4.9,210,29.88,29.76,82.3,90.7,77.0,84
2026-07-24 07:00:02,2026-07-24 07:00:02,ecowitt,323414,90,2026-07-24 07:25,85.7,99.9,79.6,82,0.748,428.3,2,0.00,0.00,0.00,0.37,1.58,12.26,1.9,4.9,194,29.88,29.76,82.5,91.1,77.2,84
2026-07-24 07:00:02,2026-07-24 07:00:02,ecowitt,323414,91,2026-07-24 07:30,85.7,100.2,79.7,82,0.741,463.9,2,0.00,0.00,0.00,0.37,1.58,12.26,1.3,2.5,201,29.88,29.76,82.8,91.9,77.5,84
2026-07-24 07:00:02,2026-07-24 07:00:02,ecowitt,323414,92,2026-07-24 07:35,86.0,100.7,79.9,82,0.763,463.1,2,0.00,0.00,0.00,0.37,1.58,12.26,0.9,4.9,211,29.88,29.76,82.9,92.2,77.6,84
2026-07-24 07:00:02,2026-07-24 07:00:02,ecowitt,323414,93,2026-07-24 07:40,86.0,100.6,79.7,82,0.782,492.7,2,0.00,0.00,0.00,0.37,1.58,12.26,2.6,4.9,195,29.88,29.76,83.1,92.8,77.7,84
2026-07-24 07:00:02,2026-07-24 07:00:02,ecowitt,323414,94,2026-07-24 07:45,86.0,100.5,79.8,82,0.774,366.2,2,0.00,0.00,0.00,0.37,1.58,12.26,1.3,2.5,186,29.88,29.76,83.5,93.5,77.8,83
2026-07-24 07:00:02,2026-07-24 07:00:02,ecowitt,323414,95,2026-07-24 07:50,85.7,100.4,79.9,83,0.715,522.6,3,0.00,0.00,0.00,0.37,1.58,12.26,0.9,4.9,214,29.88,29.76,83.5,93.7,77.8,83
2026-07-24 07:00:02,2026-07-24 07:00:02,ecowitt,323414,96,2026-07-24 07:55,85.9,100.9,80.0,83,0.738,255.3,2,0.00,0.00,0.00,0.37,1.58,12.26,1.3,4.9,199,29.88,29.76,83.6,93.9,77.9,83
2026-07-24 07:00:02,2026-07-24 07:00:02,ecowitt,323414,97,2026-07-24 08:00,85.8,100.8,80.1,83,0.700,293.4,2,0.00,0.00,0.00,0.37,1.58,12.26,0.5,2.5,216,29.89,29.77,83.7,94.3,78.0,83
2026-07-24 07:00:02,2026-07-24 07:00:02,ecowitt,323414,98,2026-07-24 08:05,86.0,101.4,80.2,83,0.712,248.4,2,0.00,0.00,0.00,0.37,1.58,12.26,1.2,4.9,197,29.89,29.76,83.8,94.5,78.1,83
2026-07-24 07:00:02,2026-07-24 07:00:02,ecowitt,323414,99,2026-07-24 08:10,85.8,100.9,80.1,83,0.710,558.9,4,0.00,0.00,0.00,0.37,1.58,12.26,2.1,4.9,187,29.89,29.77,83.8,94.6,78.1,83
2026-07-24 07:00:02,2026-07-24 07:00:02,ecowitt,323414,100,2026-07-24 08:15,86.8,103.5,80.6,82,0.792,695.1,4,0.00,0.00,0.00,0.37,1.58,12.26,1.6,4.9,205,29.89,29.77,84.0,95.1,78.3,83
2026-07-24 07:00:02,2026-07-24 07:00:02,ecowitt,323414,101,2026-07-24 08:20,87.1,104.1,80.7,81,0.816,701.1,4,0.00,0.00,0.00,0.37,1.58,12.26,1.5,4.9,175,29.89,29.77,84.4,96.2,78.7,83
2026-07-24 07:00:02,2026-07-24 07:00:02,ecowitt,323414,102,2026-07-24 08:25,87.3,103.7,80.2,80,0.901,257.9,3,0.00,0.00,0.00,0.37,1.58,12.26,3.1,7.6,195,29.89,29.77,84.8,97.1,78.8,82
2026-07-24 07:00:02,2026-07-24 07:00:02,ecowitt,323414,103,2026-07-24 08:30,86.7,102.8,80.3,81,0.808,289.5,3,0.00,0.00,0.00,0.37,1.58,12.26,2.4,7.6,196,29.89,29.77,84.9,97.5,78.8,82
2026-07-24 07:00:02,2026-07-24 07:00:02,ecowitt,323414,104,2026-07-24 08:35,86.3,101.4,79.9,81,0.796,165.6,2,0.00,0.00,0.00,0.37,1.58,12.26,2.8,4.9,208,29.89,29.77,85.1,97.8,78.8,81
2026-07-24 07:00:02,2026-07-24 07:00:02,ecowitt,323414,105,2026-07-24 08:40,85.6,99.9,79.7,82,0.738,227.4,3,0.00,0.00,0.00,0.37,1.58,12.26,2.2,4.9,213,29.89,29.77,85.1,97.6,78.6,81
2026-07-24 07:00:02,2026-07-24 07:00:02,ecowitt,323414,106,2026-07-24 08:45,85.6,100.0,79.8,83,0.712,425.4,4,0.00,0.00,0.00,0.37,1.58,12.26,1.5,2.5,200,29.89,29.77,85.1,97.6,78.6,81
2026-07-24 07:00:02,2026-07-24 07:00:02,ecowitt,323414,107,2026-07-24 08:50,85.8,100.4,79.8,82,0.742,199.3,2,0.00,0.00,0.00,0.37,1.58,12.26,2.5,4.9,204,29.89,29.77,85.1,97.6,78.6,81
2026-07-24 07:00:02,2026-07-24 07:00:02,ecowitt,323414,108,2026-07-24 08:55,85.9,101.0,80.1,83,0.719,235.6,3,0.00,0.00,0.00,0.37,1.58,12.26,2.1,4.9,198,29.89,29.77,85.2,98.0,78.7,81
2026-07-24 07:00:02,2026-07-24 07:00:02,ecowitt,323414,109,2026-07-24 09:00,85.8,101.4,80.4,84,0.676,228.3,3,0.21,0.04,0.04,0.40,1.62,12.29,0.5,2.5,206,29.89,29.77,85.3,98.2,78.8,81
2026-07-24 07:00:02,2026-07-24 07:00:02,ecowitt,323414,110,2026-07-24 09:05,85.7,101.4,80.6,85,0.639,227.6,3,0.21,0.04,0.04,0.40,1.62,12.29,0.1,2.5,230,29.89,29.77,85.3,98.2,78.8,81
2026-07-24 07:00:02,2026-07-24 07:00:02,ecowitt,323414,111,2026-07-24 09:10,85.5,100.2,80.0,84,0.685,203.6,2,0.21,0.04,0.04,0.40,1.62,12.29,1.4,4.9,217,29.89,29.77,85.1,97.7,78.6,81
2026-07-24 07:00:02,2026-07-24 07:00:02,ecowitt,323414,112,2026-07-24 09:15,85.1,99.3,79.9,84,0.645,226.8,3,0.00,0.04,0.04,0.40,1.62,12.29,1.2,7.6,201,29.89,29.77,85.1,97.6,78.6,81
2026-07-24 07:00:02,2026-07-24 07:00:02,ecowitt,323414,113,2026-07-24 09:20,85.6,101.1,80.6,85,0.629,320.0,4,0.00,0.04,0.04,0.40,1.62,12.29,0.7,4.9,195,29.89,29.77,84.9,97.0,78.4,81
2026-07-24 07:00:02,2026-07-24 07:00:02,ecowitt,323414,114,2026-07-24 09:25,87.1,106.8,82.3,86,0.634,868.4,8,0.07,0.05,0.05,0.41,1.63,12.31,0.0,2.5,281,29.89,29.77,85.1,97.7,78.8,82
2026-07-24 07:00:02,2026-07-24 07:00:02,ecowitt,323414,115,2026-07-24 09:30,89.6,112.9,83.1,81,0.885,814.9,7,0.14,0.06,0.06,0.42,1.64,12.32,0.0,0.0,262,29.89,29.77,85.5,99.3,79.4,82
2026-07-24 07:00:02,2026-07-24 07:00:02,ecowitt,323414,116,2026-07-24 09:35,89.9,112.1,82.5,79,1.008,318.5,3,0.21,0.07,0.07,0.44,1.65,12.33,0.0,0.0,274,29.89,29.77,85.8,100.2,79.7,82
2026-07-24 07:00:02,2026-07-24 07:00:02,ecowitt,323414,117,2026-07-24 09:40,88.8,108.9,81.8,80,0.927,282.4,3,0.14,0.07,0.07,0.44,1.65,12.33,0.0,0.0,258,29.89,29.77,85.8,100.2,79.7,82
2026-07-24 07:00:02,2026-07-24 07:00:02,ecowitt,323414,118,2026-07-24 09:45,88.0,107.8,81.8,82,0.814,302.1,4,0.07,0.07,0.07,0.44,1.65,12.33,0.0,0.0,251,29.89,29.77,85.8,100.2,79.7,82
2026-07-24 07:00:02,2026-07-24 07:00:02,ecowitt,323414,119,2026-07-24 09:50,88.0,107.8,82.0,83,0.784,728.9,12,0.00,0.07,0.07,0.44,1.65,12.33,1.2,7.6,232,29.89,29.77,85.8,100.2,79.7,82
2026-07-24 07:00:02,2026-07-24 07:00:02,ecowitt,323414,120,2026-07-24 09:55,87.9,107.9,82.1,83,0.757,823.3,11,0.07,0.08,0.08,0.45,1.67,12.34,0.4,2.5,237,29.89,29.77,85.8,100.3,79.7,82
2026-07-24 07:00:02,2026-07-24 07:00:02,ecowitt,323414,121,2026-07-24 10:00,87.6,105.7,81.1,81,0.851,304.8,3,0.07,0.00,0.08,0.45,1.67,12.34,0.3,2.5,234,29.89,29.77,86.0,100.5,79.7,81
2026-07-24 07:00:02,2026-07-24 07:00:02,ecowitt,323414,122,2026-07-24 10:05,87.1,104.6,81.0,82,0.771,248.3,3,0.07,0.00,0.08,0.45,1.67,12.34,0.0,2.5,263,29.89,29.76,86.0,100.3,79.5,81
2026-07-24 07:00:02,2026-07-24 07:00:02,ecowitt,323414,123,2026-07-24 10:10,86.5,102.8,80.6,83,0.751,253.9,3,0.00,0.00,0.08,0.45,1.67,12.34,0.0,0.0,241,29.89,29.76,86.0,100.3,79.5,81
2026-07-24 07:00:02,2026-07-24 07:00:02,ecowitt,323414,124,2026-07-24 10:15,85.8,101.7,80.7,85,0.650,249.5,3,0.00,0.00,0.08,0.45,1.67,12.34,0.3,2.5,215,29.89,29.77,86.0,100.3,79.5,81
2026-07-24 07:00:02,2026-07-24 07:00:02,ecowitt,323414,125,2026-07-24 10:20,85.9,102.9,81.4,87,0.566,556.7,6,0.00,0.00,0.08,0.45,1.67,12.34,0.1,2.5,310,29.88,29.76,85.8,99.7,79.3,81
2026-07-24 07:00:02,2026-07-24 07:00:02,ecowitt,323414,126,2026-07-24 10:25,86.0,102.0,80.6,84,0.689,807.8,9,0.00,0.00,0.08,0.45,1.67,12.34,0.8,4.9,146,29.88,29.76,86.0,100.2,79.5,81
2026-07-24 07:00:02,2026-07-24 07:00:02,ecowitt,323414,127,2026-07-24 10:30,86.2,102.5,80.7,84,0.701,463.4,5,0.00,0.00,0.08,0.45,1.67,12.34,0.5,2.5,147,29.88,29.76,86.2,100.9,79.7,81
2026-07-24 07:00:02,2026-07-24 07:00:02,ecowitt,323414,128,2026-07-24 10:35,85.4,99.1,79.2,82,0.757,127.3,1,0.00,0.00,0.08,0.45,1.67,12.34,4.4,12.5,207,29.89,29.77,86.1,100.5,79.5,81
2026-07-24 07:00:02,2026-07-24 07:00:02,ecowitt,323414,129,2026-07-24 10:40,81.4,88.4,76.4,85,0.558,63.9,1,0.85,0.14,0.22,0.59,1.81,12.48,3.2,10.1,220,29.89,29.77,85.4,97.5,78.1,79
2026-07-24 07:00:02,2026-07-24 07:00:02,ecowitt,323414,130,2026-07-24 10:45,78.6,78.6,75.4,90,0.335,84.3,1,1.21,0.20,0.28,0.65,1.87,12.54,4.2,10.1,202,29.89,29.77,84.8,95.7,77.6,79
2026-07-24 07:00:02,2026-07-24 07:00:02,ecowitt,323414,131,2026-07-24 10:50,77.5,77.5,75.3,93,0.226,87.0,1,1.21,0.21,0.29,0.66,1.88,12.55,5.3,10.1,210,29.89,29.77,84.3,94.5,77.2,79
2026-07-24 07:00:02,2026-07-24 07:00:02,ecowitt,323414,132,2026-07-24 10:55,77.5,77.5,75.6,94,0.193,139.1,2,0.50,0.22,0.31,0.67,1.89,12.57,4.3,12.5,233,29.89,29.77,84.0,93.6,76.8,79
2026-07-24 07:00:02,2026-07-24 07:00:02,ecowitt,323414,133,2026-07-24 11:00,77.5,77.5,75.8,95,0.175,157.1,2,0.14,0.00,0.31,0.67,1.89,12.57,3.5,10.1,201,29.88,29.76,83.8,93.3,76.9,80
2026-07-24 07:00:02,2026-07-24 07:00:02,ecowitt,323414,134,2026-07-24 11:05,77.8,77.8,76.1,94,0.181,153.1,2,0.00,0.00,0.31,0.67,1.89,12.57,3.4,7.6,232,29.89,29.77,83.8,93.4,77.0,80
2026-07-24 07:00:02,2026-07-24 07:00:02,ecowitt,323414,135,2026-07-24 11:10,78.3,78.3,76.8,95,0.165,154.2,2,0.00,0.00,0.31,0.67,1.89,12.57,0.7,4.9,246,29.89,29.77,83.8,93.4,77.0,80
2026-07-24 07:00:02,2026-07-24 07:00:02,ecowitt,323414,136,2026-07-24 11:15,78.8,78.8,77.3,95,0.169,161.1,2,0.00,0.00,0.31,0.67,1.89,12.57,0.1,2.5,260,29.89,29.77,83.9,93.6,77.1,80
2026-07-24 07:00:02,2026-07-24 07:00:02,ecowitt,323414,137,2026-07-24 11:20,79.2,79.2,77.6,95,0.172,147.0,2,0.00,0.00,0.31,0.67,1.89,12.57,0.2,2.5,237,29.89,29.77,84.0,94.2,77.3,80
2026-07-24 07:00:02,2026-07-24 07:00:02,ecowitt,323414,138,2026-07-24 11:25,79.3,79.3,77.4,94,0.199,149.0,2,0.07,0.01,0.32,0.69,1.90,12.58,0.6,2.5,227,29.89,29.77,84.0,94.4,77.5,81
2026-07-24 07:00:02,2026-07-24 07:00:02,ecowitt,323414,139,2026-07-24 11:30,79.3,79.3,77.4,94,0.205,173.8,2,0.07,0.01,0.32,0.69,1.90,12.58,2.0,7.6,208,29.88,29.76,83.8,93.8,77.3,81
2026-07-24 07:00:02,2026-07-24 07:00:02,ecowitt,323414,140,2026-07-24 11:35,79.2,79.2,77.3,94,0.205,189.4,2,0.07,0.01,0.32,0.69,1.90,12.58,3.0,7.6,199,29.89,29.77,83.7,93.5,77.3,81
2026-07-24 07:00:02,2026-07-24 07:00:02,ecowitt,323414,141,2026-07-24 11:40,79.3,79.3,77.2,93,0.226,189.1,2,0.00,0.01,0.32,0.69,1.90,12.58,4.4,12.5,210,29.88,29.76,83.7,93.4,77.2,81
2026-07-24 07:00:02,2026-07-24 07:00:02,ecowitt,323414,142,2026-07-24 11:45,79.0,79.0,76.3,91,0.298,188.5,2,0.00,0.01,0.32,0.69,1.90,12.58,6.6,12.5,206,29.88,29.76,83.5,92.5,76.7,80
2026-07-24 07:00:02,2026-07-24 07:00:02,ecowitt,323414,143,2026-07-24 11:50,79.0,79.0,75.8,90,0.339,204.2,3,0.00,0.01,0.32,0.69,1.90,12.58,4.5,7.6,203,29.88,29.76,83.3,92.1,76.5,80
2026-07-24 07:00:02,2026-07-24 07:00:02,ecowitt,323414,144,2026-07-24 11:55,79.2,79.2,76.1,90,0.325,207.0,3,0.00,0.01,0.32,0.69,1.90,12.58,2.3,7.6,210,29.88,29.76,83.3,92.1,76.5,80
2026-07-24 07:00:02,2026-07-24 07:00:02,ecowitt,323414,145,2026-07-24 12:00,79.3,79.3,76.3,91,0.315,219.9,3,0.00,0.00,0.32,0.69,1.90,12.58,4.3,10.1,195,29.88,29.76,83.3,92.1,76.5,80
2026-07-24 07:00:02,2026-07-24 07:00:02,ecowitt,323414,146,2026-07-24 12:05,79.5,79.5,76.4,90,0.337,220.4,3,0.00,0.00,0.32,0.69,1.90,12.58,4.1,10.1,207,29.88,29.76,83.3,92.2,76.6,80
2026-07-24 07:00:02,2026-07-24 07:00:02,ecowitt,323414,147,2026-07-24 12:10,79.7,79.7,76.4,90,0.352,218.1,3,0.00,0.00,0.32,0.69,1.90,12.58,4.1,7.6,179,29.88,29.76,83.2,92.2,76.8,81
2026-07-24 07:00:02,2026-07-24 07:00:02,ecowitt,323414,148,2026-07-24 12:15,79.8,79.8,76.5,90,0.354,220.1,3,0.00,0.00,0.32,0.69,1.90,12.58,2.3,7.6,202,29.88,29.75,83.3,92.3,76.9,81
2026-07-24 07:00:02,2026-07-24 07:00:02,ecowitt,323414,149,2026-07-24 12:20,80.1,83.7,76.9,90,0.350,213.4,3,0.00,0.00,0.32,0.69,1.90,12.58,2.5,7.6,203,29.87,29.75,83.3,92.4,76.9,81
2026-07-24 07:00:02,2026-07-24 07:00:02,ecowitt,323414,150,2026-07-24 12:25,80.3,86.4,77.1,90,0.354,213.9,3,0.00,0.00,0.32,0.69,1.90,12.58,2.4,7.6,198,29.87,29.75,83.3,92.4,76.9,81
2026-07-24 07:00:02,2026-07-24 07:00:02,ecowitt,323414,151,2026-07-24 12:30,80.4,86.7,77.0,89,0.383,198.2,2,0.00,0.00,0.32,0.69,1.90,12.58,3.9,10.1,216,29.87,29.75,83.3,92.4,76.9,81
2026-07-24 07:00:02,2026-07-24 07:00:02,ecowitt,323414,152,2026-07-24 12:35,80.4,86.6,76.9,89,0.389,189.0,2,0.00,0.00,0.32,0.69,1.90,12.58,2.8,7.6,212,29.86,29.74,83.3,92.4,76.9,81
2026-07-24 07:00:02,2026-07-24 07:00:02,ecowitt,323414,153,2026-07-24 12:40,80.4,86.7,77.1,90,0.369,185.3,2,0.00,0.00,0.32,0.69,1.90,12.58,2.7,7.6,205,29.86,29.74,83.3,92.3,76.9,81
2026-07-24 07:00:02,2026-07-24 07:00:02,ecowitt,323414,154,2026-07-24 12:45,80.4,86.8,77.1,90,0.369,178.9,2,0.00,0.00,0.32,0.69,1.90,12.58,2.9,7.6,208,29.86,29.74,83.1,91.9,76.7,81
2026-07-24 07:00:02,2026-07-24 07:00:02,ecowitt,323414,155,2026-07-24 12:50,80.6,87.3,77.4,90,0.356,176.1,2,0.00,0.00,0.32,0.69,1.90,12.58,2.2,7.6,211,29.86,29.73,83.1,91.9,76.7,81
2026-07-24 07:00:02,2026-07-24 07:00:02,ecowitt,323414,156,2026-07-24 12:55,80.6,87.2,77.3,90,0.370,171.5,2,0.00,0.00,0.32,0.69,1.90,12.58,2.6,4.9,208,29.85,29.73,83.1,92.0,76.7,81
2026-07-24 07:00:02,2026-07-24 07:00:02,ecowitt,323414,157,2026-07-24 13:00,80.7,87.5,77.5,90,0.357,163.7,2,0.00,0.00,0.32,0.69,1.90,12.58,3.0,7.6,197,29.85,29.73,83.3,92.3,76.9,81
2026-07-24 07:00:02,2026-07-24 07:00:02,ecowitt,323414,158,2026-07-24 13:05,80.7,87.7,77.5,90,0.358,162.0,2,0.00,0.00,0.32,0.69,1.90,12.58,2.2,7.6,196,29.85,29.73,83.3,92.4,76.9,81
2026-07-24 07:00:02,2026-07-24 07:00:02,ecowitt,323414,159,2026-07-24 13:10,80.8,87.9,77.6,90,0.359,169.2,2,0.00,0.00,0.32,0.69,1.90,12.58,2.4,4.9,211,29.85,29.73,83.5,92.9,77.1,81
2026-07-24 07:00:02,2026-07-24 07:00:02,ecowitt,323414,160,2026-07-24 13:15,80.8,87.8,77.4,89,0.379,179.0,2,0.00,0.00,0.32,0.69,1.90,12.58,5.2,10.1,192,29.85,29.72,83.5,92.9,77.1,81
2026-07-24 07:00:02,2026-07-24 07:00:02,ecowitt,323414,161,2026-07-24 13:20,80.9,88.1,77.6,90,0.367,191.5,2,0.00,0.00,0.32,0.69,1.90,12.58,2.3,7.6,203,29.85,29.73,83.5,93.0,77.1,81
2026-07-24 07:00:02,2026-07-24 07:00:02,ecowitt,323414,162,2026-07-24 13:25,81.1,88.7,77.8,90,0.378,206.4,2,0.00,0.00,0.32,0.69,1.90,12.58,4.7,10.1,205,29.84,29.72,83.5,93.0,77.1,81
2026-07-24 07:00:02,2026-07-24 07:00:02,ecowitt,323414,163,2026-07-24 13:30,81.3,89.2,77.9,89,0.394,221.5,3,0.00,0.00,0.32,0.69,1.90,12.58,2.9,7.6,187,29.84,29.71,83.7,93.5,77.3,81
2026-07-24 07:00:02,2026-07-24 07:00:02,ecowitt,323414,164,2026-07-24 13:35,81.6,90.1,78.0,89,0.405,244.6,3,0.00,0.00,0.32,0.69,1.90,12.58,3.5,7.6,203,29.83,29.71,83.8,93.7,77.4,81
2026-07-24 07:00:02,2026-07-24 07:00:02,ecowitt,323414,165,2026-07-24 13:40,81.8,90.7,78.2,89,0.408,253.2,3,0.00,0.00,0.32,0.69,1.90,12.58,3.4,7.6,168,29.83,29.71,83.9,94.0,77.4,81
2026-07-24 07:00:02,2026-07-24 07:00:02,ecowitt,323414,166,2026-07-24 13:45,82.0,91.0,78.3,89,0.417,245.1,3,0.00,0.00,0.32,0.69,1.90,12.58,3.5,7.6,195,29.83,29.71,84.1,94.6,77.6,81
2026-07-24 07:00:02,2026-07-24 07:00:02,ecowitt,323414,167,2026-07-24 13:50,82.2,91.7,78.5,89,0.432,233.2,3,0.00,0.00,0.32,0.69,1.90,12.58,3.5,7.6,196,29.83,29.71,84.2,94.9,77.7,81
2026-07-24 07:00:02,2026-07-24 07:00:02,ecowitt,323414,168,2026-07-24 13:55,,,,,,,,,,,,,,,,,,,,,,
2026-07-24 07:00:02,2026-07-24 07:00:02,ecowitt,323414,169,2026-07-24 14:00,,,,,,,,,,,,,,,,,,,,,,
2026-07-24 07:00:02,2026-07-24 07:00:02,ecowitt,323414,170,2026-07-24 14:05,,,,,,,,,,,,,,,,,,,,,,
2026-07-24 07:00:02,2026-07-24 07:00:02,ecowitt,323414,171,2026-07-24 14:10,,,,,,,,,,,,,,,,,,,,,,
2026-07-24 07:00:02,2026-07-24 07:00:02,ecowitt,323414,172,2026-07-24 14:15,,,,,,,,,,,,,,,,,,,,,,
2026-07-24 07:00:02,2026-07-24 07:00:02,ecowitt,323414,173,2026-07-24 14:20,,,,,,,,,,,,,,,,,,,,,,
2026-07-24 07:00:02,2026-07-24 07:00:02,ecowitt,323414,174,2026-07-24 14:25,,,,,,,,,,,,,,,,,,,,,,
2026-07-24 07:00:02,2026-07-24 07:00:02,ecowitt,323414,175,2026-07-24 14:30,,,,,,,,,,,,,,,,,,,,,,
2026-07-24 07:00:02,2026-07-24 07:00:02,ecowitt,323414,176,2026-07-24 14:35,,,,,,,,,,,,,,,,,,,,,,
2026-07-24 07:00:02,2026-07-24 07:00:02,ecowitt,323414,177,2026-07-24 14:40,,,,,,,,,,,,,,,,,,,,,,
2026-07-24 07:00:02,2026-07-24 07:00:02,ecowitt,323414,178,2026-07-24 14:45,,,,,,,,,,,,,,,,,,,,,,
2026-07-24 07:00:02,2026-07-24 07:00:02,ecowitt,323414,179,2026-07-24 14:50,,,,,,,,,,,,,,,,,,,,,,
2026-07-24 07:00:02,2026-07-24 07:00:02,ecowitt,323414,180,2026-07-24 14:55,,,,,,,,,,,,,,,,,,,,,,
2026-07-24 07:00:02,2026-07-24 07:00:02,ecowitt,323414,181,2026-07-24 15:00,,,,,,,,,,,,,,,,,,,,,,
2026-07-24 07:00:02,2026-07-24 07:00:02,ecowitt,323414,182,2026-07-24 15:05,,,,,,,,,,,,,,,,,,,,,,
2026-07-24 07:00:02,2026-07-24 07:00:02,ecowitt,323414,183,2026-07-24 15:10,,,,,,,,,,,,,,,,,,,,,,
2026-07-24 07:00:02,2026-07-24 07:00:02,ecowitt,323414,184,2026-07-24 15:15,,,,,,,,,,,,,,,,,,,,,,
2026-07-24 07:00:02,2026-07-24 07:00:02,ecowitt,323414,185,2026-07-24 15:20,,,,,,,,,,,,,,,,,,,,,,
2026-07-24 07:00:02,2026-07-24 07:00:02,ecowitt,323414,186,2026-07-24 15:25,,,,,,,,,,,,,,,,,,,,,,
2026-07-24 07:00:02,2026-07-24 07:00:02,ecowitt,323414,187,2026-07-24 15:30,,,,,,,,,,,,,,,,,,,,,,
2026-07-24 07:00:02,2026-07-24 07:00:02,ecowitt,323414,188,2026-07-24 15:35,,,,,,,,,,,,,,,,,,,,,,
2026-07-24 07:00:02,2026-07-24 07:00:02,ecowitt,323414,189,2026-07-24 15:40,,,,,,,,,,,,,,,,,,,,,,
2026-07-24 07:00:02,2026-07-24 07:00:02,ecowitt,323414,190,2026-07-24 15:45,,,,,,,,,,,,,,,,,,,,,,
2026-07-24 07:00:02,2026-07-24 07:00:02,ecowitt,323414,191,2026-07-24 15:50,,,,,,,,,,,,,,,,,,,,,,
2026-07-24 07:00:02,2026-07-24 07:00:02,ecowitt,323414,192,2026-07-24 15:55,,,,,,,,,,,,,,,,,,,,,,
2026-07-24 07:00:02,2026-07-24 07:00:02,ecowitt,323414,193,2026-07-24 16:00,,,,,,,,,,,,,,,,,,,,,,
2026-07-24 07:00:02,2026-07-24 07:00:02,ecowitt,323414,194,2026-07-24 16:05,,,,,,,,,,,,,,,,,,,,,,
2026-07-24 07:00:02,2026-07-24 07:00:02,ecowitt,323414,195,2026-07-24 16:10,,,,,,,,,,,,,,,,,,,,,,
2026-07-24 07:00:02,2026-07-24 07:00:02,ecowitt,323414,196,2026-07-24 16:15,,,,,,,,,,,,,,,,,,,,,,
2026-07-24 07:00:02,2026-07-24 07:00:02,ecowitt,323414,197,2026-07-24 16:20,,,,,,,,,,,,,,,,,,,,,,
2026-07-24 07:00:02,2026-07-24 07:00:02,ecowitt,323414,198,2026-07-24 16:25,,,,,,,,,,,,,,,,,,,,,,
2026-07-24 07:00:02,2026-07-24 07:00:02,ecowitt,323414,199,2026-07-24 16:30,,,,,,,,,,,,,,,,,,,,,,
2026-07-24 07:00:02,2026-07-24 07:00:02,ecowitt,323414,200,2026-07-24 16:35,,,,,,,,,,,,,,,,,,,,,,
2026-07-24 07:00:02,2026-07-24 07:00:02,ecowitt,323414,201,2026-07-24 16:40,,,,,,,,,,,,,,,,,,,,,,
2026-07-24 07:00:02,2026-07-24 07:00:02,ecowitt,323414,202,2026-07-24 16:45,,,,,,,,,,,,,,,,,,,,,,
2026-07-24 07:00:02,2026-07-24 07:00:02,ecowitt,323414,203,2026-07-24 16:50,,,,,,,,,,,,,,,,,,,,,,
2026-07-24 07:00:02,2026-07-24 07:00:02,ecowitt,323414,204,2026-07-24 16:55,,,,,,,,,,,,,,,,,,,,,,
2026-07-24 07:00:02,2026-07-24 07:00:02,ecowitt,323414,205,2026-07-24 17:00,,,,,,,,,,,,,,,,,,,,,,
2026-07-24 07:00:02,2026-07-24 07:00:02,ecowitt,323414,206,2026-07-24 17:05,,,,,,,,,,,,,,,,,,,,,,
2026-07-24 07:00:02,2026-07-24 07:00:02,ecowitt,323414,207,2026-07-24 17:10,,,,,,,,,,,,,,,,,,,,,,
2026-07-24 07:00:02,2026-07-24 07:00:02,ecowitt,323414,208,2026-07-24 17:15,,,,,,,,,,,,,,,,,,,,,,
2026-07-24 07:00:02,2026-07-24 07:00:02,ecowitt,323414,209,2026-07-24 17:20,,,,,,,,,,,,,,,,,,,,,,
2026-07-24 07:00:02,2026-07-24 07:00:02,ecowitt,323414,210,2026-07-24 17:25,,,,,,,,,,,,,,,,,,,,,,
2026-07-24 07:00:02,2026-07-24 07:00:02,ecowitt,323414,211,2026-07-24 17:30,,,,,,,,,,,,,,,,,,,,,,
2026-07-24 07:00:02,2026-07-24 07:00:02,ecowitt,323414,212,2026-07-24 17:35,,,,,,,,,,,,,,,,,,,,,,
2026-07-24 07:00:02,2026-07-24 07:00:02,ecowitt,323414,213,2026-07-24 17:40,,,,,,,,,,,,,,,,,,,,,,
2026-07-24 07:00:02,2026-07-24 07:00:02,ecowitt,323414,214,2026-07-24 17:45,,,,,,,,,,,,,,,,,,,,,,
2026-07-24 07:00:02,2026-07-24 07:00:02,ecowitt,323414,215,2026-07-24 17:50,,,,,,,,,,,,,,,,,,,,,,
2026-07-24 07:00:02,2026-07-24 07:00:02,ecowitt,323414,216,2026-07-24 17:55,,,,,,,,,,,,,,,,,,,,,,
2026-07-24 07:00:02,2026-07-24 07:00:02,ecowitt,323414,217,2026-07-24 18:00,,,,,,,,,,,,,,,,,,,,,,
2026-07-24 07:00:02,2026-07-24 07:00:02,ecowitt,323414,218,2026-07-24 18:05,,,,,,,,,,,,,,,,,,,,,,
2026-07-24 07:00:02,2026-07-24 07:00:02,ecowitt,323414,219,2026-07-24 18:10,,,,,,,,,,,,,,,,,,,,,,
2026-07-24 07:00:02,2026-07-24 07:00:02,ecowitt,323414,220,2026-07-24 18:15,,,,,,,,,,,,,,,,,,,,,,
2026-07-24 07:00:02,2026-07-24 07:00:02,ecowitt,323414,221,2026-07-24 18:20,,,,,,,,,,,,,,,,,,,,,,
2026-07-24 07:00:02,2026-07-24 07:00:02,ecowitt,323414,222,2026-07-24 18:25,,,,,,,,,,,,,,,,,,,,,,
2026-07-24 07:00:02,2026-07-24 07:00:02,ecowitt,323414,223,2026-07-24 18:30,,,,,,,,,,,,,,,,,,,,,,
2026-07-24 07:00:02,2026-07-24 07:00:02,ecowitt,323414,224,2026-07-24 18:35,,,,,,,,,,,,,,,,,,,,,,
2026-07-24 07:00:02,2026-07-24 07:00:02,ecowitt,323414,225,2026-07-24 18:40,,,,,,,,,,,,,,,,,,,,,,
2026-07-24 07:00:02,2026-07-24 07:00:02,ecowitt,323414,226,2026-07-24 18:45,,,,,,,,,,,,,,,,,,,,,,
2026-07-24 07:00:02,2026-07-24 07:00:02,ecowitt,323414,227,2026-07-24 18:50,,,,,,,,,,,,,,,,,,,,,,
2026-07-24 07:00:02,2026-07-24 07:00:02,ecowitt,323414,228,2026-07-24 18:55,,,,,,,,,,,,,,,,,,,,,,
2026-07-24 07:00:02,2026-07-24 07:00:02,ecowitt,323414,229,2026-07-24 19:00,,,,,,,,,,,,,,,,,,,,,,
2026-07-24 07:00:02,2026-07-24 07:00:02,ecowitt,323414,230,2026-07-24 19:05,,,,,,,,,,,,,,,,,,,,,,
2026-07-24 07:00:02,2026-07-24 07:00:02,ecowitt,323414,231,2026-07-24 19:10,,,,,,,,,,,,,,,,,,,,,,
2026-07-24 07:00:02,2026-07-24 07:00:02,ecowitt,323414,232,2026-07-24 19:15,,,,,,,,,,,,,,,,,,,,,,
2026-07-24 07:00:02,2026-07-24 07:00:02,ecowitt,323414,233,2026-07-24 19:20,,,,,,,,,,,,,,,,,,,,,,
2026-07-24 07:00:02,2026-07-24 07:00:02,ecowitt,323414,234,2026-07-24 19:25,,,,,,,,,,,,,,,,,,,,,,
2026-07-24 07:00:02,2026-07-24 07:00:02,ecowitt,323414,235,2026-07-24 19:30,,,,,,,,,,,,,,,,,,,,,,
2026-07-24 07:00:02,2026-07-24 07:00:02,ecowitt,323414,236,2026-07-24 19:35,,,,,,,,,,,,,,,,,,,,,,
2026-07-24 07:00:02,2026-07-24 07:00:02,ecowitt,323414,237,2026-07-24 19:40,,,,,,,,,,,,,,,,,,,,,,
2026-07-24 07:00:02,2026-07-24 07:00:02,ecowitt,323414,238,2026-07-24 19:45,,,,,,,,,,,,,,,,,,,,,,
2026-07-24 07:00:02,2026-07-24 07:00:02,ecowitt,323414,239,2026-07-24 19:50,,,,,,,,,,,,,,,,,,,,,,
2026-07-24 07:00:02,2026-07-24 07:00:02,ecowitt,323414,240,2026-07-24 19:55,,,,,,,,,,,,,,,,,,,,,,
2026-07-24 07:00:02,2026-07-24 07:00:02,ecowitt,323414,241,2026-07-24 20:00,,,,,,,,,,,,,,,,,,,,,,
2026-07-24 07:00:02,2026-07-24 07:00:02,ecowitt,323414,242,2026-07-24 20:05,,,,,,,,,,,,,,,,,,,,,,
2026-07-24 07:00:02,2026-07-24 07:00:02,ecowitt,323414,243,2026-07-24 20:10,,,,,,,,,,,,,,,,,,,,,,
2026-07-24 07:00:02,2026-07-24 07:00:02,ecowitt,323414,244,2026-07-24 20:15,,,,,,,,,,,,,,,,,,,,,,
2026-07-24 07:00:02,2026-07-24 07:00:02,ecowitt,323414,245,2026-07-24 20:20,,,,,,,,,,,,,,,,,,,,,,
2026-07-24 07:00:02,2026-07-24 07:00:02,ecowitt,323414,246,2026-07-24 20:25,,,,,,,,,,,,,,,,,,,,,,
2026-07-24 07:00:02,2026-07-24 07:00:02,ecowitt,323414,247,2026-07-24 20:30,,,,,,,,,,,,,,,,,,,,,,
2026-07-24 07:00:02,2026-07-24 07:00:02,ecowitt,323414,248,2026-07-24 20:35,,,,,,,,,,,,,,,,,,,,,,
2026-07-24 07:00:02,2026-07-24 07:00:02,ecowitt,323414,249,2026-07-24 20:40,,,,,,,,,,,,,,,,,,,,,,
2026-07-24 07:00:02,2026-07-24 07:00:02,ecowitt,323414,250,2026-07-24 20:45,,,,,,,,,,,,,,,,,,,,,,
2026-07-24 07:00:02,2026-07-24 07:00:02,ecowitt,323414,251,2026-07-24 20:50,,,,,,,,,,,,,,,,,,,,,,
2026-07-24 07:00:02,2026-07-24 07:00:02,ecowitt,323414,252,2026-07-24 20:55,,,,,,,,,,,,,,,,,,,,,,
2026-07-24 07:00:02,2026-07-24 07:00:02,ecowitt,323414,253,2026-07-24 21:00,,,,,,,,,,,,,,,,,,,,,,
2026-07-24 07:00:02,2026-07-24 07:00:02,ecowitt,323414,254,2026-07-24 21:05,,,,,,,,,,,,,,,,,,,,,,
2026-07-24 07:00:02,2026-07-24 07:00:02,ecowitt,323414,255,2026-07-24 21:10,,,,,,,,,,,,,,,,,,,,,,
2026-07-24 07:00:02,2026-07-24 07:00:02,ecowitt,323414,256,2026-07-24 21:15,,,,,,,,,,,,,,,,,,,,,,
2026-07-24 07:00:02,2026-07-24 07:00:02,ecowitt,323414,257,2026-07-24 21:20,,,,,,,,,,,,,,,,,,,,,,
2026-07-24 07:00:02,2026-07-24 07:00:02,ecowitt,323414,258,2026-07-24 21:25,,,,,,,,,,,,,,,,,,,,,,
2026-07-24 07:00:02,2026-07-24 07:00:02,ecowitt,323414,259,2026-07-24 21:30,,,,,,,,,,,,,,,,,,,,,,
2026-07-24 07:00:02,2026-07-24 07:00:02,ecowitt,323414,260,2026-07-24 21:35,,,,,,,,,,,,,,,,,,,,,,
2026-07-24 07:00:02,2026-07-24 07:00:02,ecowitt,323414,261,2026-07-24 21:40,,,,,,,,,,,,,,,,,,,,,,
2026-07-24 07:00:02,2026-07-24 07:00:02,ecowitt,323414,262,2026-07-24 21:45,,,,,,,,,,,,,,,,,,,,,,
2026-07-24 07:00:02,2026-07-24 07:00:02,ecowitt,323414,263,2026-07-24 21:50,,,,,,,,,,,,,,,,,,,,,,
2026-07-24 07:00:02,2026-07-24 07:00:02,ecowitt,323414,264,2026-07-24 21:55,,,,,,,,,,,,,,,,,,,,,,
2026-07-24 07:00:02,2026-07-24 07:00:02,ecowitt,323414,265,2026-07-24 22:00,,,,,,,,,,,,,,,,,,,,,,
2026-07-24 07:00:02,2026-07-24 07:00:02,ecowitt,323414,266,2026-07-24 22:05,,,,,,,,,,,,,,,,,,,,,,
2026-07-24 07:00:02,2026-07-24 07:00:02,ecowitt,323414,267,2026-07-24 22:10,,,,,,,,,,,,,,,,,,,,,,
2026-07-24 07:00:02,2026-07-24 07:00:02,ecowitt,323414,268,2026-07-24 22:15,,,,,,,,,,,,,,,,,,,,,,
2026-07-24 07:00:02,2026-07-24 07:00:02,ecowitt,323414,269,2026-07-24 22:20,,,,,,,,,,,,,,,,,,,,,,
2026-07-24 07:00:02,2026-07-24 07:00:02,ecowitt,323414,270,2026-07-24 22:25,,,,,,,,,,,,,,,,,,,,,,
2026-07-24 07:00:02,2026-07-24 07:00:02,ecowitt,323414,271,2026-07-24 22:30,,,,,,,,,,,,,,,,,,,,,,
2026-07-24 07:00:02,2026-07-24 07:00:02,ecowitt,323414,272,2026-07-24 22:35,,,,,,,,,,,,,,,,,,,,,,
2026-07-24 07:00:02,2026-07-24 07:00:02,ecowitt,323414,273,2026-07-24 22:40,,,,,,,,,,,,,,,,,,,,,,
2026-07-24 07:00:02,2026-07-24 07:00:02,ecowitt,323414,274,2026-07-24 22:45,,,,,,,,,,,,,,,,,,,,,,
2026-07-24 07:00:02,2026-07-24 07:00:02,ecowitt,323414,275,2026-07-24 22:50,,,,,,,,,,,,,,,,,,,,,,
2026-07-24 07:00:02,2026-07-24 07:00:02,ecowitt,323414,276,2026-07-24 22:55,,,,,,,,,,,,,,,,,,,,,,
2026-07-24 07:00:02,2026-07-24 07:00:02,ecowitt,323414,277,2026-07-24 23:00,,,,,,,,,,,,,,,,,,,,,,
2026-07-24 07:00:02,2026-07-24 07:00:02,ecowitt,323414,278,2026-07-24 23:05,,,,,,,,,,,,,,,,,,,,,,
2026-07-24 07:00:02,2026-07-24 07:00:02,ecowitt,323414,279,2026-07-24 23:10,,,,,,,,,,,,,,,,,,,,,,
2026-07-24 07:00:02,2026-07-24 07:00:02,ecowitt,323414,280,2026-07-24 23:15,,,,,,,,,,,,,,,,,,,,,,
2026-07-24 07:00:02,2026-07-24 07:00:02,ecowitt,323414,281,2026-07-24 23:20,,,,,,,,,,,,,,,,,,,,,,
2026-07-24 07:00:02,2026-07-24 07:00:02,ecowitt,323414,282,2026-07-24 23:25,,,,,,,,,,,,,,,,,,,,,,
2026-07-24 07:00:02,2026-07-24 07:00:02,ecowitt,323414,283,2026-07-24 23:30,,,,,,,,,,,,,,,,,,,,,,
2026-07-24 07:00:02,2026-07-24 07:00:02,ecowitt,323414,284,2026-07-24 23:35,,,,,,,,,,,,,,,,,,,,,,
2026-07-24 07:00:02,2026-07-24 07:00:02,ecowitt,323414,285,2026-07-24 23:40,,,,,,,,,,,,,,,,,,,,,,
2026-07-24 07:00:02,2026-07-24 07:00:02,ecowitt,323414,286,2026-07-24 23:45,,,,,,,,,,,,,,,,,,,,,,
2026-07-24 07:00:02,2026-07-24 07:00:02,ecowitt,323414,287,2026-07-24 23:50,,,,,,,,,,,,,,,,,,,,,,
2026-07-24 07:00:02,2026-07-24 07:00:02,ecowitt,323414,288,2026-07-24 23:55,,,,,,,,,,,,,,,,,,,,,,
2026-07-24 07:00:02,2026-07-24 07:00:02,ecowitt,323414,289,2026-07-24 23:59,,,,,,,,,,,,,,,,,,,,,,
2026-07-24 07:00:02,2026-07-24 07:00:02,ecowitt,329139,1,2026-07-24 00:00,79.3,79.3,76.8,92,0.274,0.0,0,0.00,0.00,0.00,0.83,2.42,6.77,0.0,2.5,307,29.97,29.76,83.4,91.3,75.4,77
2026-07-24 07:00:02,2026-07-24 07:00:02,ecowitt,329139,2,2026-07-24 00:05,79.3,79.3,77.0,93,0.257,0.0,0,0.00,0.00,0.00,0.83,2.42,6.77,0.4,2.5,265,29.96,29.75,83.5,91.5,75.5,77
2026-07-24 07:00:02,2026-07-24 07:00:02,ecowitt,329139,3,2026-07-24 00:10,79.3,79.3,76.8,92,0.274,0.0,0,0.00,0.00,0.00,0.83,2.42,6.77,0.6,2.5,263,29.96,29.75,83.4,91.4,75.4,77
2026-07-24 07:00:02,2026-07-24 07:00:02,ecowitt,329139,4,2026-07-24 00:15,79.3,79.3,76.8,92,0.274,0.0,0,0.00,0.00,0.00,0.83,2.42,6.77,0.1,2.5,261,29.96,29.75,83.5,91.5,75.5,77
2026-07-24 07:00:02,2026-07-24 07:00:02,ecowitt,329139,5,2026-07-24 00:20,79.3,79.3,77.0,92,0.261,0.0,0,0.00,0.00,0.00,0.83,2.42,6.77,0.7,4.9,236,29.96,29.75,83.5,91.6,75.5,77
2026-07-24 07:00:02,2026-07-24 07:00:02,ecowitt,329139,6,2026-07-24 00:25,79.3,79.3,76.9,92,0.268,0.0,0,0.00,0.00,0.00,0.83,2.42,6.77,0.0,0.0,248,29.95,29.74,83.4,91.4,75.4,77
2026-07-24 07:00:02,2026-07-24 07:00:02,ecowitt,329139,7,2026-07-24 00:30,79.3,79.3,77.0,93,0.247,0.0,0,0.00,0.00,0.00,0.83,2.42,6.77,0.0,0.0,256,29.95,29.74,83.3,91.1,75.3,77
2026-07-24 07:00:02,2026-07-24 07:00:02,ecowitt,329139,8,2026-07-24 00:35,79.3,79.3,77.0,93,0.254,0.0,0,0.00,0.00,0.00,0.83,2.42,6.77,0.3,2.5,244,29.95,29.74,83.3,91.1,75.3,77
2026-07-24 07:00:02,2026-07-24 07:00:02,ecowitt,329139,9,2026-07-24 00:40,79.3,79.3,77.0,93,0.246,0.0,0,0.00,0.00,0.00,0.83,2.42,6.77,0.0,0.0,256,29.95,29.74,83.3,91.3,75.5,78
2026-07-24 07:00:02,2026-07-24 07:00:02,ecowitt,329139,10,2026-07-24 00:45,79.2,79.2,77.0,93,0.238,0.0,0,0.00,0.00,0.00,0.83,2.42,6.77,0.0,2.5,254,29.95,29.74,83.3,91.4,75.7,78
2026-07-24 07:00:02,2026-07-24 07:00:02,ecowitt,329139,11,2026-07-24 00:50,79.3,79.3,77.1,93,0.240,0.0,0,0.00,0.00,0.00,0.83,2.42,6.77,0.0,0.0,277,29.95,29.74,83.2,91.2,75.6,78
2026-07-24 07:00:02,2026-07-24 07:00:02,ecowitt,329139,12,2026-07-24 00:55,79.2,79.2,77.0,93,0.238,0.0,0,0.00,0.00,0.00,0.83,2.42,6.77,0.4,2.5,264,29.95,29.74,83.3,91.1,75.3,77
2026-07-24 07:00:02,2026-07-24 07:00:02,ecowitt,329139,13,2026-07-24 01:00,79.2,79.2,77.0,93,0.237,0.0,0,0.00,0.00,0.00,0.83,2.42,6.77,0.0,2.5,253,29.95,29.73,83.3,91.1,75.3,77
2026-07-24 07:00:02,2026-07-24 07:00:02,ecowitt,329139,14,2026-07-24 01:05,79.2,79.2,77.0,93,0.237,0.0,0,0.00,0.00,0.00,0.83,2.42,6.77,0.0,2.5,258,29.95,29.73,83.2,91.1,75.5,78
2026-07-24 07:00:02,2026-07-24 07:00:02,ecowitt,329139,15,2026-07-24 01:10,79.2,79.2,77.1,93,0.230,0.0,0,0.00,0.00,0.00,0.83,2.42,6.77,0.0,2.5,248,29.94,29.73,83.2,91.0,75.3,77
2026-07-24 07:00:02,2026-07-24 07:00:02,ecowitt,329139,16,2026-07-24 01:15,79.1,79.1,76.9,93,0.230,0.0,0,0.00,0.00,0.00,0.83,2.42,6.77,0.0,2.5,271,29.94,29.73,83.2,91.1,75.5,78
2026-07-24 07:00:02,2026-07-24 07:00:02,ecowitt,329139,17,2026-07-24 01:20,79.0,79.0,77.0,94,0.210,0.0,0,0.00,0.00,0.00,0.83,2.42,6.77,0.0,0.0,259,29.94,29.73,83.2,91.2,75.6,78
2026-07-24 07:00:02,2026-07-24 07:00:02,ecowitt,329139,18,2026-07-24 01:25,79.0,79.0,77.1,94,0.203,0.0,0,0.00,0.00,0.00,0.83,2.42,6.77,0.3,2.5,273,29.94,29.73,83.1,91.0,75.5,78
2026-07-24 07:00:02,2026-07-24 07:00:02,ecowitt,329139,19,2026-07-24 01:30,79.0,79.0,77.1,94,0.203,0.0,0,0.00,0.00,0.00,0.83,2.42,6.77,0.0,0.0,257,29.94,29.73,83.1,90.9,75.5,78
2026-07-24 07:00:02,2026-07-24 07:00:02,ecowitt,329139,20,2026-07-24 01:35,79.0,79.0,77.1,94,0.203,0.0,0,0.00,0.00,0.00,0.83,2.42,6.77,0.0,2.5,248,29.94,29.72,83.1,90.9,75.5,78
2026-07-24 07:00:02,2026-07-24 07:00:02,ecowitt,329139,21,2026-07-24 01:40,79.0,79.0,77.1,94,0.203,0.0,0,0.00,0.00,0.00,0.83,2.42,6.77,0.0,0.0,255,29.93,29.72,83.1,90.9,75.5,78
2026-07-24 07:00:02,2026-07-24 07:00:02,ecowitt,329139,22,2026-07-24 01:45,79.0,79.0,77.0,94,0.210,0.0,0,0.00,0.00,0.00,0.83,2.42,6.77,0.4,2.5,247,29.94,29.73,82.9,90.5,75.3,78
2026-07-24 07:00:02,2026-07-24 07:00:02,ecowitt,329139,23,2026-07-24 01:50,79.0,79.0,77.0,94,0.217,0.0,0,0.00,0.00,0.00,0.83,2.42,6.77,0.0,0.0,248,29.93,29.72,82.9,90.4,75.3,78
2026-07-24 07:00:02,2026-07-24 07:00:02,ecowitt,329139,24,2026-07-24 01:55,79.0,79.0,77.1,94,0.203,0.0,0,0.00,0.00,0.00,0.83,2.42,6.77,0.0,0.0,258,29.94,29.73,82.9,90.5,75.3,78
2026-07-24 07:00:02,2026-07-24 07:00:02,ecowitt,329139,25,2026-07-24 02:00,79.0,79.0,77.0,94,0.210,0.0,0,0.00,0.00,0.00,0.83,2.42,6.77,0.0,0.0,255,29.94,29.72,82.9,90.4,75.3,78
2026-07-24 07:00:02,2026-07-24 07:00:02,ecowitt,329139,26,2026-07-24 02:05,79.0,79.0,77.0,94,0.220,0.0,0,0.00,0.00,0.00,0.83,2.42,6.77,0.0,0.0,255,29.93,29.72,82.9,90.3,75.3,78
2026-07-24 07:00:02,2026-07-24 07:00:02,ecowitt,329139,27,2026-07-24 02:10,79.0,79.0,77.1,94,0.203,0.0,0,0.00,0.00,0.00,0.83,2.42,6.77,0.0,0.0,257,29.93,29.72,82.8,90.2,75.2,78
2026-07-24 07:00:02,2026-07-24 07:00:02,ecowitt,329139,28,2026-07-24 02:15,79.0,79.0,77.1,94,0.203,0.0,0,0.00,0.00,0.00,0.83,2.42,6.77,0.0,0.0,244,29.93,29.72,82.8,90.3,75.2,78
2026-07-24 07:00:02,2026-07-24 07:00:02,ecowitt,329139,29,2026-07-24 02:20,78.8,78.8,76.9,94,0.203,0.0,0,0.00,0.00,0.00,0.83,2.42,6.77,0.0,0.0,258,29.93,29.72,82.8,90.2,75.2,78
2026-07-24 07:00:02,2026-07-24 07:00:02,ecowitt,329139,30,2026-07-24 02:25,78.8,78.8,76.9,94,0.203,0.0,0,0.00,0.00,0.00,0.83,2.42,6.77,0.0,0.0,257,29.93,29.72,82.8,90.2,75.2,78
2026-07-24 07:00:02,2026-07-24 07:00:02,ecowitt,329139,31,2026-07-24 02:30,78.7,78.7,76.9,94,0.194,0.0,0,0.00,0.00,0.00,0.83,2.42,6.77,0.0,0.0,247,29.93,29.71,82.8,90.2,75.2,78
2026-07-24 07:00:02,2026-07-24 07:00:02,ecowitt,329139,32,2026-07-24 02:35,78.6,78.6,77.1,95,0.166,0.0,0,0.00,0.00,0.00,0.83,2.42,6.77,0.0,0.0,262,29.93,29.71,82.8,90.2,75.2,78
2026-07-24 07:00:02,2026-07-24 07:00:02,ecowitt,329139,33,2026-07-24 02:40,78.6,78.6,77.1,95,0.166,0.0,0,0.00,0.00,0.00,0.83,2.42,6.77,0.0,0.0,264,29.92,29.71,82.8,90.2,75.2,78
2026-07-24 07:00:02,2026-07-24 07:00:02,ecowitt,329139,34,2026-07-24 02:45,78.6,78.6,77.1,95,0.166,0.0,0,0.00,0.00,0.00,0.83,2.42,6.77,0.0,0.0,252,29.92,29.71,82.8,90.2,75.2,78
2026-07-24 07:00:02,2026-07-24 07:00:02,ecowitt,329139,35,2026-07-24 02:50,78.6,78.6,77.1,95,0.166,0.0,0,0.00,0.00,0.00,0.83,2.42,6.77,0.0,0.0,252,29.92,29.71,82.8,90.2,75.2,78
2026-07-24 07:00:02,2026-07-24 07:00:02,ecowitt,329139,36,2026-07-24 02:55,78.6,78.6,77.1,95,0.166,0.0,0,0.00,0.00,0.00,0.83,2.42,6.77,0.0,0.0,256,29.92,29.71,82.8,90.2,75.2,78
2026-07-24 07:00:02,2026-07-24 07:00:02,ecowitt,329139,37,2026-07-24 03:00,78.6,78.6,77.1,95,0.166,0.0,0,0.00,0.00,0.00,0.83,2.42,6.77,0.0,0.0,251,29.92,29.71,82.8,90.3,75.3,78
2026-07-24 07:00:02,2026-07-24 07:00:02,ecowitt,329139,38,2026-07-24 03:05,78.6,78.6,77.1,95,0.166,0.0,0,0.00,0.00,0.00,0.83,2.42,6.77,0.0,0.0,258,29.92,29.71,82.8,90.5,75.6,79
2026-07-24 07:00:02,2026-07-24 07:00:02,ecowitt,329139,39,2026-07-24 03:10,78.6,78.6,77.1,95,0.166,0.0,0,0.00,0.00,0.00,0.83,2.42,6.77,0.0,0.0,241,29.92,29.71,82.8,90.4,75.6,79
2026-07-24 07:00:02,2026-07-24 07:00:02,ecowitt,329139,40,2026-07-24 03:15,78.4,78.4,76.9,95,0.166,0.0,0,0.00,0.00,0.00,0.83,2.42,6.77,0.0,0.0,244,29.92,29.71,82.6,90.1,75.4,79
2026-07-24 07:00:02,2026-07-24 07:00:02,ecowitt,329139,41,2026-07-24 03:20,78.4,78.4,76.9,95,0.166,0.0,0,0.00,0.00,0.00,0.83,2.42,6.77,0.0,0.0,254,29.92,29.70,82.6,90.0,75.4,79
2026-07-24 07:00:02,2026-07-24 07:00:02,ecowitt,329139,42,2026-07-24 03:25,78.4,78.4,76.9,95,0.166,0.0,0,0.00,0.00,0.00,0.83,2.42,6.77,0.0,2.5,260,29.91,29.70,82.6,90.0,75.4,79
2026-07-24 07:00:02,2026-07-24 07:00:02,ecowitt,329139,43,2026-07-24 03:30,78.4,78.4,77.0,95,0.152,0.0,0,0.00,0.00,0.00,0.83,2.42,6.77,0.0,0.0,254,29.91,29.70,82.6,90.0,75.4,79
2026-07-24 07:00:02,2026-07-24 07:00:02,ecowitt,329139,44,2026-07-24 03:35,78.4,78.4,77.2,96,0.132,0.0,0,0.00,0.00,0.00,0.83,2.42,6.77,0.1,2.5,236,29.91,29.70,82.6,90.0,75.4,79
2026-07-24 07:00:02,2026-07-24 07:00:02,ecowitt,329139,45,2026-07-24 03:40,78.4,78.4,77.2,96,0.132,0.0,0,0.00,0.00,0.00,0.83,2.42,6.77,0.2,2.5,233,29.91,29.70,82.4,89.6,75.2,79
2026-07-24 07:00:02,2026-07-24 07:00:02,ecowitt,329139,46,2026-07-24 03:45,78.4,78.4,77.2,96,0.132,0.0,0,0.00,0.00,0.00,0.83,2.42,6.77,0.2,2.5,253,29.91,29.70,82.4,89.6,75.2,79
2026-07-24 07:00:02,2026-07-24 07:00:02,ecowitt,329139,47,2026-07-24 03:50,78.3,78.3,77.1,96,0.132,0.0,0,0.00,0.00,0.00,0.83,2.42,6.77,0.0,0.0,253,29.91,29.70,82.4,89.5,75.2,79
2026-07-24 07:00:02,2026-07-24 07:00:02,ecowitt,329139,48,2026-07-24 03:55,78.3,78.3,77.1,96,0.132,0.0,0,0.00,0.00,0.00,0.83,2.42,6.77,0.0,0.0,262,29.91,29.69,82.4,89.5,75.2,79
2026-07-24 07:00:02,2026-07-24 07:00:02,ecowitt,329139,49,2026-07-24 04:00,78.3,78.3,77.1,96,0.132,0.0,0,0.00,0.00,0.00,0.83,2.42,6.77,0.0,0.0,249,29.91,29.69,82.4,89.5,75.2,79
2026-07-24 07:00:02,2026-07-24 07:00:02,ecowitt,329139,50,2026-07-24 04:05,78.3,78.3,77.1,96,0.132,0.0,0,0.00,0.00,0.00,0.83,2.42,6.77,0.0,0.0,255,29.91,29.69,82.4,89.5,75.2,79
2026-07-24 07:00:02,2026-07-24 07:00:02,ecowitt,329139,51,2026-07-24 04:10,78.3,78.3,77.1,96,0.132,0.0,0,0.00,0.00,0.00,0.83,2.42,6.77,0.0,0.0,258,29.91,29.69,82.4,89.5,75.2,79
2026-07-24 07:00:02,2026-07-24 07:00:02,ecowitt,329139,52,2026-07-24 04:15,78.3,78.3,77.1,96,0.132,0.0,0,0.00,0.00,0.00,0.83,2.42,6.77,0.0,0.0,241,29.91,29.69,82.3,89.3,75.1,79
2026-07-24 07:00:02,2026-07-24 07:00:02,ecowitt,329139,53,2026-07-24 04:20,78.3,78.3,77.4,97,0.105,0.0,0,0.00,0.00,0.00,0.83,2.42,6.77,0.0,0.0,243,29.90,29.69,82.2,89.1,75.0,79
2026-07-24 07:00:02,2026-07-24 07:00:02,ecowitt,329139,54,2026-07-24 04:25,78.3,78.3,77.2,96,0.119,0.0,0,0.00,0.00,0.00,0.83,2.42,6.77,0.0,0.0,232,29.90,29.69,82.2,89.1,75.0,79
2026-07-24 07:00:02,2026-07-24 07:00:02,ecowitt,329139,55,2026-07-24 04:30,78.3,78.3,77.4,97,0.098,0.0,0,0.00,0.00,0.00,0.83,2.42,6.77,0.0,0.0,247,29.90,29.69,82.2,89.0,75.0,79
2026-07-24 07:00:02,2026-07-24 07:00:02,ecowitt,329139,56,2026-07-24 04:35,78.3,78.3,77.3,97,0.105,0.0,0,0.00,0.00,0.00,0.83,2.42,6.77,0.0,0.0,249,29.90,29.69,82.2,89.1,75.0,79
2026-07-24 07:00:02,2026-07-24 07:00:02,ecowitt,329139,57,2026-07-24 04:40,78.3,78.3,77.1,96,0.132,0.0,0,0.00,0.00,0.00,0.83,2.42,6.77,0.0,0.0,229,29.90,29.69,82.2,89.0,75.0,79
2026-07-24 07:00:02,2026-07-24 07:00:02,ecowitt,329139,58,2026-07-24 04:45,78.3,78.3,77.1,96,0.132,0.0,0,0.00,0.00,0.00,0.83,2.42,6.77,0.0,0.0,220,29.91,29.69,82.2,89.0,75.0,79
2026-07-24 07:00:02,2026-07-24 07:00:02,ecowitt,329139,59,2026-07-24 04:50,78.3,78.3,77.1,96,0.132,0.0,0,0.00,0.00,0.00,0.83,2.42,6.77,0.0,0.0,247,29.91,29.70,82.2,89.0,75.0,79
2026-07-24 07:00:02,2026-07-24 07:00:02,ecowitt,329139,60,2026-07-24 04:55,78.3,78.3,77.1,96,0.132,0.0,0,0.00,0.00,0.00,0.83,2.42,6.77,0.0,0.0,250,29.91,29.69,82.2,89.0,75.0,79
2026-07-24 07:00:02,2026-07-24 07:00:02,ecowitt,329139,61,2026-07-24 05:00,78.4,78.4,77.2,96,0.132,0.0,0,0.00,0.00,0.00,0.83,2.42,6.77,0.0,0.0,249,29.90,29.69,82.2,89.0,75.0,79
2026-07-24 07:00:02,2026-07-24 07:00:02,ecowitt,329139,62,2026-07-24 05:05,78.4,78.4,77.2,96,0.132,0.0,0,0.00,0.00,0.00,0.83,2.42,6.77,0.0,0.0,239,29.90,29.69,82.2,89.0,75.0,79
2026-07-24 07:00:02,2026-07-24 07:00:02,ecowitt,329139,63,2026-07-24 05:10,78.4,78.4,77.2,96,0.132,0.0,0,0.00,0.00,0.00,0.83,2.42,6.77,0.0,0.0,246,29.90,29.69,82.0,88.6,74.8,79
2026-07-24 07:00:02,2026-07-24 07:00:02,ecowitt,329139,64,2026-07-24 05:15,78.3,78.3,77.1,96,0.132,0.0,0,0.00,0.00,0.00,0.83,2.42,6.77,0.0,0.0,245,29.90,29.69,82.0,88.6,74.8,79
2026-07-24 07:00:02,2026-07-24 07:00:02,ecowitt,329139,65,2026-07-24 05:20,78.3,78.3,77.1,96,0.132,0.0,0,0.00,0.00,0.00,0.83,2.42,6.77,0.0,0.0,244,29.90,29.69,82.0,88.5,74.8,79
2026-07-24 07:00:02,2026-07-24 07:00:02,ecowitt,329139,66,2026-07-24 05:25,78.3,78.3,77.1,96,0.132,0.0,0,0.00,0.00,0.00,0.83,2.42,6.77,0.0,0.0,240,29.90,29.69,82.0,88.5,74.8,79
2026-07-24 07:00:02,2026-07-24 07:00:02,ecowitt,329139,67,2026-07-24 05:30,78.3,78.3,77.1,96,0.132,0.0,0,0.00,0.00,0.00,0.83,2.42,6.77,0.0,0.0,237,29.90,29.69,82.0,88.5,74.8,79
2026-07-24 07:00:02,2026-07-24 07:00:02,ecowitt,329139,68,2026-07-24 05:35,78.3,78.3,77.0,96,0.139,0.0,0,0.00,0.00,0.00,0.83,2.42,6.77,0.0,0.0,249,29.90,29.69,82.0,88.5,74.8,79
2026-07-24 07:00:02,2026-07-24 07:00:02,ecowitt,329139,69,2026-07-24 05:40,78.3,78.3,77.1,96,0.132,0.0,0,0.00,0.00,0.00,0.83,2.42,6.77,0.0,0.0,248,29.90,29.69,82.0,88.5,74.8,79
2026-07-24 07:00:02,2026-07-24 07:00:02,ecowitt,329139,70,2026-07-24 05:45,78.3,78.3,77.1,96,0.132,0.0,0,0.00,0.00,0.00,0.83,2.42,6.77,0.0,0.0,243,29.90,29.69,82.0,88.5,74.8,79
2026-07-24 07:00:02,2026-07-24 07:00:02,ecowitt,329139,71,2026-07-24 05:50,78.4,78.4,77.2,96,0.132,5.1,0,0.00,0.00,0.00,0.83,2.42,6.77,0.0,0.0,252,29.90,29.69,82.0,88.5,74.8,79
2026-07-24 07:00:02,2026-07-24 07:00:02,ecowitt,329139,72,2026-07-24 05:55,78.4,78.4,77.2,96,0.132,17.6,0,0.00,0.00,0.00,0.83,2.42,6.77,0.0,0.0,247,29.90,29.69,82.0,88.5,74.8,79
2026-07-24 07:00:02,2026-07-24 07:00:02,ecowitt,329139,73,2026-07-24 06:00,78.4,78.4,77.2,96,0.132,24.4,0,0.00,0.00,0.00,0.83,2.42,6.77,0.0,0.0,249,29.90,29.69,82.0,88.6,74.9,79
2026-07-24 07:00:02,2026-07-24 07:00:02,ecowitt,329139,74,2026-07-24 06:05,78.4,78.4,77.1,96,0.146,32.3,0,0.00,0.00,0.00,0.83,2.42,6.77,0.3,2.5,253,29.90,29.69,82.0,88.7,75.0,80
2026-07-24 07:00:02,2026-07-24 07:00:02,ecowitt,329139,75,2026-07-24 06:10,78.5,78.5,77.0,95,0.166,39.6,1,0.00,0.00,0.00,0.83,2.42,6.77,0.0,0.0,251,29.91,29.69,82.0,88.8,75.2,80
2026-07-24 07:00:02,2026-07-24 07:00:02,ecowitt,329139,76,2026-07-24 06:15,78.6,78.6,77.1,95,0.166,48.7,1,0.00,0.00,0.00,0.83,2.42,6.77,0.0,0.0,249,29.91,29.69,82.0,88.8,75.2,80
2026-07-24 07:00:02,2026-07-24 07:00:02,ecowitt,329139,77,2026-07-24 06:20,78.8,78.8,77.0,94,0.196,62.0,1,0.00,0.00,0.00,0.83,2.42,6.77,0.0,0.0,258,29.91,29.70,82.0,88.8,75.2,80
2026-07-24 07:00:02,2026-07-24 07:00:02,ecowitt,329139,78,2026-07-24 06:25,79.1,79.1,77.2,94,0.203,75.7,1,0.00,0.00,0.00,0.83,2.42,6.77,0.0,0.0,256,29.91,29.70,82.0,88.8,75.2,80
2026-07-24 07:00:02,2026-07-24 07:00:02,ecowitt,329139,79,2026-07-24 06:30,79.4,79.4,77.5,94,0.207,119.0,1,0.00,0.00,0.00,0.83,2.42,6.77,0.0,0.0,255,29.91,29.70,82.0,88.8,75.2,80
2026-07-24 07:00:02,2026-07-24 07:00:02,ecowitt,329139,80,2026-07-24 06:35,80.0,83.8,77.6,92,0.266,147.8,1,0.00,0.00,0.00,0.83,2.42,6.77,0.0,0.0,260,29.91,29.70,82.0,88.8,75.2,80
2026-07-24 07:00:02,2026-07-24 07:00:02,ecowitt,329139,81,2026-07-24 06:40,80.7,87.7,77.7,91,0.330,195.2,1,0.00,0.00,0.00,0.83,2.42,6.77,0.0,0.0,262,29.92,29.70,82.0,88.8,75.2,80
2026-07-24 07:00:02,2026-07-24 07:00:02,ecowitt,329139,82,2026-07-24 06:45,81.4,89.5,78.0,89,0.388,214.9,1,0.00,0.00,0.00,0.83,2.42,6.77,0.0,0.0,267,29.92,29.71,82.0,88.7,75.2,80
2026-07-24 07:00:02,2026-07-24 07:00:02,ecowitt,329139,83,2026-07-24 06:50,82.0,91.0,78.1,88,0.456,236.9,1,0.00,0.00,0.00,0.83,2.42,6.77,0.1,2.5,252,29.92,29.71,81.9,88.6,75.1,80
2026-07-24 07:00:02,2026-07-24 07:00:02,ecowitt,329139,84,2026-07-24 06:55,82.6,92.3,78.3,87,0.494,261.1,1,0.00,0.00,0.00,0.83,2.42,6.77,0.0,2.5,256,29.92,29.71,81.9,88.6,75.1,80
2026-07-24 07:00:02,2026-07-24 07:00:02,ecowitt,329139,85,2026-07-24 07:00,83.1,93.5,78.4,86,0.549,284.6,1,0.00,0.00,0.00,0.83,2.42,6.77,0.0,0.0,253,29.92,29.71,82.0,88.8,75.2,80
2026-07-24 07:00:02,2026-07-24 07:00:02,ecowitt,329139,86,2026-07-24 07:05,83.8,95.2,78.7,85,0.601,288.7,2,0.00,0.00,0.00,0.83,2.42,6.77,0.0,0.0,251,29.92,29.71,82.0,88.8,75.2,80
2026-07-24 07:00:02,2026-07-24 07:00:02,ecowitt,329139,87,2026-07-24 07:10,84.3,96.2,78.8,84,0.662,306.7,2,0.00,0.00,0.00,0.83,2.42,6.77,0.1,2.5,226,29.92,29.71,82.0,88.8,75.2,80
2026-07-24 07:00:02,2026-07-24 07:00:02,ecowitt,329139,88,2026-07-24 07:15,84.5,96.7,78.9,83,0.669,332.7,2,0.00,0.00,0.00,0.83,2.42,6.77,0.2,2.5,288,29.92,29.71,82.0,88.8,75.2,80
2026-07-24 07:00:02,2026-07-24 07:00:02,ecowitt,329139,89,2026-07-24 07:20,84.8,97.4,79.1,83,0.694,360.3,2,0.00,0.00,0.00,0.83,2.42,6.77,0.2,2.5,272,29.92,29.71,82.0,88.8,75.2,80
2026-07-24 07:00:02,2026-07-24 07:00:02,ecowitt,329139,90,2026-07-24 07:25,84.9,97.8,79.1,83,0.715,386.4,2,0.00,0.00,0.00,0.83,2.42,6.77,0.2,2.5,248,29.92,29.71,82.1,89.2,75.6,81
2026-07-24 07:00:02,2026-07-24 07:00:02,ecowitt,329139,91,2026-07-24 07:30,85.5,99.5,79.5,82,0.735,398.4,2,0.00,0.00,0.00,0.83,2.42,6.77,0.0,2.5,260,29.93,29.71,82.2,89.5,75.8,81
2026-07-24 07:00:02,2026-07-24 07:00:02,ecowitt,329139,92,2026-07-24 07:35,85.5,99.3,79.4,82,0.761,444.4,2,0.00,0.00,0.00,0.83,2.42,6.77,1.2,4.9,276,29.93,29.71,82.2,89.5,75.8,81
2026-07-24 07:00:02,2026-07-24 07:00:02,ecowitt,329139,93,2026-07-24 07:40,85.5,99.4,79.5,82,0.743,483.5,2,0.00,0.00,0.00,0.83,2.42,6.77,0.6,4.9,259,29.93,29.71,82.4,90.0,76.0,81
2026-07-24 07:00:02,2026-07-24 07:00:02,ecowitt,329139,94,2026-07-24 07:45,85.8,100.3,79.8,82,0.742,486.1,3,0.00,0.00,0.00,0.83,2.42,6.77,0.3,2.5,221,29.93,29.72,82.6,90.6,76.2,81
2026-07-24 07:00:02,2026-07-24 07:00:02,ecowitt,329139,95,2026-07-24 07:50,85.3,98.9,79.4,82,0.731,253.3,2,0.00,0.00,0.00,0.83,2.42,6.77,0.8,4.9,256,29.93,29.72,82.7,90.9,76.3,81
2026-07-24 07:00:02,2026-07-24 07:00:02,ecowitt,329139,96,2026-07-24 07:55,84.7,97.6,79.3,84,0.651,217.5,2,0.00,0.00,0.00,0.83,2.42,6.77,0.4,2.5,253,29.93,29.72,82.8,91.1,76.4,81
2026-07-24 07:00:02,2026-07-24 07:00:02,ecowitt,329139,97,2026-07-24 08:00,84.2,96.7,79.2,85,0.600,260.3,2,0.00,0.00,0.00,0.83,2.42,6.77,0.9,2.5,257,29.93,29.72,82.9,91.3,76.5,81
2026-07-24 07:00:02,2026-07-24 07:00:02,ecowitt,329139,98,2026-07-24 08:05,84.2,96.7,79.3,85,0.592,249.9,2,0.00,0.00,0.00,0.83,2.42,6.77,0.5,2.5,254,29.93,29.72,82.9,91.4,76.5,81
2026-07-24 07:00:02,2026-07-24 07:00:02,ecowitt,329139,99,2026-07-24 08:10,84.5,97.7,79.7,86,0.586,319.1,3,0.00,0.00,0.00,0.83,2.42,6.77,1.0,2.5,251,29.93,29.72,83.0,91.5,76.5,81
2026-07-24 07:00:02,2026-07-24 07:00:02,ecowitt,329139,100,2026-07-24 08:15,84.6,97.8,79.6,85,0.606,295.3,3,0.00,0.00,0.00,0.83,2.42,6.77,0.5,2.5,238,29.93,29.72,83.1,91.9,76.7,81
2026-07-24 07:00:02,2026-07-24 07:00:02,ecowitt,329139,101,2026-07-24 08:20,85.1,99.0,79.8,84,0.652,537.5,4,0.00,0.00,0.00,0.83,2.42,6.77,1.9,4.9,247,29.93,29.72,83.3,92.5,77.0,81
2026-07-24 07:00:02,2026-07-24 07:00:02,ecowitt,329139,102,2026-07-24 08:25,85.3,99.4,79.7,83,0.689,232.2,2,0.00,0.00,0.00,0.83,2.42,6.77,1.6,4.9,247,29.94,29.72,83.5,92.9,77.1,81
2026-07-24 07:00:02,2026-07-24 07:00:02,ecowitt,329139,103,2026-07-24 08:30,85.1,98.6,79.5,84,0.676,247.6,3,0.00,0.00,0.00,0.83,2.42,6.77,1.7,10.1,245,29.94,29.72,83.5,93.0,77.1,81
2026-07-24 07:00:02,2026-07-24 07:00:02,ecowitt,329139,104,2026-07-24 08:35,85.2,99.2,79.8,84,0.662,655.4,4,0.00,0.00,0.00,0.83,2.42,6.77,0.1,2.5,267,29.93,29.72,83.6,93.3,77.2,81
2026-07-24 07:00:02,2026-07-24 07:00:02,ecowitt,329139,105,2026-07-24 08:40,85.8,100.4,79.8,82,0.742,422.6,3,0.00,0.00,0.00,0.83,2.42,6.77,1.7,4.9,258,29.93,29.72,83.7,93.6,77.3,81
2026-07-24 07:00:02,2026-07-24 07:00:02,ecowitt,329139,106,2026-07-24 08:45,86.2,101.9,80.3,83,0.745,662.1,5,0.00,0.00,0.00,0.83,2.42,6.77,0.0,2.5,237,29.93,29.72,83.8,93.9,77.4,81
2026-07-24 07:00:02,2026-07-24 07:00:02,ecowitt,329139,107,2026-07-24 08:50,86.6,102.1,80.0,81,0.831,245.2,2,0.00,0.00,0.00,0.83,2.42,6.77,0.7,2.5,218,29.93,29.72,84.0,94.4,77.5,81
2026-07-24 07:00:02,2026-07-24 07:00:02,ecowitt,329139,108,2026-07-24 08:55,85.9,100.7,79.9,82,0.754,195.5,2,0.00,0.00,0.00,0.83,2.42,6.77,0.4,2.5,258,29.94,29.72,84.1,94.6,77.6,81
2026-07-24 07:00:02,2026-07-24 07:00:02,ecowitt,329139,109,2026-07-24 09:00,85.6,100.2,79.8,83,0.713,810.5,6,0.00,0.00,0.00,0.83,2.42,6.77,0.2,2.5,274,29.93,29.72,84.1,94.5,77.4,80
2026-07-24 07:00:02,2026-07-24 07:00:02,ecowitt,329139,110,2026-07-24 09:05,87.1,103.7,80.5,81,0.855,821.2,6,0.00,0.00,0.00,0.83,2.42,6.77,0.5,4.9,253,29.93,29.72,84.3,94.9,77.5,80
2026-07-24 07:00:02,2026-07-24 07:00:02,ecowitt,329139,111,2026-07-24 09:10,87.8,104.9,80.5,79,0.957,514.8,4,0.00,0.00,0.00,0.83,2.42,6.77,0.8,2.5,243,29.94,29.72,84.5,95.5,77.8,80
2026-07-24 07:00:02,2026-07-24 07:00:02,ecowitt,329139,112,2026-07-24 09:15,88.3,105.9,80.6,78,1.005,834.2,6,0.00,0.00,0.00,0.83,2.42,6.77,0.6,2.5,250,29.93,29.72,84.7,95.8,77.8,80
2026-07-24 07:00:02,2026-07-24 07:00:02,ecowitt,329139,113,2026-07-24 09:20,87.9,104.6,80.2,78,1.002,634.2,6,0.00,0.00,0.00,0.83,2.42,6.77,1.3,4.9,251,29.94,29.72,84.8,96.3,77.9,80
2026-07-24 07:00:02,2026-07-24 07:00:02,ecowitt,329139,114,2026-07-24 09:25,87.4,103.9,80.2,79,0.924,525.7,5,0.00,0.00,0.00,0.83,2.42,6.77,0.6,2.5,244,29.94,29.72,85.0,96.7,78.1,80
2026-07-24 07:00:02,2026-07-24 07:00:02,ecowitt,329139,115,2026-07-24 09:30,87.4,103.2,79.8,78,0.967,343.0,4,0.00,0.00,0.00,0.83,2.42,6.77,0.7,7.6,249,29.93,29.72,85.1,97.0,78.1,80
2026-07-24 07:00:02,2026-07-24 07:00:02,ecowitt,329139,116,2026-07-24 09:35,86.9,101.8,79.5,79,0.924,504.4,5,0.00,0.00,0.00,0.83,2.42,6.77,1.3,4.9,260,29.93,29.72,85.3,97.2,78.1,79
2026-07-24 07:00:02,2026-07-24 07:00:02,ecowitt,329139,117,2026-07-24 09:40,86.9,102.3,79.7,79,0.910,900.0,8,0.00,0.00,0.00,0.83,2.42,6.77,1.7,4.9,263,29.93,29.72,85.3,97.2,78.1,79
2026-07-24 07:00:02,2026-07-24 07:00:02,ecowitt,329139,118,2026-07-24 09:45,87.4,103.3,79.9,78,0.962,909.3,8,0.00,0.00,0.00,0.83,2.42,6.77,1.7,4.9,252,29.93,29.72,85.5,97.8,78.2,79
2026-07-24 07:00:02,2026-07-24 07:00:02,ecowitt,329139,119,2026-07-24 09:50,88.9,104.0,78.7,72,1.300,953.9,9,0.00,0.00,0.00,0.83,2.42,6.77,3.1,4.9,239,29.93,29.72,85.8,98.7,78.5,79
2026-07-24 07:00:02,2026-07-24 07:00:02,ecowitt,329139,120,2026-07-24 09:55,89.1,106.0,79.7,74,1.217,1035.0,9,0.00,0.00,0.00,0.83,2.42,6.77,2.5,4.9,264,29.93,29.72,86.1,99.2,78.4,78
2026-07-24 07:00:02,2026-07-24 07:00:02,ecowitt,329139,121,2026-07-24 10:00,89.7,108.1,80.5,75,1.210,1031.2,9,0.00,0.00,0.00,0.83,2.42,6.77,2.1,10.1,280,29.93,29.72,86.5,100.2,78.8,78
2026-07-24 07:00:02,2026-07-24 07:00:02,ecowitt,329139,122,2026-07-24 10:05,87.6,101.6,78.5,75,1.136,220.3,2,0.00,0.00,0.00,0.83,2.42,6.77,1.2,4.9,299,29.93,29.72,86.7,100.6,78.8,78
2026-07-24 07:00:02,2026-07-24 07:00:02,ecowitt,329139,123,2026-07-24 10:10,84.7,95.4,77.5,79,0.848,224.2,2,0.07,0.01,0.01,0.84,2.43,6.78,1.5,10.1,280,29.94,29.72,86.2,98.3,77.6,76
2026-07-24 07:00:02,2026-07-24 07:00:02,ecowitt,329139,124,2026-07-24 10:15,82.8,92.0,77.5,84,0.603,291.8,3,0.07,0.01,0.01,0.84,2.43,6.78,0.5,2.5,276,29.94,29.72,85.8,97.0,77.1,75
2026-07-24 07:00:02,2026-07-24 07:00:02,ecowitt,329139,125,2026-07-24 10:20,81.7,89.5,77.0,86,0.534,400.8,4,0.07,0.01,0.01,0.84,2.43,6.78,0.0,2.5,277,29.93,29.72,85.6,96.6,77.2,76
2026-07-24 07:00:02,2026-07-24 07:00:02,ecowitt,329139,126,2026-07-24 10:25,82.2,90.6,77.3,85,0.548,530.6,6,0.00,0.01,0.01,0.84,2.43,6.78,0.0,0.0,299,29.93,29.72,85.5,96.5,77.1,76
2026-07-24 07:00:02,2026-07-24 07:00:02,ecowitt,329139,127,2026-07-24 10:30,83.4,93.6,77.9,83,0.649,725.8,8,0.00,0.01,0.01,0.84,2.43,6.78,0.0,0.0,28,29.93,29.71,85.5,96.3,77.1,76
2026-07-24 07:00:02,2026-07-24 07:00:02,ecowitt,329139,128,2026-07-24 10:35,85.1,98.0,79.0,82,0.743,619.3,6,0.00,0.01,0.01,0.84,2.43,6.78,0.0,0.0,326,29.92,29.71,85.5,96.4,77.1,76
2026-07-24 07:00:02,2026-07-24 07:00:02,ecowitt,329139,129,2026-07-24 10:40,86.2,100.2,79.1,79,0.880,582.8,6,0.00,0.01,0.01,0.84,2.43,6.78,0.0,2.5,225,29.93,29.71,85.5,96.5,77.1,76
2026-07-24 07:00:02,2026-07-24 07:00:02,ecowitt,329139,130,2026-07-24 10:45,86.5,100.8,79.2,79,0.905,608.7,6,0.00,0.01,0.01,0.84,2.43,6.78,0.0,0.0,190,29.92,29.71,85.6,97.2,77.6,77
2026-07-24 07:00:02,2026-07-24 07:00:02,ecowitt,329139,131,2026-07-24 10:50,86.6,101.0,79.3,79,0.907,621.8,7,0.00,0.01,0.01,0.84,2.43,6.78,2.9,10.1,240,29.93,29.72,85.7,97.5,77.7,77
2026-07-24 07:00:02,2026-07-24 07:00:02,ecowitt,329139,132,2026-07-24 10:55,83.2,91.9,76.6,81,0.757,167.9,2,0.00,0.01,0.01,0.84,2.43,6.78,7.3,12.5,255,29.93,29.72,85.7,97.2,77.5,77
2026-07-24 07:00:02,2026-07-24 07:00:02,ecowitt,329139,133,2026-07-24 11:00,80.2,83.7,76.1,87,0.443,204.7,2,0.00,0.00,0.01,0.84,2.43,6.78,3.2,10.1,256,29.93,29.72,85.3,95.9,76.9,76
2026-07-24 07:00:02,2026-07-24 07:00:02,ecowitt,329139,134,2026-07-24 11:05,79.6,79.6,76.4,90,0.337,167.6,2,0.00,0.00,0.01,0.84,2.43,6.78,2.0,4.9,236,29.93,29.72,85.0,95.0,76.6,76
2026-07-24 07:00:02,2026-07-24 07:00:02,ecowitt,329139,135,2026-07-24 11:10,79.3,79.3,76.4,91,0.307,256.3,3,0.00,0.00,0.01,0.84,2.43,6.78,4.2,7.6,246,29.93,29.72,84.7,94.3,76.3,76
2026-07-24 07:00:02,2026-07-24 07:00:02,ecowitt,329139,136,2026-07-24 11:15,79.4,79.4,76.6,91,0.294,495.6,6,0.00,0.00,0.01,0.84,2.43,6.78,5.9,17.4,236,29.93,29.72,84.7,94.2,76.3,76
2026-07-24 07:00:02,2026-07-24 07:00:02,ecowitt,329139,137,2026-07-24 11:20,80.2,85.3,77.3,91,0.324,419.7,5,0.00,0.00,0.01,0.84,2.43,6.78,4.1,7.6,244,29.93,29.71,84.7,94.4,76.5,77
2026-07-24 07:00:02,2026-07-24 07:00:02,ecowitt,329139,138,2026-07-24 11:25,81.0,88.3,77.6,90,0.376,337.3,4,0.00,0.00,0.01,0.84,2.43,6.78,2.9,7.6,256,29.93,29.72,84.8,95.0,76.8,77
2026-07-24 07:00:02,2026-07-24 07:00:02,ecowitt,329139,139,2026-07-24 11:30,81.1,88.6,77.8,90,0.370,250.3,3,0.14,0.02,0.04,0.86,2.46,6.80,2.2,4.9,259,29.93,29.72,85.2,96.0,77.2,77
2026-07-24 07:00:02,2026-07-24 07:00:02,ecowitt,329139,140,2026-07-24 11:35,80.6,87.8,78.1,92,0.293,233.6,3,0.21,0.04,0.05,0.87,2.47,6.82,1.3,4.9,265,29.93,29.71,85.3,96.3,77.3,77
2026-07-24 07:00:02,2026-07-24 07:00:02,ecowitt,329139,141,2026-07-24 11:40,80.2,86.5,77.8,92,0.274,222.9,2,0.21,0.04,0.05,0.87,2.47,6.82,5.0,10.1,243,29.92,29.71,85.3,96.8,77.7,78
2026-07-24 07:00:02,2026-07-24 07:00:02,ecowitt,329139,142,2026-07-24 11:45,79.9,79.9,77.6,93,0.251,235.2,3,0.07,0.04,0.05,0.87,2.47,6.82,4.0,10.1,242,29.92,29.71,85.1,96.0,77.2,77
2026-07-24 07:00:02,2026-07-24 07:00:02,ecowitt,329139,143,2026-07-24 11:50,79.8,79.8,77.5,93,0.261,240.8,3,0.00,0.04,0.05,0.87,2.47,6.82,4.7,10.1,226,29.93,29.71,85.0,95.5,77.0,77
2026-07-24 07:00:02,2026-07-24 07:00:02,ecowitt,329139,144,2026-07-24 11:55,79.7,79.7,76.8,91,0.318,260.6,3,0.00,0.04,0.05,0.87,2.47,6.82,5.3,10.1,248,29.93,29.71,84.8,95.0,76.8,77
2026-07-24 07:00:02,2026-07-24 07:00:02,ecowitt,329139,145,2026-07-24 12:00,79.7,79.7,76.0,88,0.402,340.0,4,0.00,0.00,0.05,0.87,2.47,6.82,4.8,12.5,264,29.92,29.71,84.5,94.1,76.4,77
2026-07-24 07:00:02,2026-07-24 07:00:02,ecowitt,329139,146,2026-07-24 12:05,80.0,83.3,76.3,88,0.405,333.2,4,0.00,0.00,0.05,0.87,2.47,6.82,4.5,10.1,259,29.92,29.71,84.4,93.5,76.0,76
2026-07-24 07:00:02,2026-07-24 07:00:02,ecowitt,329139,147,2026-07-24 12:10,80.1,85.8,76.5,89,0.393,326.1,3,0.00,0.00,0.05,0.87,2.47,6.82,4.8,12.5,263,29.92,29.71,84.2,93.0,75.8,76
2026-07-24 07:00:02,2026-07-24 07:00:02,ecowitt,329139,148,2026-07-24 12:15,80.1,85.8,76.6,89,0.385,300.8,3,0.00,0.00,0.05,0.87,2.47,6.82,4.2,10.1,247,29.92,29.71,84.0,92.7,75.8,77
2026-07-24 07:00:02,2026-07-24 07:00:02,ecowitt,329139,149,2026-07-24 12:20,80.0,83.4,76.5,89,0.385,243.1,3,0.00,0.00,0.05,0.87,2.47,6.82,3.9,7.6,243,29.92,29.70,84.0,92.9,76.0,77
2026-07-24 07:00:02,2026-07-24 07:00:02,ecowitt,329139,150,2026-07-24 12:25,79.7,79.7,76.4,90,0.359,179.9,2,0.00,0.00,0.05,0.87,2.47,6.82,3.4,7.6,252,29.92,29.70,84.0,92.9,76.0,77
2026-07-24 07:00:02,2026-07-24 07:00:02,ecowitt,329139,151,2026-07-24 12:30,79.7,79.7,76.5,90,0.346,176.8,2,0.00,0.00,0.05,0.87,2.47,6.82,2.5,7.6,254,29.92,29.70,84.0,92.9,76.0,77
2026-07-24 07:00:02,2026-07-24 07:00:02,ecowitt,329139,152,2026-07-24 12:35,79.9,79.9,76.7,90,0.349,207.0,2,0.00,0.00,0.05,0.87,2.47,6.82,2.1,7.6,267,29.91,29.70,84.0,92.9,76.0,77
2026-07-24 07:00:02,2026-07-24 07:00:02,ecowitt,329139,153,2026-07-24 12:40,80.2,86.1,77.0,90,0.351,216.7,2,0.00,0.00,0.05,0.87,2.47,6.82,2.6,4.9,253,29.91,29.69,84.0,92.9,76.0,77
2026-07-24 07:00:02,2026-07-24 07:00:02,ecowitt,329139,154,2026-07-24 12:45,80.5,87.0,77.2,90,0.363,218.2,2,0.00,0.00,0.05,0.87,2.47,6.82,3.3,7.6,246,29.90,29.69,84.0,92.9,76.0,77
2026-07-24 07:00:02,2026-07-24 07:00:02,ecowitt,329139,155,2026-07-24 12:50,80.8,87.6,77.3,89,0.384,218.2,2,0.00,0.00,0.05,0.87,2.47,6.82,2.5,7.6,251,29.90,29.69,84.0,92.9,76.0,77
2026-07-24 07:00:02,2026-07-24 07:00:02,ecowitt,329139,156,2026-07-24 12:55,81.1,88.5,77.6,89,0.391,220.8,2,0.00,0.00,0.05,0.87,2.47,6.82,1.7,4.9,235,29.90,29.69,84.0,92.9,76.0,77
2026-07-24 07:00:02,2026-07-24 07:00:02,ecowitt,329139,157,2026-07-24 13:00,81.2,88.6,77.4,88,0.423,229.5,2,0.00,0.00,0.05,0.87,2.47,6.82,2.2,7.6,238,29.90,29.68,84.0,92.9,76.0,77
2026-07-24 07:00:02,2026-07-24 07:00:02,ecowitt,329139,158,2026-07-24 13:05,81.2,88.7,77.5,89,0.416,238.3,2,0.00,0.00,0.05,0.87,2.47,6.82,1.7,4.9,253,29.90,29.69,84.0,92.9,76.0,77
2026-07-24 07:00:02,2026-07-24 07:00:02,ecowitt,329139,159,2026-07-24 13:10,81.3,88.9,77.5,88,0.430,242.9,3,0.00,0.00,0.05,0.87,2.47,6.82,1.7,4.9,254,29.89,29.68,84.0,92.9,76.0,77
2026-07-24 07:00:02,2026-07-24 07:00:02,ecowitt,329139,160,2026-07-24 13:15,81.5,89.4,77.7,88,0.425,250.5,3,0.00,0.00,0.05,0.87,2.47,6.82,1.1,4.9,267,29.89,29.68,84.0,92.9,76.0,77
2026-07-24 07:00:02,2026-07-24 07:00:02,ecowitt,329139,161,2026-07-24 13:20,81.7,89.9,77.7,88,0.459,258.3,3,0.00,0.00,0.05,0.87,2.47,6.82,3.3,7.6,259,29.89,29.68,84.0,93.2,76.3,78
2026-07-24 07:00:02,2026-07-24 07:00:02,ecowitt,329139,162,2026-07-24 13:25,81.7,90.0,77.8,88,0.444,271.1,3,0.00,0.00,0.05,0.87,2.47,6.82,2.7,7.6,255,29.89,29.68,84.1,93.3,76.3,77
2026-07-24 07:00:02,2026-07-24 07:00:02,ecowitt,329139,163,2026-07-24 13:30,81.9,90.6,78.0,88,0.447,295.5,3,0.00,0.00,0.05,0.87,2.47,6.82,2.0,4.9,265,29.88,29.67,84.2,93.8,76.6,78
2026-07-24 07:00:02,2026-07-24 07:00:02,ecowitt,329139,164,2026-07-24 13:35,82.0,90.8,78.1,88,0.440,302.9,3,0.00,0.00,0.05,0.87,2.47,6.82,2.5,4.9,234,29.88,29.67,84.2,93.8,76.6,78
2026-07-24 07:00:02,2026-07-24 07:00:02,ecowitt,329139,165,2026-07-24 13:40,82.2,91.3,78.1,87,0.473,302.0,3,0.00,0.00,0.05,0.87,2.47,6.82,2.5,7.6,254,29.88,29.67,84.2,93.9,76.6,78
2026-07-24 07:00:02,2026-07-24 07:00:02,ecowitt,329139,166,2026-07-24 13:45,82.3,91.7,78.3,88,0.467,326.5,3,0.00,0.00,0.05,0.87,2.47,6.82,2.3,4.9,256,29.88,29.66,84.3,94.0,76.7,78
2026-07-24 07:00:02,2026-07-24 07:00:02,ecowitt,329139,167,2026-07-24 13:50,82.5,92.5,78.5,88,0.466,357.2,4,0.00,0.00,0.05,0.87,2.47,6.82,1.8,4.9,243,29.88,29.66,84.4,94.3,76.8,78
2026-07-24 07:00:02,2026-07-24 07:00:02,ecowitt,329139,168,2026-07-24 13:55,,,,,,,,,,,,,,,,,,,,,,
2026-07-24 07:00:02,2026-07-24 07:00:02,ecowitt,329139,169,2026-07-24 14:00,,,,,,,,,,,,,,,,,,,,,,
2026-07-24 07:00:02,2026-07-24 07:00:02,ecowitt,329139,170,2026-07-24 14:05,,,,,,,,,,,,,,,,,,,,,,
2026-07-24 07:00:02,2026-07-24 07:00:02,ecowitt,329139,171,2026-07-24 14:10,,,,,,,,,,,,,,,,,,,,,,
2026-07-24 07:00:02,2026-07-24 07:00:02,ecowitt,329139,172,2026-07-24 14:15,,,,,,,,,,,,,,,,,,,,,,
2026-07-24 07:00:02,2026-07-24 07:00:02,ecowitt,329139,173,2026-07-24 14:20,,,,,,,,,,,,,,,,,,,,,,
2026-07-24 07:00:02,2026-07-24 07:00:02,ecowitt,329139,174,2026-07-24 14:25,,,,,,,,,,,,,,,,,,,,,,
2026-07-24 07:00:02,2026-07-24 07:00:02,ecowitt,329139,175,2026-07-24 14:30,,,,,,,,,,,,,,,,,,,,,,
2026-07-24 07:00:02,2026-07-24 07:00:02,ecowitt,329139,176,2026-07-24 14:35,,,,,,,,,,,,,,,,,,,,,,
2026-07-24 07:00:02,2026-07-24 07:00:02,ecowitt,329139,177,2026-07-24 14:40,,,,,,,,,,,,,,,,,,,,,,
2026-07-24 07:00:02,2026-07-24 07:00:02,ecowitt,329139,178,2026-07-24 14:45,,,,,,,,,,,,,,,,,,,,,,
2026-07-24 07:00:02,2026-07-24 07:00:02,ecowitt,329139,179,2026-07-24 14:50,,,,,,,,,,,,,,,,,,,,,,
2026-07-24 07:00:02,2026-07-24 07:00:02,ecowitt,329139,180,2026-07-24 14:55,,,,,,,,,,,,,,,,,,,,,,
2026-07-24 07:00:02,2026-07-24 07:00:02,ecowitt,329139,181,2026-07-24 15:00,,,,,,,,,,,,,,,,,,,,,,
2026-07-24 07:00:02,2026-07-24 07:00:02,ecowitt,329139,182,2026-07-24 15:05,,,,,,,,,,,,,,,,,,,,,,
2026-07-24 07:00:02,2026-07-24 07:00:02,ecowitt,329139,183,2026-07-24 15:10,,,,,,,,,,,,,,,,,,,,,,
2026-07-24 07:00:02,2026-07-24 07:00:02,ecowitt,329139,184,2026-07-24 15:15,,,,,,,,,,,,,,,,,,,,,,
2026-07-24 07:00:02,2026-07-24 07:00:02,ecowitt,329139,185,2026-07-24 15:20,,,,,,,,,,,,,,,,,,,,,,
2026-07-24 07:00:02,2026-07-24 07:00:02,ecowitt,329139,186,2026-07-24 15:25,,,,,,,,,,,,,,,,,,,,,,
2026-07-24 07:00:02,2026-07-24 07:00:02,ecowitt,329139,187,2026-07-24 15:30,,,,,,,,,,,,,,,,,,,,,,
2026-07-24 07:00:02,2026-07-24 07:00:02,ecowitt,329139,188,2026-07-24 15:35,,,,,,,,,,,,,,,,,,,,,,
2026-07-24 07:00:02,2026-07-24 07:00:02,ecowitt,329139,189,2026-07-24 15:40,,,,,,,,,,,,,,,,,,,,,,
2026-07-24 07:00:02,2026-07-24 07:00:02,ecowitt,329139,190,2026-07-24 15:45,,,,,,,,,,,,,,,,,,,,,,
2026-07-24 07:00:02,2026-07-24 07:00:02,ecowitt,329139,191,2026-07-24 15:50,,,,,,,,,,,,,,,,,,,,,,
2026-07-24 07:00:02,2026-07-24 07:00:02,ecowitt,329139,192,2026-07-24 15:55,,,,,,,,,,,,,,,,,,,,,,
2026-07-24 07:00:02,2026-07-24 07:00:02,ecowitt,329139,193,2026-07-24 16:00,,,,,,,,,,,,,,,,,,,,,,
2026-07-24 07:00:02,2026-07-24 07:00:02,ecowitt,329139,194,2026-07-24 16:05,,,,,,,,,,,,,,,,,,,,,,
2026-07-24 07:00:02,2026-07-24 07:00:02,ecowitt,329139,195,2026-07-24 16:10,,,,,,,,,,,,,,,,,,,,,,
2026-07-24 07:00:02,2026-07-24 07:00:02,ecowitt,329139,196,2026-07-24 16:15,,,,,,,,,,,,,,,,,,,,,,
2026-07-24 07:00:02,2026-07-24 07:00:02,ecowitt,329139,197,2026-07-24 16:20,,,,,,,,,,,,,,,,,,,,,,
2026-07-24 07:00:02,2026-07-24 07:00:02,ecowitt,329139,198,2026-07-24 16:25,,,,,,,,,,,,,,,,,,,,,,
2026-07-24 07:00:02,2026-07-24 07:00:02,ecowitt,329139,199,2026-07-24 16:30,,,,,,,,,,,,,,,,,,,,,,
2026-07-24 07:00:02,2026-07-24 07:00:02,ecowitt,329139,200,2026-07-24 16:35,,,,,,,,,,,,,,,,,,,,,,
2026-07-24 07:00:02,2026-07-24 07:00:02,ecowitt,329139,201,2026-07-24 16:40,,,,,,,,,,,,,,,,,,,,,,
2026-07-24 07:00:02,2026-07-24 07:00:02,ecowitt,329139,202,2026-07-24 16:45,,,,,,,,,,,,,,,,,,,,,,
2026-07-24 07:00:02,2026-07-24 07:00:02,ecowitt,329139,203,2026-07-24 16:50,,,,,,,,,,,,,,,,,,,,,,
2026-07-24 07:00:02,2026-07-24 07:00:02,ecowitt,329139,204,2026-07-24 16:55,,,,,,,,,,,,,,,,,,,,,,
2026-07-24 07:00:02,2026-07-24 07:00:02,ecowitt,329139,205,2026-07-24 17:00,,,,,,,,,,,,,,,,,,,,,,
2026-07-24 07:00:02,2026-07-24 07:00:02,ecowitt,329139,206,2026-07-24 17:05,,,,,,,,,,,,,,,,,,,,,,
2026-07-24 07:00:02,2026-07-24 07:00:02,ecowitt,329139,207,2026-07-24 17:10,,,,,,,,,,,,,,,,,,,,,,
2026-07-24 07:00:02,2026-07-24 07:00:02,ecowitt,329139,208,2026-07-24 17:15,,,,,,,,,,,,,,,,,,,,,,
2026-07-24 07:00:02,2026-07-24 07:00:02,ecowitt,329139,209,2026-07-24 17:20,,,,,,,,,,,,,,,,,,,,,,
2026-07-24 07:00:02,2026-07-24 07:00:02,ecowitt,329139,210,2026-07-24 17:25,,,,,,,,,,,,,,,,,,,,,,
2026-07-24 07:00:02,2026-07-24 07:00:02,ecowitt,329139,211,2026-07-24 17:30,,,,,,,,,,,,,,,,,,,,,,
2026-07-24 07:00:02,2026-07-24 07:00:02,ecowitt,329139,212,2026-07-24 17:35,,,,,,,,,,,,,,,,,,,,,,
2026-07-24 07:00:02,2026-07-24 07:00:02,ecowitt,329139,213,2026-07-24 17:40,,,,,,,,,,,,,,,,,,,,,,
2026-07-24 07:00:02,2026-07-24 07:00:02,ecowitt,329139,214,2026-07-24 17:45,,,,,,,,,,,,,,,,,,,,,,
2026-07-24 07:00:02,2026-07-24 07:00:02,ecowitt,329139,215,2026-07-24 17:50,,,,,,,,,,,,,,,,,,,,,,
2026-07-24 07:00:02,2026-07-24 07:00:02,ecowitt,329139,216,2026-07-24 17:55,,,,,,,,,,,,,,,,,,,,,,
2026-07-24 07:00:02,2026-07-24 07:00:02,ecowitt,329139,217,2026-07-24 18:00,,,,,,,,,,,,,,,,,,,,,,
2026-07-24 07:00:02,2026-07-24 07:00:02,ecowitt,329139,218,2026-07-24 18:05,,,,,,,,,,,,,,,,,,,,,,
2026-07-24 07:00:02,2026-07-24 07:00:02,ecowitt,329139,219,2026-07-24 18:10,,,,,,,,,,,,,,,,,,,,,,
2026-07-24 07:00:02,2026-07-24 07:00:02,ecowitt,329139,220,2026-07-24 18:15,,,,,,,,,,,,,,,,,,,,,,
2026-07-24 07:00:02,2026-07-24 07:00:02,ecowitt,329139,221,2026-07-24 18:20,,,,,,,,,,,,,,,,,,,,,,
2026-07-24 07:00:02,2026-07-24 07:00:02,ecowitt,329139,222,2026-07-24 18:25,,,,,,,,,,,,,,,,,,,,,,
2026-07-24 07:00:02,2026-07-24 07:00:02,ecowitt,329139,223,2026-07-24 18:30,,,,,,,,,,,,,,,,,,,,,,
2026-07-24 07:00:02,2026-07-24 07:00:02,ecowitt,329139,224,2026-07-24 18:35,,,,,,,,,,,,,,,,,,,,,,
2026-07-24 07:00:02,2026-07-24 07:00:02,ecowitt,329139,225,2026-07-24 18:40,,,,,,,,,,,,,,,,,,,,,,
2026-07-24 07:00:02,2026-07-24 07:00:02,ecowitt,329139,226,2026-07-24 18:45,,,,,,,,,,,,,,,,,,,,,,
2026-07-24 07:00:02,2026-07-24 07:00:02,ecowitt,329139,227,2026-07-24 18:50,,,,,,,,,,,,,,,,,,,,,,
2026-07-24 07:00:02,2026-07-24 07:00:02,ecowitt,329139,228,2026-07-24 18:55,,,,,,,,,,,,,,,,,,,,,,
2026-07-24 07:00:02,2026-07-24 07:00:02,ecowitt,329139,229,2026-07-24 19:00,,,,,,,,,,,,,,,,,,,,,,
2026-07-24 07:00:02,2026-07-24 07:00:02,ecowitt,329139,230,2026-07-24 19:05,,,,,,,,,,,,,,,,,,,,,,
2026-07-24 07:00:02,2026-07-24 07:00:02,ecowitt,329139,231,2026-07-24 19:10,,,,,,,,,,,,,,,,,,,,,,
2026-07-24 07:00:02,2026-07-24 07:00:02,ecowitt,329139,232,2026-07-24 19:15,,,,,,,,,,,,,,,,,,,,,,
2026-07-24 07:00:02,2026-07-24 07:00:02,ecowitt,329139,233,2026-07-24 19:20,,,,,,,,,,,,,,,,,,,,,,
2026-07-24 07:00:02,2026-07-24 07:00:02,ecowitt,329139,234,2026-07-24 19:25,,,,,,,,,,,,,,,,,,,,,,
2026-07-24 07:00:02,2026-07-24 07:00:02,ecowitt,329139,235,2026-07-24 19:30,,,,,,,,,,,,,,,,,,,,,,
2026-07-24 07:00:02,2026-07-24 07:00:02,ecowitt,329139,236,2026-07-24 19:35,,,,,,,,,,,,,,,,,,,,,,
2026-07-24 07:00:02,2026-07-24 07:00:02,ecowitt,329139,237,2026-07-24 19:40,,,,,,,,,,,,,,,,,,,,,,
2026-07-24 07:00:02,2026-07-24 07:00:02,ecowitt,329139,238,2026-07-24 19:45,,,,,,,,,,,,,,,,,,,,,,
2026-07-24 07:00:02,2026-07-24 07:00:02,ecowitt,329139,239,2026-07-24 19:50,,,,,,,,,,,,,,,,,,,,,,
2026-07-24 07:00:02,2026-07-24 07:00:02,ecowitt,329139,240,2026-07-24 19:55,,,,,,,,,,,,,,,,,,,,,,
2026-07-24 07:00:02,2026-07-24 07:00:02,ecowitt,329139,241,2026-07-24 20:00,,,,,,,,,,,,,,,,,,,,,,
2026-07-24 07:00:02,2026-07-24 07:00:02,ecowitt,329139,242,2026-07-24 20:05,,,,,,,,,,,,,,,,,,,,,,
2026-07-24 07:00:02,2026-07-24 07:00:02,ecowitt,329139,243,2026-07-24 20:10,,,,,,,,,,,,,,,,,,,,,,
2026-07-24 07:00:02,2026-07-24 07:00:02,ecowitt,329139,244,2026-07-24 20:15,,,,,,,,,,,,,,,,,,,,,,
2026-07-24 07:00:02,2026-07-24 07:00:02,ecowitt,329139,245,2026-07-24 20:20,,,,,,,,,,,,,,,,,,,,,,
2026-07-24 07:00:02,2026-07-24 07:00:02,ecowitt,329139,246,2026-07-24 20:25,,,,,,,,,,,,,,,,,,,,,,
2026-07-24 07:00:02,2026-07-24 07:00:02,ecowitt,329139,247,2026-07-24 20:30,,,,,,,,,,,,,,,,,,,,,,
2026-07-24 07:00:02,2026-07-24 07:00:02,ecowitt,329139,248,2026-07-24 20:35,,,,,,,,,,,,,,,,,,,,,,
2026-07-24 07:00:02,2026-07-24 07:00:02,ecowitt,329139,249,2026-07-24 20:40,,,,,,,,,,,,,,,,,,,,,,
2026-07-24 07:00:02,2026-07-24 07:00:02,ecowitt,329139,250,2026-07-24 20:45,,,,,,,,,,,,,,,,,,,,,,
2026-07-24 07:00:02,2026-07-24 07:00:02,ecowitt,329139,251,2026-07-24 20:50,,,,,,,,,,,,,,,,,,,,,,
2026-07-24 07:00:02,2026-07-24 07:00:02,ecowitt,329139,252,2026-07-24 20:55,,,,,,,,,,,,,,,,,,,,,,
2026-07-24 07:00:02,2026-07-24 07:00:02,ecowitt,329139,253,2026-07-24 21:00,,,,,,,,,,,,,,,,,,,,,,
2026-07-24 07:00:02,2026-07-24 07:00:02,ecowitt,329139,254,2026-07-24 21:05,,,,,,,,,,,,,,,,,,,,,,
2026-07-24 07:00:02,2026-07-24 07:00:02,ecowitt,329139,255,2026-07-24 21:10,,,,,,,,,,,,,,,,,,,,,,
2026-07-24 07:00:02,2026-07-24 07:00:02,ecowitt,329139,256,2026-07-24 21:15,,,,,,,,,,,,,,,,,,,,,,
2026-07-24 07:00:02,2026-07-24 07:00:02,ecowitt,329139,257,2026-07-24 21:20,,,,,,,,,,,,,,,,,,,,,,
2026-07-24 07:00:02,2026-07-24 07:00:02,ecowitt,329139,258,2026-07-24 21:25,,,,,,,,,,,,,,,,,,,,,,
2026-07-24 07:00:02,2026-07-24 07:00:02,ecowitt,329139,259,2026-07-24 21:30,,,,,,,,,,,,,,,,,,,,,,
2026-07-24 07:00:02,2026-07-24 07:00:02,ecowitt,329139,260,2026-07-24 21:35,,,,,,,,,,,,,,,,,,,,,,
2026-07-24 07:00:02,2026-07-24 07:00:02,ecowitt,329139,261,2026-07-24 21:40,,,,,,,,,,,,,,,,,,,,,,
2026-07-24 07:00:02,2026-07-24 07:00:02,ecowitt,329139,262,2026-07-24 21:45,,,,,,,,,,,,,,,,,,,,,,
2026-07-24 07:00:02,2026-07-24 07:00:02,ecowitt,329139,263,2026-07-24 21:50,,,,,,,,,,,,,,,,,,,,,,
2026-07-24 07:00:02,2026-07-24 07:00:02,ecowitt,329139,264,2026-07-24 21:55,,,,,,,,,,,,,,,,,,,,,,
2026-07-24 07:00:02,2026-07-24 07:00:02,ecowitt,329139,265,2026-07-24 22:00,,,,,,,,,,,,,,,,,,,,,,
2026-07-24 07:00:02,2026-07-24 07:00:02,ecowitt,329139,266,2026-07-24 22:05,,,,,,,,,,,,,,,,,,,,,,
2026-07-24 07:00:02,2026-07-24 07:00:02,ecowitt,329139,267,2026-07-24 22:10,,,,,,,,,,,,,,,,,,,,,,
2026-07-24 07:00:02,2026-07-24 07:00:02,ecowitt,329139,268,2026-07-24 22:15,,,,,,,,,,,,,,,,,,,,,,
2026-07-24 07:00:02,2026-07-24 07:00:02,ecowitt,329139,269,2026-07-24 22:20,,,,,,,,,,,,,,,,,,,,,,
2026-07-24 07:00:02,2026-07-24 07:00:02,ecowitt,329139,270,2026-07-24 22:25,,,,,,,,,,,,,,,,,,,,,,
2026-07-24 07:00:02,2026-07-24 07:00:02,ecowitt,329139,271,2026-07-24 22:30,,,,,,,,,,,,,,,,,,,,,,
2026-07-24 07:00:02,2026-07-24 07:00:02,ecowitt,329139,272,2026-07-24 22:35,,,,,,,,,,,,,,,,,,,,,,
2026-07-24 07:00:02,2026-07-24 07:00:02,ecowitt,329139,273,2026-07-24 22:40,,,,,,,,,,,,,,,,,,,,,,
2026-07-24 07:00:02,2026-07-24 07:00:02,ecowitt,329139,274,2026-07-24 22:45,,,,,,,,,,,,,,,,,,,,,,
2026-07-24 07:00:02,2026-07-24 07:00:02,ecowitt,329139,275,2026-07-24 22:50,,,,,,,,,,,,,,,,,,,,,,
2026-07-24 07:00:02,2026-07-24 07:00:02,ecowitt,329139,276,2026-07-24 22:55,,,,,,,,,,,,,,,,,,,,,,
2026-07-24 07:00:02,2026-07-24 07:00:02,ecowitt,329139,277,2026-07-24 23:00,,,,,,,,,,,,,,,,,,,,,,
2026-07-24 07:00:02,2026-07-24 07:00:02,ecowitt,329139,278,2026-07-24 23:05,,,,,,,,,,,,,,,,,,,,,,
2026-07-24 07:00:02,2026-07-24 07:00:02,ecowitt,329139,279,2026-07-24 23:10,,,,,,,,,,,,,,,,,,,,,,
2026-07-24 07:00:02,2026-07-24 07:00:02,ecowitt,329139,280,2026-07-24 23:15,,,,,,,,,,,,,,,,,,,,,,
2026-07-24 07:00:02,2026-07-24 07:00:02,ecowitt,329139,281,2026-07-24 23:20,,,,,,,,,,,,,,,,,,,,,,
2026-07-24 07:00:02,2026-07-24 07:00:02,ecowitt,329139,282,2026-07-24 23:25,,,,,,,,,,,,,,,,,,,,,,
2026-07-24 07:00:02,2026-07-24 07:00:02,ecowitt,329139,283,2026-07-24 23:30,,,,,,,,,,,,,,,,,,,,,,
2026-07-24 07:00:02,2026-07-24 07:00:02,ecowitt,329139,284,2026-07-24 23:35,,,,,,,,,,,,,,,,,,,,,,
2026-07-24 07:00:02,2026-07-24 07:00:02,ecowitt,329139,285,2026-07-24 23:40,,,,,,,,,,,,,,,,,,,,,,
2026-07-24 07:00:02,2026-07-24 07:00:02,ecowitt,329139,286,2026-07-24 23:45,,,,,,,,,,,,,,,,,,,,,,
2026-07-24 07:00:02,2026-07-24 07:00:02,ecowitt,329139,287,2026-07-24 23:50,,,,,,,,,,,,,,,,,,,,,,
2026-07-24 07:00:02,2026-07-24 07:00:02,ecowitt,329139,288,2026-07-24 23:55,,,,,,,,,,,,,,,,,,,,,,
2026-07-24 07:00:02,2026-07-24 07:00:02,ecowitt,329139,289,2026-07-24 23:59,,,,,,,,,,,,,,,,,,,,,,
