{
  "type": "FeatureCollection",
  "features": [
    {
      "type": "Feature",
      "properties": {
        "id": 1,
        "name": "Đất phù sa",
        "name_en": "Alluvial soil",
        "year": 2015
      },
      "geometry": {
        "type": "Polygon",
        "coordinates": [
          [
            [
              105.99246,
              9.902917
            ],
            [
              105.994115,
              9.905511
            ],
            [
              105.997516,
              9.904785
            ],
            [
              105.998609,
              9.904552
            ],
            [
              106.009892,
              9.911486
            ],
            [
              106.012868,
              9.912509
            ],
            [
              106.013628,
              9.913782
            ],
            [
              106.016775,
              9.915715
            ],
            [
              106.017393,
              9.918995
            ],
            [
              106.015439,
              9.922217
            ],
            [
              106.015028,
              9.923315
            ],
            [
              106.019093,
              9.926327
            ],
            [
              106.019094,
              9.926328
            ],
            [
              106.020639,
              9.929226
            ],
            [
              106.022039,
              9.931851
            ],
            [
              106.023932,
              9.930942
            ],
            [
              106.025053,
              9.929665
            ],
            [
              106.028692,
              9.928655
            ],
            [
              106.029095,
              9.927484
            ],
            [
              106.029355,
              9.926726
            ],
            [
              106.034121,
              9.926517
            ],
            [
              106.036642,
              9.925955
            ],
            [
              106.037843,
              9.926353
            ],
            [
              106.039693,
              9.926272
            ],
            [
              106.040739,
              9.927279
            ],
            [
              106.041479,
              9.930778
            ],
            [
              106.044233,
              9.932014
            ],
            [
              106.044285,
              9.932587
            ],
            [
              106.044431,
              9.934202
            ],
            [
              106.047574,
              9.937202
            ],
            [
              106.047575,
              9.937202
            ],
            [
              106.057386,
              9.941237
            ],
            [
              106.057676,
              9.944102
            ],
            [
              106.058156,
              9.944446
            ],
            [
              106.057851,
              9.945833
            ],
            [
              106.064466,
              9.944624
            ],
            [
              106.064977,
              9.946523
            ],
            [
              106.064977,
              9.946523
            ],
            [
              106.066964,
              9.946611
            ],
            [
              106.078527,
              9.943841
            ],
            [
              106.087714,
              9.957917
            ],
            [
              106.094115,
              9.953493
            ],
            [
              106.109438,
              9.941171
            ],
            [
              106.124191,
              9.928425
            ],
            [
              106.13043,
              9.922336
            ],
            [
              106.140649,
              9.915673
            ],
            [
              106.149606,
              9.913952
            ],
            [
              106.149895,
              9.915361
            ],
            [
              106.147204,
              9.918897
            ],
            [
              106.13301,
              9.928115
            ],
            [
              106.126913,
              9.934059
            ],
            [
              106.123933,
              9.936185
            ],
            [
              106.11613,
              9.939237
            ],
            [
              106.128339,
              9.953462
            ],
            [
              106.133512,
              9.960716
            ],
            [
              106.133523,
              9.960838
            ],
            [
              106.133581,
              9.960909
            ],
            [
              106.135328,
              9.980113
            ],
            [
              106.132436,
              9.99007
            ],
            [
              106.132442,
              9.990087
            ],
            [
              106.133894,
              9.994497
            ],
            [
              106.136303,
              10.001817
            ],
            [
              106.13632,
              10.001869
            ],
            [
              106.136587,
              10.022941
            ],
            [
              106.152486,
              10.016614
            ],
            [
              106.173742,
              10.021209
            ],
            [
              106.180226,
              10.02269
            ],
            [
              106.191727,
              10.025208
            ],
            [
              106.194654,
              10.024165
            ],
            [
              106.196783,
              10.023701
            ],
            [
              106.196783,
              10.023701
            ],
            [
              106.200269,
              10.014028
            ],
            [
              106.20027,
              10.014027
            ],
            [
              106.205236,
              10.009156
            ],
            [
              106.206197,
              10.00851
            ],
            [
              106.208938,
              10.010619
            ],
            [
              106.209169,
              10.010602
            ],
            [
              106.208845,
              10.008104
            ],
            [
              106.2094,
              10.00415
            ],
            [
              106.208088,
              9.995691
            ],
            [
              106.206506,
              9.991049
            ],
            [
              106.20264,
              9.984435
            ],
            [
              106.199913,
              9.978097
            ],
            [
              106.197054,
              9.97458
            ],
            [
              106.193908,
              9.970079
            ],
            [
              106.191624,
              9.967971
            ],
            [
              106.188031,
              9.958109
            ],
            [
              106.184315,
              9.953185
            ],
            [
              106.18403,
              9.953186
            ],
            [
              106.178068,
              9.95687
            ],
            [
              106.169105,
              9.95719
            ],
            [
              106.160867,
              9.960746
            ],
            [
              106.154045,
              9.962886
            ],
            [
              106.15361,
              9.960626
            ],
            [
              106.154309,
              9.957097
            ],
            [
              106.153712,
              9.949205
            ],
            [
              106.161648,
              9.940288
            ],
            [
              106.162206,
              9.93732
            ],
            [
              106.157473,
              9.926476
            ],
            [
              106.157598,
              9.921403
            ],
            [
              106.158445,
              9.919709
            ],
            [
              106.162158,
              9.923783
            ],
            [
              106.166596,
              9.931527
            ],
            [
              106.166867,
              9.927574
            ],
            [
              106.168278,
              9.924612
            ],
            [
              106.170264,
              9.922769
            ],
            [
              106.179223,
              9.921752
            ],
            [
              106.179647,
              9.921326
            ],
            [
              106.17665,
              9.91837
            ],
            [
              106.173517,
              9.917676
            ],
            [
              106.167401,
              9.917562
            ],
            [
              106.161294,
              9.920685
            ],
            [
              106.16114,
              9.917439
            ],
            [
              106.157579,
              9.91604
            ],
            [
              106.157145,
              9.913645
            ],
            [
              106.158563,
              9.912791
            ],
            [
              106.165392,
              9.912912
            ],
            [
              106.164815,
              9.910517
            ],
            [
              106.154548,
              9.903644
            ],
            [
              106.152406,
              9.901246
            ],
            [
              106.149543,
              9.895902
            ],
            [
              106.148104,
              9.89125
            ],
            [
              106.147951,
              9.888004
            ],
            [
              106.149056,
              9.878695
            ],
            [
              106.153867,
              9.871481
            ],
            [
              106.156986,
              9.868368
            ],
            [
              106.159116,
              9.867375
            ],
            [
              106.159678,
              9.865402
            ],
            [
              106.158248,
              9.863426
            ],
            [
              106.156541,
              9.863432
            ],
            [
              106.15285,
              9.865425
            ],
            [
              106.150014,
              9.867967
            ],
            [
              106.147468,
              9.871927
            ],
            [
              106.142783,
              9.874765
            ],
            [
              106.1388,
              9.874353
            ],
            [
              106.139224,
              9.873791
            ],
            [
              106.136512,
              9.870699
            ],
            [
              106.133381,
              9.87042
            ],
            [
              106.134073,
              9.864639
            ],
            [
              106.131487,
              9.857169
            ],
            [
              106.122221,
              9.850997
            ],
            [
              106.121936,
              9.850998
            ],
            [
              106.117811,
              9.850731
            ],
            [
              106.113543,
              9.8506
            ],
            [
              106.107418,
              9.847663
            ],
            [
              106.103437,
              9.848092
            ],
            [
              106.100875,
              9.84754
            ],
            [
              106.098026,
              9.846139
            ],
            [
              106.096883,
              9.844307
            ],
            [
              106.096449,
              9.842337
            ],
            [
              106.094175,
              9.842769
            ],
            [
              106.090188,
              9.841651
            ],
            [
              106.087338,
              9.83997
            ],
            [
              106.086049,
              9.837288
            ],
            [
              106.079801,
              9.840274
            ],
            [
              106.076816,
              9.840709
            ],
            [
              106.075827,
              9.842548
            ],
            [
              106.077398,
              9.844659
            ],
            [
              106.077834,
              9.847614
            ],
            [
              106.077412,
              9.849026
            ],
            [
              106.074999,
              9.850445
            ],
            [
              106.073446,
              9.854121
            ],
            [
              106.07743,
              9.854389
            ],
            [
              106.079138,
              9.855089
            ],
            [
              106.079572,
              9.857204
            ],
            [
              106.078583,
              9.859458
            ],
            [
              106.07859,
              9.861575
            ],
            [
              106.080875,
              9.864389
            ],
            [
              106.079326,
              9.869051
            ],
            [
              106.07763,
              9.872303
            ],
            [
              106.077636,
              9.874129
            ],
            [
              106.079912,
              9.874267
            ],
            [
              106.08119,
              9.873702
            ],
            [
              106.089444,
              9.874661
            ],
            [
              106.097828,
              9.872373
            ],
            [
              106.110781,
              9.875152
            ],
            [
              106.117182,
              9.875131
            ],
            [
              106.120885,
              9.876529
            ],
            [
              106.126436,
              9.877361
            ],
            [
              106.130005,
              9.881292
            ],
            [
              106.126759,
              9.888926
            ],
            [
              106.126486,
              9.892173
            ],
            [
              106.128505,
              9.900341
            ],
            [
              106.122967,
              9.903326
            ],
            [
              106.118132,
              9.903767
            ],
            [
              106.115436,
              9.905747
            ],
            [
              106.11062,
              9.911967
            ],
            [
              106.109634,
              9.914656
            ],
            [
              106.109094,
              9.923113
            ],
            [
              106.107829,
              9.927774
            ],
            [
              106.105138,
              9.931455
            ],
            [
              106.103568,
              9.930185
            ],
            [
              106.102133,
              9.926382
            ],
            [
              106.099289,
              9.926672
            ],
            [
              106.096721,
              9.924284
            ],
            [
              106.096415,
              9.917801
            ],
            [
              106.093565,
              9.916535
            ],
            [
              106.088444,
              9.916697
            ],
            [
              106.08702,
              9.916141
            ],
            [
              106.070892,
              9.899824
            ],
            [
              106.066189,
              9.897163
            ],
            [
              106.06377,
              9.89717
            ],
            [
              106.06162,
              9.891959
            ],
            [
              106.054084,
              9.893104
            ],
            [
              106.051232,
              9.890861
            ],
            [
              106.050649,
              9.886486
            ],
            [
              106.049933,
              9.884798
            ],
            [
              106.048079,
              9.883673
            ],
            [
              106.041535,
              9.883277
            ],
            [
              106.037262,
              9.88131
            ],
            [
              106.036251,
              9.87652
            ],
            [
              106.036941,
              9.869745
            ],
            [
              106.036084,
              9.868762
            ],
            [
              106.032523,
              9.867081
            ],
            [
              106.020148,
              9.867119
            ],
            [
              106.020138,
              9.864017
            ],
            [
              106.022265,
              9.861614
            ],
            [
              106.027516,
              9.857927
            ],
            [
              106.035035,
              9.8517
            ],
            [
              106.035023,
              9.847748
            ],
            [
              106.035022,
              9.847468
            ],
            [
              106.031898,
              9.849313
            ],
            [
              106.028203,
              9.850166
            ],
            [
              106.023653,
              9.85046
            ],
            [
              106.022656,
              9.850047
            ],
            [
              106.018688,
              9.854707
            ],
            [
              106.01557,
              9.858388
            ],
            [
              106.012173,
              9.863761
            ],
            [
              106.011464,
              9.864749
            ],
            [
              106.010189,
              9.866299
            ],
            [
              106.010048,
              9.866869
            ],
            [
              106.009481,
              9.867432
            ],
            [
              106.009057,
              9.868419
            ],
            [
              106.008633,
              9.869415
            ],
            [
              106.008209,
              9.870257
            ],
            [
              106.00821,
              9.870537
            ],
            [
              106.007503,
              9.87195
            ],
            [
              106.006938,
              9.873082
            ],
            [
              106.006799,
              9.874493
            ],
            [
              106.006234,
              9.875345
            ],
            [
              106.006094,
              9.876331
            ],
            [
              106.005812,
              9.877037
            ],
            [
              106.005527,
              9.877038
            ],
            [
              106.004821,
              9.878587
            ],
            [
              106.004682,
              9.879718
            ],
            [
              106.003975,
              9.881131
            ],
            [
              106.003976,
              9.881411
            ],
            [
              106.003693,
              9.882117
            ],
            [
              106.00341,
              9.882543
            ],
            [
              106.002279,
              9.884943
            ],
            [
              106.002138,
              9.885368
            ],
            [
              106.001856,
              9.885794
            ],
            [
              106.001572,
              9.886075
            ],
            [
              105.999027,
              9.891165
            ],
            [
              105.997892,
              9.89229
            ],
            [
              105.997326,
              9.893277
            ],
            [
              105.997185,
              9.893703
            ],
            [
              105.996902,
              9.894129
            ],
            [
              105.996052,
              9.895117
            ],
            [
              105.995344,
              9.89625
            ],
            [
              105.994635,
              9.897237
            ],
            [
              105.993358,
              9.898372
            ],
            [
              105.992649,
              9.899224
            ],
            [
              105.99194,
              9.899786
            ],
            [
              105.990381,
              9.901763
            ],
            [
              105.990313,
              9.90183
            ],
            [
              105.990877,
              9.902377
            ],
            [
              105.99246,
              9.902917
            ],
            [
              106.021783,
              9.889967
            ],
            [
              106.020488,
              9.885313
            ],
            [
              106.023178,
              9.881073
            ],
            [
              106.024315,
              9.880644
            ],
            [
              106.028741,
              9.885849
            ],
            [
              106.028609,
              9.889376
            ],
            [
              106.029757,
              9.892339
            ],
            [
              106.032328,
              9.895993
            ],
            [
              106.032337,
              9.898679
            ],
            [
              106.031769,
              9.898961
            ],
            [
              106.029491,
              9.898407
            ],
            [
              106.02606,
              9.893055
            ],
            [
              106.023921,
              9.89109
            ],
            [
              106.021783,
              9.889967
            ],
            [
              106.216428,
              10.013543
            ],
            [
              106.223119,
              10.013528
            ],
            [
              106.223119,
              10.013528
            ],
            [
              106.224376,
              10.015178
            ],
            [
              106.22593,
              10.016885
            ],
            [
              106.230291,
              10.018681
            ],
            [
              106.232135,
              10.020568
            ],
            [
              106.232652,
              10.019582
            ],
            [
              106.229921,
              10.012539
            ],
            [
              106.227345,
              10.008597
            ],
            [
              106.227623,
              10.006769
            ],
            [
              106.228332,
              10.006342
            ],
            [
              106.230895,
              10.006613
            ],
            [
              106.232751,
              10.008161
            ],
            [
              106.237621,
              10.016742
            ],
            [
              106.239479,
              10.018851
            ],
            [
              106.240197,
              10.020684
            ],
            [
              106.242125,
              10.041122
            ],
            [
              106.244573,
              10.048591
            ],
            [
              106.247267,
              10.046185
            ],
            [
              106.248533,
              10.042229
            ],
            [
              106.249777,
              10.032639
            ],
            [
              106.251051,
              10.030798
            ],
            [
              106.256457,
              10.030498
            ],
            [
              106.26257,
              10.028919
            ],
            [
              106.265265,
              10.026648
            ],
            [
              106.266389,
              10.022982
            ],
            [
              106.2704,
              10.03002
            ],
            [
              106.279514,
              10.031395
            ],
            [
              106.283782,
              10.031379
            ],
            [
              106.284916,
              10.030244
            ],
            [
              106.288574,
              10.01965
            ],
            [
              106.292833,
              10.016957
            ],
            [
              106.295674,
              10.015816
            ],
            [
              106.296955,
              10.016091
            ],
            [
              106.299523,
              10.017772
            ],
            [
              106.30225,
              10.023684
            ],
            [
              106.306786,
              10.019299
            ],
            [
              106.309336,
              10.016323
            ],
            [
              106.312594,
              10.012784
            ],
            [
              106.316278,
              10.009107
            ],
            [
              106.31869,
              10.007262
            ],
            [
              106.322944,
              10.003438
            ],
            [
              106.32578,
              10.001166
            ],
            [
              106.328472,
              9.998334
            ],
            [
              106.333155,
              9.995359
            ],
            [
              106.337974,
              9.990683
            ],
            [
              106.340664,
              9.987715
            ],
            [
              106.343924,
              9.9846
            ],
            [
              106.346759,
              9.982048
            ],
            [
              106.349167,
              9.979353
            ],
            [
              106.351434,
              9.976947
            ],
            [
              106.354552,
              9.974258
            ],
            [
              106.356676,
              9.971853
            ],
            [
              106.357385,
              9.971425
            ],
            [
              106.359653,
              9.969156
            ],
            [
              106.361354,
              9.967738
            ],
            [
              106.362915,
              9.966611
            ],
            [
              106.364191,
              9.9659
            ],
            [
              106.36561,
              9.9649
            ],
            [
              106.366744,
              9.963909
            ],
            [
              106.366744,
              9.963909
            ],
            [
              106.455838,
              9.875673
            ],
            [
              106.46288,
              9.859991
            ],
            [
              106.462297,
              9.856748
            ],
            [
              106.462565,
              9.85294
            ],
            [
              106.464536,
              9.848555
            ],
            [
              106.467081,
              9.845163
            ],
            [
              106.468769,
              9.840924
            ],
            [
              106.469322,
              9.83725
            ],
            [
              106.470589,
              9.834288
            ],
            [
              106.47469,
              9.829189
            ],
            [
              106.480364,
              9.826063
            ],
            [
              106.48064,
              9.824371
            ],
            [
              106.482051,
              9.821824
            ],
            [
              106.490411,
              9.815024
            ],
            [
              106.490968,
              9.812481
            ],
            [
              106.488121,
              9.811924
            ],
            [
              106.486275,
              9.812221
            ],
            [
              106.481026,
              9.815065
            ],
            [
              106.480028,
              9.814364
            ],
            [
              106.480304,
              9.812527
            ],
            [
              106.48484,
              9.809406
            ],
            [
              106.484834,
              9.807996
            ],
            [
              106.483243,
              9.80208
            ],
            [
              106.485893,
              9.790359
            ],
            [
              106.476279,
              9.802671
            ],
            [
              106.468524,
              9.817515
            ],
            [
              106.467,
              9.826826
            ],
            [
              106.465441,
              9.827963
            ],
            [
              106.460598,
              9.826148
            ],
            [
              106.458515,
              9.837297
            ],
            [
              106.457382,
              9.838712
            ],
            [
              106.454543,
              9.839855
            ],
            [
              106.45327,
              9.841416
            ],
            [
              106.453711,
              9.844651
            ],
            [
              106.453862,
              9.846766
            ],
            [
              106.454578,
              9.847757
            ],
            [
              106.454018,
              9.849876
            ],
            [
              106.453591,
              9.849733
            ],
            [
              106.452173,
              9.850444
            ],
            [
              106.451032,
              9.849744
            ],
            [
              106.44649,
              9.851291
            ],
            [
              106.451032,
              9.849744
            ],
            [
              106.450163,
              9.846221
            ],
            [
              106.447449,
              9.843692
            ],
            [
              106.447159,
              9.842427
            ],
            [
              106.448147,
              9.840587
            ],
            [
              106.45198,
              9.839025
            ],
            [
              106.452511,
              9.830415
            ],
            [
              106.454477,
              9.824628
            ],
            [
              106.452177,
              9.819132
            ],
            [
              106.450462,
              9.816888
            ],
            [
              106.449469,
              9.817597
            ],
            [
              106.448913,
              9.820421
            ],
            [
              106.45093,
              9.82647
            ],
            [
              106.450372,
              9.829013
            ],
            [
              106.449235,
              9.829018
            ],
            [
              106.446794,
              9.823667
            ],
            [
              106.444656,
              9.82241
            ],
            [
              106.444101,
              9.825658
            ],
            [
              106.448097,
              9.829023
            ],
            [
              106.448816,
              9.830855
            ],
            [
              106.447976,
              9.83396
            ],
            [
              106.446841,
              9.83439
            ],
            [
              106.443566,
              9.833419
            ],
            [
              106.440712,
              9.831035
            ],
            [
              106.439563,
              9.828634
            ],
            [
              106.439245,
              9.820742
            ],
            [
              106.437235,
              9.816519
            ],
            [
              106.429099,
              9.809356
            ],
            [
              106.423812,
              9.80332
            ],
            [
              106.421945,
              9.798816
            ],
            [
              106.422221,
              9.796979
            ],
            [
              106.423499,
              9.796694
            ],
            [
              106.427348,
              9.798929
            ],
            [
              106.428627,
              9.798643
            ],
            [
              106.425056,
              9.794852
            ],
            [
              106.419494,
              9.790923
            ],
            [
              106.417918,
              9.788109
            ],
            [
              106.418199,
              9.787402
            ],
            [
              106.419762,
              9.787116
            ],
            [
              106.426885,
              9.790332
            ],
            [
              106.42731,
              9.79005
            ],
            [
              106.423595,
              9.785834
            ],
            [
              106.415745,
              9.778533
            ],
            [
              106.414591,
              9.774722
            ],
            [
              106.414427,
              9.76965
            ],
            [
              106.415137,
              9.769367
            ],
            [
              106.418132,
              9.771606
            ],
            [
              106.422991,
              9.777228
            ],
            [
              106.427267,
              9.779896
            ],
            [
              106.43298,
              9.785794
            ],
            [
              106.44451,
              9.788702
            ],
            [
              106.445229,
              9.790535
            ],
            [
              106.444386,
              9.793079
            ],
            [
              106.445103,
              9.794342
            ],
            [
              106.451208,
              9.792345
            ],
            [
              106.44108,
              9.78491
            ],
            [
              106.436378,
              9.782534
            ],
            [
              106.436799,
              9.781121
            ],
            [
              106.437791,
              9.780412
            ],
            [
              106.447901,
              9.783895
            ],
            [
              106.451171,
              9.783881
            ],
            [
              106.45188,
              9.783318
            ],
            [
              106.452157,
              9.781617
            ],
            [
              106.451718,
              9.778662
            ],
            [
              106.448712,
              9.774298
            ],
            [
              106.444582,
              9.772489
            ],
            [
              106.438185,
              9.772797
            ],
            [
              106.433633,
              9.772247
            ],
            [
              106.429213,
              9.769444
            ],
            [
              106.429066,
              9.768179
            ],
            [
              106.430482,
              9.767043
            ],
            [
              106.433753,
              9.767173
            ],
            [
              106.437029,
              9.768426
            ],
            [
              106.446414,
              9.768811
            ],
            [
              106.447407,
              9.768246
            ],
            [
              106.444554,
              9.765998
            ],
            [
              106.434869,
              9.762087
            ],
            [
              106.426612,
              9.75959
            ],
            [
              106.422907,
              9.75749
            ],
            [
              106.422473,
              9.755792
            ],
            [
              106.423178,
              9.754378
            ],
            [
              106.424882,
              9.753955
            ],
            [
              106.427157,
              9.754226
            ],
            [
              106.435141,
              9.759265
            ],
            [
              106.438559,
              9.760661
            ],
            [
              106.441119,
              9.760795
            ],
            [
              106.442536,
              9.759803
            ],
            [
              106.439109,
              9.756291
            ],
            [
              106.423988,
              9.744365
            ],
            [
              106.419574,
              9.742693
            ],
            [
              106.414025,
              9.74173
            ],
            [
              106.408047,
              9.739919
            ],
            [
              106.407898,
              9.738365
            ],
            [
              106.409031,
              9.737374
            ],
            [
              106.412445,
              9.737785
            ],
            [
              106.416139,
              9.73749
            ],
            [
              106.415419,
              9.735232
            ],
            [
              106.406593,
              9.732312
            ],
            [
              106.396482,
              9.727977
            ],
            [
              106.39676,
              9.726565
            ],
            [
              106.397754,
              9.726136
            ],
            [
              106.398739,
              9.723736
            ],
            [
              106.388908,
              9.718703
            ],
            [
              106.381779,
              9.713515
            ],
            [
              106.364843,
              9.708781
            ],
            [
              106.365118,
              9.706529
            ],
            [
              106.370095,
              9.706789
            ],
            [
              106.380063,
              9.710981
            ],
            [
              106.381339,
              9.71027
            ],
            [
              106.370515,
              9.705377
            ],
            [
              106.358847,
              9.702457
            ],
            [
              106.350729,
              9.698827
            ],
            [
              106.34277,
              9.699139
            ],
            [
              106.334791,
              9.694378
            ],
            [
              106.331805,
              9.6941
            ],
            [
              106.326395,
              9.692294
            ],
            [
              106.324691,
              9.692581
            ],
            [
              106.319835,
              9.686813
            ],
            [
              106.309033,
              9.686999
            ],
            [
              106.310457,
              9.687843
            ],
            [
              106.311885,
              9.689529
            ],
            [
              106.310465,
              9.689959
            ],
            [
              106.300513,
              9.689572
            ],
            [
              106.300942,
              9.689995
            ],
            [
              106.305634,
              9.690394
            ],
            [
              106.320998,
              9.693156
            ],
            [
              106.325405,
              9.693284
            ],
            [
              106.331237,
              9.694247
            ],
            [
              106.332663,
              9.695507
            ],
            [
              106.34263,
              9.699565
            ],
            [
              106.347048,
              9.702504
            ],
            [
              106.351743,
              9.70348
            ],
            [
              106.355303,
              9.704868
            ],
            [
              106.356445,
              9.705858
            ],
            [
              106.356595,
              9.708253
            ],
            [
              106.359017,
              9.709374
            ],
            [
              106.359449,
              9.710638
            ],
            [
              106.358177,
              9.712479
            ],
            [
              106.355475,
              9.712345
            ],
            [
              106.351204,
              9.710951
            ],
            [
              106.344507,
              9.706891
            ],
            [
              106.328993,
              9.702159
            ],
            [
              106.323159,
              9.700626
            ],
            [
              106.334562,
              9.70834
            ],
            [
              106.335992,
              9.71045
            ],
            [
              106.336138,
              9.71158
            ],
            [
              106.332587,
              9.712435
            ],
            [
              106.329171,
              9.711182
            ],
            [
              106.323329,
              9.707814
            ],
            [
              106.316068,
              9.705165
            ],
            [
              106.306962,
              9.702949
            ],
            [
              106.303411,
              9.703803
            ],
            [
              106.301287,
              9.705927
            ],
            [
              106.301154,
              9.708188
            ],
            [
              106.303019,
              9.712413
            ],
            [
              106.304747,
              9.718465
            ],
            [
              106.311292,
              9.719715
            ],
            [
              106.31414,
              9.72097
            ],
            [
              106.322383,
              9.720233
            ],
            [
              106.324228,
              9.71952
            ],
            [
              106.326929,
              9.719365
            ],
            [
              106.329917,
              9.720059
            ],
            [
              106.331772,
              9.721752
            ],
            [
              106.331491,
              9.722594
            ],
            [
              106.329078,
              9.723589
            ],
            [
              106.319554,
              9.723915
            ],
            [
              106.327392,
              9.728677
            ],
            [
              106.34405,
              9.73496
            ],
            [
              106.34605,
              9.737348
            ],
            [
              106.345912,
              9.738054
            ],
            [
              106.332686,
              9.737401
            ],
            [
              106.327001,
              9.737703
            ],
            [
              106.321604,
              9.73899
            ],
            [
              106.319903,
              9.740407
            ],
            [
              106.319623,
              9.741539
            ],
            [
              106.320199,
              9.743227
            ],
            [
              106.323339,
              9.746461
            ],
            [
              106.328322,
              9.748133
            ],
            [
              106.327769,
              9.751942
            ],
            [
              106.323665,
              9.756895
            ],
            [
              106.32453,
              9.760002
            ],
            [
              106.329241,
              9.764776
            ],
            [
              106.33523,
              9.769265
            ],
            [
              106.338673,
              9.77701
            ],
            [
              106.339112,
              9.779965
            ],
            [
              106.338559,
              9.783783
            ],
            [
              106.336576,
              9.785762
            ],
            [
              106.333738,
              9.787184
            ],
            [
              106.325212,
              9.788628
            ],
            [
              106.319378,
              9.78752
            ],
            [
              106.315824,
              9.787814
            ],
            [
              106.310714,
              9.79023
            ],
            [
              106.304906,
              9.79576
            ],
            [
              106.298098,
              9.800018
            ],
            [
              106.295406,
              9.802705
            ],
            [
              106.291023,
              9.809214
            ],
            [
              106.29316,
              9.810327
            ],
            [
              106.29842,
              9.810026
            ],
            [
              106.304676,
              9.809442
            ],
            [
              106.305673,
              9.810143
            ],
            [
              106.30554,
              9.812395
            ],
            [
              106.308105,
              9.81366
            ],
            [
              106.320199,
              9.81544
            ],
            [
              106.32362,
              9.817407
            ],
            [
              106.327618,
              9.821623
            ],
            [
              106.334599,
              9.824553
            ],
            [
              106.337168,
              9.826939
            ],
            [
              106.337746,
              9.829342
            ],
            [
              106.336919,
              9.835828
            ],
            [
              106.337213,
              9.838088
            ],
            [
              106.339073,
              9.840902
            ],
            [
              106.340054,
              9.837507
            ],
            [
              106.341893,
              9.835103
            ],
            [
              106.346437,
              9.833394
            ],
            [
              106.347141,
              9.831701
            ],
            [
              106.345553,
              9.82564
            ],
            [
              106.346824,
              9.823663
            ],
            [
              106.349661,
              9.821816
            ],
            [
              106.349936,
              9.819419
            ],
            [
              106.349348,
              9.814765
            ],
            [
              106.350055,
              9.813632
            ],
            [
              106.352895,
              9.812779
            ],
            [
              106.358611,
              9.819384
            ],
            [
              106.364192,
              9.828106
            ],
            [
              106.369203,
              9.836549
            ],
            [
              106.370772,
              9.837528
            ],
            [
              106.376744,
              9.837359
            ],
            [
              106.381426,
              9.834664
            ],
            [
              106.388515,
              9.829417
            ],
            [
              106.390647,
              9.829264
            ],
            [
              106.395202,
              9.830231
            ],
            [
              106.399762,
              9.832473
            ],
            [
              106.40502,
              9.831601
            ],
            [
              106.407026,
              9.835119
            ],
            [
              106.413305,
              9.84031
            ],
            [
              106.41316,
              9.839605
            ],
            [
              106.41421,
              9.819157
            ],
            [
              106.413637,
              9.818029
            ],
            [
              106.413775,
              9.817043
            ],
            [
              106.411619,
              9.81169
            ],
            [
              106.408756,
              9.80719
            ],
            [
              106.404333,
              9.803826
            ],
            [
              106.403901,
              9.802273
            ],
            [
              106.404324,
              9.801566
            ],
            [
              106.405746,
              9.80156
            ],
            [
              106.408026,
              9.802536
            ],
            [
              106.409019,
              9.802107
            ],
            [
              106.409724,
              9.800693
            ],
            [
              106.408154,
              9.799289
            ],
            [
              106.402742,
              9.79706
            ],
            [
              106.399887,
              9.794531
            ],
            [
              106.399455,
              9.793267
            ],
            [
              106.402301,
              9.79368
            ],
            [
              106.404859,
              9.79338
            ],
            [
              106.406833,
              9.78943
            ],
            [
              106.405684,
              9.786749
            ],
            [
              106.401541,
              9.781974
            ],
            [
              106.39839,
              9.77677
            ],
            [
              106.394399,
              9.77439
            ],
            [
              106.39297,
              9.77256
            ],
            [
              106.395224,
              9.767469
            ],
            [
              106.392072,
              9.761559
            ],
            [
              106.38623,
              9.758482
            ],
            [
              106.386644,
              9.755659
            ],
            [
              106.383937,
              9.754259
            ],
            [
              106.382937,
              9.752998
            ],
            [
              106.386618,
              9.749456
            ],
            [
              106.384191,
              9.746789
            ],
            [
              106.365942,
              9.734448
            ],
            [
              106.361385,
              9.732495
            ],
            [
              106.357261,
              9.731942
            ],
            [
              106.356261,
              9.73096
            ],
            [
              106.356111,
              9.728845
            ],
            [
              106.357953,
              9.727707
            ],
            [
              106.361938,
              9.728541
            ],
            [
              106.364066,
              9.727403
            ],
            [
              106.367064,
              9.730637
            ],
            [
              106.372046,
              9.732163
            ],
            [
              106.38417,
              9.741853
            ],
            [
              106.390596,
              9.74859
            ],
            [
              106.394742,
              9.754215
            ],
            [
              106.402355,
              9.772666
            ],
            [
              106.41051,
              9.784903
            ],
            [
              106.411814,
              9.79053
            ],
            [
              106.41253,
              9.791658
            ],
            [
              106.417319,
              9.814342
            ],
            [
              106.417781,
              9.822949
            ],
            [
              106.419382,
              9.831541
            ],
            [
              106.41911,
              9.834363
            ],
            [
              106.416857,
              9.83959
            ],
            [
              106.416159,
              9.842703
            ],
            [
              106.416188,
              9.849611
            ],
            [
              106.415498,
              9.854271
            ],
            [
              106.414936,
              9.855964
            ],
            [
              106.421766,
              9.856921
            ],
            [
              106.431012,
              9.857307
            ],
            [
              106.43428,
              9.856443
            ],
            [
              106.437909,
              9.854798
            ],
            [
              106.43428,
              9.856443
            ],
            [
              106.431012,
              9.857307
            ],
            [
              106.421766,
              9.856921
            ],
            [
              106.414936,
              9.855964
            ],
            [
              106.41325,
              9.860763
            ],
            [
              106.40577,
              9.87462
            ],
            [
              106.401106,
              9.881547
            ],
            [
              106.396576,
              9.886503
            ],
            [
              106.383302,
              9.909118
            ],
            [
              106.381051,
              9.915059
            ],
            [
              106.380078,
              9.920416
            ],
            [
              106.377118,
              9.927201
            ],
            [
              106.372878,
              9.933566
            ],
            [
              106.37133,
              9.937804
            ],
            [
              106.368973,
              9.952615
            ],
            [
              106.366285,
              9.956017
            ],
            [
              106.366421,
              9.958169
            ],
            [
              106.366285,
              9.956017
            ],
            [
              106.364838,
              9.950381
            ],
            [
              106.365804,
              9.943044
            ],
            [
              106.365207,
              9.936274
            ],
            [
              106.366324,
              9.931332
            ],
            [
              106.366582,
              9.924848
            ],
            [
              106.365839,
              9.917228
            ],
            [
              106.366535,
              9.913419
            ],
            [
              106.367949,
              9.911442
            ],
            [
              106.370365,
              9.911152
            ],
            [
              106.370803,
              9.913826
            ],
            [
              106.369257,
              9.918209
            ],
            [
              106.369144,
              9.925398
            ],
            [
              106.368166,
              9.929778
            ],
            [
              106.369593,
              9.930758
            ],
            [
              106.370302,
              9.93005
            ],
            [
              106.371272,
              9.923843
            ],
            [
              106.373518,
              9.916636
            ],
            [
              106.37818,
              9.909004
            ],
            [
              106.380291,
              9.903488
            ],
            [
              106.393036,
              9.89018
            ],
            [
              106.39544,
              9.886933
            ],
            [
              106.402215,
              9.87449
            ],
            [
              106.406717,
              9.862906
            ],
            [
              106.400152,
              9.857716
            ],
            [
              106.394747,
              9.857459
            ],
            [
              106.388619,
              9.854518
            ],
            [
              106.385355,
              9.856087
            ],
            [
              106.38436,
              9.856091
            ],
            [
              106.380226,
              9.853992
            ],
            [
              106.376817,
              9.854991
            ],
            [
              106.371853,
              9.858258
            ],
            [
              106.370708,
              9.856562
            ],
            [
              106.371979,
              9.854306
            ],
            [
              106.372254,
              9.851908
            ],
            [
              106.360294,
              9.848566
            ],
            [
              106.356566,
              9.875807
            ],
            [
              106.354199,
              9.888367
            ],
            [
              106.354042,
              9.919537
            ],
            [
              106.353208,
              9.924197
            ],
            [
              106.35381,
              9.932369
            ],
            [
              106.351009,
              9.942959
            ],
            [
              106.349167,
              9.944802
            ],
            [
              106.34817,
              9.944526
            ],
            [
              106.345442,
              9.938189
            ],
            [
              106.342867,
              9.934953
            ],
            [
              106.33588,
              9.930894
            ],
            [
              106.33274,
              9.928221
            ],
            [
              106.327757,
              9.926975
            ],
            [
              106.324208,
              9.929105
            ],
            [
              106.320655,
              9.92968
            ],
            [
              106.31382,
              9.928016
            ],
            [
              106.310234,
              9.920416
            ],
            [
              106.296693,
              9.913696
            ],
            [
              106.291138,
              9.911746
            ],
            [
              106.289141,
              9.910343
            ],
            [
              106.283584,
              9.908104
            ],
            [
              106.276012,
              9.899678
            ],
            [
              106.274159,
              9.898274
            ],
            [
              106.272454,
              9.898841
            ],
            [
              106.270476,
              9.90252
            ],
            [
              106.270218,
              9.909565
            ],
            [
              106.268664,
              9.912112
            ],
            [
              106.268119,
              9.918317
            ],
            [
              106.26812,
              9.918607
            ],
            [
              106.27313,
              9.926762
            ],
            [
              106.277124,
              9.929433
            ],
            [
              106.281539,
              9.930962
            ],
            [
              106.285965,
              9.934897
            ],
            [
              106.288098,
              9.934744
            ],
            [
              106.291499,
              9.931349
            ],
            [
              106.296889,
              9.927376
            ],
            [
              106.299027,
              9.928218
            ],
            [
              106.302022,
              9.930322
            ],
            [
              106.305157,
              9.931721
            ],
            [
              106.308857,
              9.932131
            ],
            [
              106.31299,
              9.933942
            ],
            [
              106.315993,
              9.938026
            ],
            [
              106.316431,
              9.940846
            ],
            [
              106.318147,
              9.942955
            ],
            [
              106.32043,
              9.944637
            ],
            [
              106.326554,
              9.946303
            ],
            [
              106.327699,
              9.948134
            ],
            [
              106.326856,
              9.950534
            ],
            [
              106.326867,
              9.953355
            ],
            [
              106.328297,
              9.955185
            ],
            [
              106.333699,
              9.954033
            ],
            [
              106.335267,
              9.955013
            ],
            [
              106.336137,
              9.958961
            ],
            [
              106.337999,
              9.962055
            ],
            [
              106.338996,
              9.962331
            ],
            [
              106.343963,
              9.959209
            ],
            [
              106.347824,
              9.964267
            ],
            [
              106.347548,
              9.966248
            ],
            [
              106.342748,
              9.975436
            ],
            [
              106.341048,
              9.976854
            ],
            [
              106.333938,
              9.978003
            ],
            [
              106.331097,
              9.979145
            ],
            [
              106.329401,
              9.981693
            ],
            [
              106.330829,
              9.983098
            ],
            [
              106.33481,
              9.982657
            ],
            [
              106.337535,
              9.987727
            ],
            [
              106.336688,
              9.989557
            ],
            [
              106.333285,
              9.992257
            ],
            [
              106.330453,
              9.99565
            ],
            [
              106.329456,
              9.995229
            ],
            [
              106.328307,
              9.992837
            ],
            [
              106.326571,
              9.985791
            ],
            [
              106.316591,
              9.980613
            ],
            [
              106.314604,
              9.981896
            ],
            [
              106.312207,
              9.987259
            ],
            [
              106.311213,
              9.987687
            ],
            [
              106.305375,
              9.986444
            ],
            [
              106.301394,
              9.987301
            ],
            [
              106.297559,
              9.988871
            ],
            [
              106.293292,
              9.989448
            ],
            [
              106.291868,
              9.989174
            ],
            [
              106.285998,
              9.979747
            ],
            [
              106.27158,
              9.967251
            ],
            [
              106.259311,
              9.958689
            ],
            [
              106.259619,
              9.964756
            ],
            [
              106.255671,
              9.97394
            ],
            [
              106.255395,
              9.976337
            ],
            [
              106.256556,
              9.98212
            ],
            [
              106.255294,
              9.986917
            ],
            [
              106.255612,
              9.995805
            ],
            [
              106.2532,
              9.99764
            ],
            [
              106.251495,
              9.998072
            ],
            [
              106.245902,
              9.986808
            ],
            [
              106.243055,
              9.986258
            ],
            [
              106.24234,
              9.98541
            ],
            [
              106.242023,
              9.976948
            ],
            [
              106.241595,
              9.976533
            ],
            [
              106.238037,
              9.976257
            ],
            [
              106.23661,
              9.974996
            ],
            [
              106.233148,
              9.962458
            ],
            [
              106.230856,
              9.958379
            ],
            [
              106.228865,
              9.958667
            ],
            [
              106.227874,
              9.959937
            ],
            [
              106.228317,
              9.964167
            ],
            [
              106.22975,
              9.966983
            ],
            [
              106.230347,
              9.974459
            ],
            [
              106.227099,
              9.980674
            ],
            [
              106.226562,
              9.989276
            ],
            [
              106.225285,
              9.990411
            ],
            [
              106.225581,
              9.993511
            ],
            [
              106.226727,
              9.995343
            ],
            [
              106.226876,
              9.997178
            ],
            [
              106.225458,
              9.998594
            ],
            [
              106.224037,
              9.999024
            ],
            [
              106.221178,
              9.995643
            ],
            [
              106.217754,
              9.993124
            ],
            [
              106.213052,
              9.991306
            ],
            [
              106.215071,
              9.998632
            ],
            [
              106.215379,
              10.005114
            ],
            [
              106.21475,
              10.010929
            ],
            [
              106.216428,
              10.013543
            ],
            [
              106.216428,
              10.013543
            ],
            [
              106.397427,
              9.750262
            ],
            [
              106.393702,
              9.743505
            ],
            [
              106.39355,
              9.741109
            ],
            [
              106.403537,
              9.749387
            ],
            [
              106.406131,
              9.75784
            ],
            [
              106.41057,
              9.765154
            ],
            [
              106.4123,
              9.770925
            ],
            [
              106.412307,
              9.772625
            ],
            [
              106.406176,
              9.768554
            ],
            [
              106.405032,
              9.766868
            ],
            [
              106.403727,
              9.760806
            ],
            [
              106.397427,
              9.750262
            ],
            [
              106.408646,
              9.781095
            ],
            [
              106.405489,
              9.774344
            ],
            [
              106.401779,
              9.770969
            ],
            [
              106.401486,
              9.768999
            ],
            [
              106.403473,
              9.768005
            ],
            [
              106.406476,
              9.772224
            ],
            [
              106.410189,
              9.776016
            ],
            [
              106.410048,
              9.776577
            ],
            [
              106.414047,
              9.780512
            ],
            [
              106.414765,
              9.782199
            ],
            [
              106.414487,
              9.783756
            ],
            [
              106.411356,
              9.783064
            ],
            [
              106.408646,
              9.781095
            ],
            [
              106.232801,
              10.040789
            ],
            [
              106.228619,
              10.041623
            ],
            [
              106.224203,
              10.042504
            ],
            [
              106.228162,
              10.046917
            ],
            [
              106.22802,
              10.047941
            ],
            [
              106.234322,
              10.047499
            ],
            [
              106.237166,
              10.046648
            ],
            [
              106.237589,
              10.045796
            ],
            [
              106.236436,
              10.041994
            ],
            [
              106.233014,
              10.037877
            ],
            [
              106.232801,
              10.040789
            ],
            [
              106.232801,
              10.040789
            ],
            [
              106.166393,
              9.71107
            ],
            [
              106.181193,
              9.715252
            ],
            [
              106.186313,
              9.715514
            ],
            [
              106.189869,
              9.716343
            ],
            [
              106.190725,
              9.717045
            ],
            [
              106.19599,
              9.718438
            ],
            [
              106.201822,
              9.719267
            ],
            [
              106.205238,
              9.720521
            ],
            [
              106.206381,
              9.721928
            ],
            [
              106.205675,
              9.723341
            ],
            [
              106.204113,
              9.724052
            ],
            [
              106.201696,
              9.72378
            ],
            [
              106.196852,
              9.721256
            ],
            [
              106.190447,
              9.718882
            ],
            [
              106.188317,
              9.719739
            ],
            [
              106.188181,
              9.721431
            ],
            [
              106.188755,
              9.722984
            ],
            [
              106.190183,
              9.724526
            ],
            [
              106.199578,
              9.727875
            ],
            [
              106.203276,
              9.728432
            ],
            [
              106.206828,
              9.727569
            ],
            [
              106.219487,
              9.72936
            ],
            [
              106.228725,
              9.728341
            ],
            [
              106.245797,
              9.731661
            ],
            [
              106.252347,
              9.734178
            ],
            [
              106.259728,
              9.731049
            ],
            [
              106.246772,
              9.72616
            ],
            [
              106.245204,
              9.724899
            ],
            [
              106.239798,
              9.723924
            ],
            [
              106.227998,
              9.724112
            ],
            [
              106.220032,
              9.722585
            ],
            [
              106.218749,
              9.721748
            ],
            [
              106.218176,
              9.720475
            ],
            [
              106.219874,
              9.718218
            ],
            [
              106.227678,
              9.714383
            ],
            [
              106.229377,
              9.712396
            ],
            [
              106.229938,
              9.710278
            ],
            [
              106.228072,
              9.705348
            ],
            [
              106.221251,
              9.705942
            ],
            [
              106.213998,
              9.705262
            ],
            [
              106.196091,
              9.707161
            ],
            [
              106.19211,
              9.70675
            ],
            [
              106.187698,
              9.705354
            ],
            [
              106.179738,
              9.705662
            ],
            [
              106.173771,
              9.706949
            ],
            [
              106.163243,
              9.704588
            ],
            [
              106.159703,
              9.708977
            ],
            [
              106.156165,
              9.713646
            ],
            [
              106.153477,
              9.717318
            ],
            [
              106.150077,
              9.721001
            ],
            [
              106.147103,
              9.724248
            ],
            [
              106.144554,
              9.727503
            ],
            [
              106.141722,
              9.730614
            ],
            [
              106.138885,
              9.732604
            ],
            [
              106.144718,
              9.733851
            ],
            [
              106.145016,
              9.737657
            ],
            [
              106.143328,
              9.74316
            ],
            [
              106.147164,
              9.742026
            ],
            [
              106.146049,
              9.748659
            ],
            [
              106.143643,
              9.752049
            ],
            [
              106.142373,
              9.755019
            ],
            [
              106.144087,
              9.757129
            ],
            [
              106.144941,
              9.757127
            ],
            [
              106.148623,
              9.753018
            ],
            [
              106.152325,
              9.754561
            ],
            [
              106.159026,
              9.759756
            ],
            [
              106.167278,
              9.761283
            ],
            [
              106.172121,
              9.763663
            ],
            [
              106.173976,
              9.765772
            ],
            [
              106.175839,
              9.769853
            ],
            [
              106.174572,
              9.773529
            ],
            [
              106.172589,
              9.775787
            ],
            [
              106.169326,
              9.777634
            ],
            [
              106.16549,
              9.778633
            ],
            [
              106.161792,
              9.778366
            ],
            [
              106.156099,
              9.776974
            ],
            [
              106.154102,
              9.775426
            ],
            [
              106.153813,
              9.7736
            ],
            [
              106.154798,
              9.770775
            ],
            [
              106.160054,
              9.769057
            ],
            [
              106.160477,
              9.76807
            ],
            [
              106.159619,
              9.766662
            ],
            [
              106.157338,
              9.765259
            ],
            [
              106.146958,
              9.765159
            ],
            [
              106.144126,
              9.768831
            ],
            [
              106.139577,
              9.769126
            ],
            [
              106.135318,
              9.770976
            ],
            [
              106.137028,
              9.771956
            ],
            [
              106.140442,
              9.772515
            ],
            [
              106.145427,
              9.774894
            ],
            [
              106.149134,
              9.777703
            ],
            [
              106.149569,
              9.780243
            ],
            [
              106.146296,
              9.779549
            ],
            [
              106.145732,
              9.780961
            ],
            [
              106.147027,
              9.785189
            ],
            [
              106.149449,
              9.786591
            ],
            [
              106.151726,
              9.787
            ],
            [
              106.160678,
              9.785423
            ],
            [
              106.150704,
              9.779389
            ],
            [
              106.14956,
              9.777702
            ],
            [
              106.150125,
              9.776145
            ],
            [
              106.155677,
              9.778106
            ],
            [
              106.160808,
              9.781615
            ],
            [
              106.165226,
              9.784557
            ],
            [
              106.179042,
              9.790713
            ],
            [
              106.185611,
              9.798594
            ],
            [
              106.192014,
              9.799837
            ],
            [
              106.194296,
              9.80181
            ],
            [
              106.196156,
              9.80476
            ],
            [
              106.199705,
              9.803201
            ],
            [
              106.201831,
              9.801213
            ],
            [
              106.202391,
              9.79867
            ],
            [
              106.204513,
              9.795706
            ],
            [
              106.207209,
              9.794005
            ],
            [
              106.209766,
              9.793426
            ],
            [
              106.217878,
              9.795233
            ],
            [
              106.226128,
              9.795773
            ],
            [
              106.226145,
              9.800421
            ],
            [
              106.230547,
              9.798569
            ],
            [
              106.234386,
              9.7987
            ],
            [
              106.238802,
              9.800655
            ],
            [
              106.24394,
              9.805574
            ],
            [
              106.250755,
              9.802727
            ],
            [
              106.253741,
              9.802716
            ],
            [
              106.258723,
              9.803973
            ],
            [
              106.261138,
              9.803394
            ],
            [
              106.263407,
              9.801695
            ],
            [
              106.268661,
              9.799704
            ],
            [
              106.285861,
              9.797948
            ],
            [
              106.291978,
              9.798766
            ],
            [
              106.296664,
              9.796922
            ],
            [
              106.297228,
              9.796069
            ],
            [
              106.297223,
              9.794659
            ],
            [
              106.292803,
              9.791574
            ],
            [
              106.293223,
              9.789882
            ],
            [
              106.295352,
              9.788743
            ],
            [
              106.29848,
              9.788451
            ],
            [
              106.300892,
              9.787311
            ],
            [
              106.304284,
              9.781936
            ],
            [
              106.303121,
              9.775457
            ],
            [
              106.299564,
              9.774901
            ],
            [
              106.29701,
              9.776321
            ],
            [
              106.291484,
              9.78128
            ],
            [
              106.289638,
              9.781992
            ],
            [
              106.284512,
              9.78032
            ],
            [
              106.282807,
              9.780472
            ],
            [
              106.278407,
              9.782459
            ],
            [
              106.273711,
              9.781627
            ],
            [
              106.271297,
              9.782341
            ],
            [
              106.268178,
              9.784894
            ],
            [
              106.266339,
              9.787442
            ],
            [
              106.26407,
              9.788997
            ],
            [
              106.26208,
              9.789004
            ],
            [
              106.25766,
              9.786063
            ],
            [
              106.255232,
              9.783251
            ],
            [
              106.251528,
              9.781574
            ],
            [
              106.249254,
              9.781582
            ],
            [
              106.248261,
              9.782146
            ],
            [
              106.247982,
              9.783838
            ],
            [
              106.25127,
              9.788483
            ],
            [
              106.250995,
              9.791025
            ],
            [
              106.247875,
              9.793288
            ],
            [
              106.245035,
              9.794294
            ],
            [
              106.237215,
              9.794602
            ],
            [
              106.234212,
              9.790101
            ],
            [
              106.232207,
              9.785876
            ],
            [
              106.22752,
              9.78772
            ],
            [
              106.222826,
              9.787321
            ],
            [
              106.221827,
              9.786339
            ],
            [
              106.221818,
              9.783798
            ],
            [
              106.226765,
              9.775741
            ],
            [
              106.226475,
              9.774331
            ],
            [
              106.22562,
              9.773485
            ],
            [
              106.223199,
              9.772652
            ],
            [
              106.216376,
              9.773237
            ],
            [
              106.214097,
              9.77226
            ],
            [
              106.210501,
              9.760843
            ],
            [
              106.21205,
              9.756469
            ],
            [
              106.214177,
              9.754906
            ],
            [
              106.216309,
              9.754619
            ],
            [
              106.230258,
              9.758656
            ],
            [
              106.231679,
              9.75837
            ],
            [
              106.237353,
              9.754968
            ],
            [
              106.242181,
              9.753259
            ],
            [
              106.245596,
              9.753952
            ],
            [
              106.24873,
              9.755487
            ],
            [
              106.258853,
              9.763064
            ],
            [
              106.264277,
              9.76855
            ],
            [
              106.268128,
              9.771638
            ],
            [
              106.269979,
              9.772336
            ],
            [
              106.274373,
              9.768648
            ],
            [
              106.276646,
              9.768224
            ],
            [
              106.280633,
              9.769755
            ],
            [
              106.283484,
              9.77158
            ],
            [
              106.284904,
              9.771014
            ],
            [
              106.285607,
              9.768896
            ],
            [
              106.283603,
              9.765512
            ],
            [
              106.284298,
              9.761422
            ],
            [
              106.281579,
              9.75692
            ],
            [
              106.270031,
              9.748644
            ],
            [
              106.267022,
              9.742443
            ],
            [
              106.2592,
              9.741912
            ],
            [
              106.24639,
              9.738152
            ],
            [
              106.237711,
              9.736492
            ],
            [
              106.205848,
              9.731949
            ],
            [
              106.194606,
              9.729167
            ],
            [
              106.182806,
              9.729208
            ],
            [
              106.18067,
              9.72823
            ],
            [
              106.181083,
              9.724557
            ],
            [
              106.180785,
              9.720607
            ],
            [
              106.176507,
              9.716814
            ],
            [
              106.173802,
              9.715838
            ],
            [
              106.167971,
              9.715297
            ],
            [
              106.160724,
              9.716443
            ],
            [
              106.159017,
              9.716033
            ],
            [
              106.159295,
              9.714196
            ],
            [
              106.161987,
              9.711646
            ],
            [
              106.166393,
              9.71107
            ],
            [
              106.233965,
              9.83848
            ],
            [
              106.23653,
              9.839737
            ],
            [
              106.238657,
              9.838038
            ],
            [
              106.242077,
              9.839997
            ],
            [
              106.247018,
              9.830249
            ],
            [
              106.246155,
              9.827711
            ],
            [
              106.245157,
              9.827009
            ],
            [
              106.243026,
              9.827442
            ],
            [
              106.237496,
              9.831839
            ],
            [
              106.235056,
              9.825916
            ],
            [
              106.231792,
              9.827764
            ],
            [
              106.230652,
              9.827207
            ],
            [
              106.225939,
              9.821582
            ],
            [
              106.223667,
              9.82272
            ],
            [
              106.220421,
              9.82936
            ],
            [
              106.217552,
              9.822598
            ],
            [
              106.213558,
              9.81923
            ],
            [
              106.208573,
              9.817267
            ],
            [
              106.204723,
              9.81446
            ],
            [
              106.200892,
              9.816734
            ],
            [
              106.198756,
              9.816181
            ],
            [
              106.194194,
              9.812951
            ],
            [
              106.189923,
              9.811835
            ],
            [
              106.179399,
              9.811447
            ],
            [
              106.173427,
              9.811893
            ],
            [
              106.170592,
              9.814299
            ],
            [
              106.170028,
              9.815712
            ],
            [
              106.170603,
              9.817401
            ],
            [
              106.172174,
              9.819231
            ],
            [
              106.174739,
              9.820777
            ],
            [
              106.178867,
              9.821884
            ],
            [
              106.18129,
              9.823431
            ],
            [
              106.187009,
              9.831875
            ],
            [
              106.191595,
              9.841454
            ],
            [
              106.193166,
              9.843564
            ],
            [
              106.19304,
              9.848077
            ],
            [
              106.19191,
              9.850052
            ],
            [
              106.187081,
              9.852041
            ],
            [
              106.185664,
              9.853746
            ],
            [
              106.184399,
              9.857838
            ],
            [
              106.17929,
              9.860957
            ],
            [
              106.177314,
              9.865196
            ],
            [
              106.179877,
              9.866173
            ],
            [
              106.180728,
              9.865464
            ],
            [
              106.182435,
              9.865323
            ],
            [
              106.184146,
              9.866438
            ],
            [
              106.187405,
              9.863325
            ],
            [
              106.19151,
              9.857813
            ],
            [
              106.199595,
              9.851581
            ],
            [
              106.202154,
              9.851146
            ],
            [
              106.205426,
              9.851415
            ],
            [
              106.214542,
              9.855054
            ],
            [
              106.227212,
              9.858526
            ],
            [
              106.234765,
              9.86245
            ],
            [
              106.235753,
              9.86033
            ],
            [
              106.233172,
              9.854561
            ],
            [
              106.233302,
              9.851459
            ],
            [
              106.236294,
              9.852714
            ],
            [
              106.23956,
              9.851572
            ],
            [
              106.241545,
              9.849729
            ],
            [
              106.243678,
              9.849585
            ],
            [
              106.243815,
              9.848174
            ],
            [
              106.242672,
              9.846768
            ],
            [
              106.240679,
              9.846495
            ],
            [
              106.23783,
              9.84523
            ],
            [
              106.232263,
              9.839897
            ],
            [
              106.232686,
              9.838485
            ],
            [
              106.233965,
              9.83848
            ],
            [
              106.202091,
              9.873003
            ],
            [
              106.19838,
              9.86949
            ],
            [
              106.199362,
              9.865824
            ],
            [
              106.2093,
              9.860851
            ],
            [
              106.211001,
              9.859289
            ],
            [
              106.211281,
              9.857878
            ],
            [
              106.210139,
              9.856616
            ],
            [
              106.207007,
              9.855922
            ],
            [
              106.197905,
              9.856235
            ],
            [
              106.195777,
              9.857653
            ],
            [
              106.19337,
              9.860763
            ],
            [
              106.188437,
              9.873341
            ],
            [
              106.184328,
              9.877868
            ],
            [
              106.179216,
              9.880137
            ],
            [
              106.176953,
              9.883817
            ],
            [
              106.175103,
              9.883678
            ],
            [
              106.173119,
              9.885376
            ],
            [
              106.171423,
              9.888629
            ],
            [
              106.17116,
              9.894833
            ],
            [
              106.172585,
              9.895398
            ],
            [
              106.176282,
              9.895104
            ],
            [
              106.186111,
              9.899013
            ],
            [
              106.188239,
              9.897459
            ],
            [
              106.189933,
              9.893781
            ],
            [
              106.192061,
              9.891947
            ],
            [
              106.192336,
              9.889685
            ],
            [
              106.191477,
              9.888278
            ],
            [
              106.187489,
              9.886737
            ],
            [
              106.18535,
              9.885333
            ],
            [
              106.18449,
              9.88322
            ],
            [
              106.185198,
              9.882097
            ],
            [
              106.191317,
              9.883061
            ],
            [
              106.195583,
              9.882765
            ],
            [
              106.198422,
              9.881344
            ],
            [
              106.200121,
              9.879078
            ],
            [
              106.20068,
              9.876254
            ],
            [
              106.202096,
              9.874414
            ],
            [
              106.202091,
              9.873003
            ],
            [
              106.297006,
              9.848399
            ],
            [
              106.300412,
              9.84655
            ],
            [
              106.30668,
              9.849203
            ],
            [
              106.308529,
              9.84906
            ],
            [
              106.31023,
              9.847923
            ],
            [
              106.310226,
              9.846937
            ],
            [
              106.307941,
              9.844405
            ],
            [
              106.308361,
              9.842713
            ],
            [
              106.314042,
              9.840575
            ],
            [
              106.316619,
              9.845213
            ],
            [
              106.319903,
              9.84831
            ],
            [
              106.321476,
              9.8507
            ],
            [
              106.317647,
              9.853392
            ],
            [
              106.317225,
              9.854244
            ],
            [
              106.317804,
              9.856918
            ],
            [
              106.323923,
              9.85788
            ],
            [
              106.321098,
              9.862547
            ],
            [
              106.318116,
              9.863825
            ],
            [
              106.316989,
              9.866795
            ],
            [
              106.312568,
              9.863711
            ],
            [
              106.310436,
              9.863719
            ],
            [
              106.310158,
              9.865556
            ],
            [
              106.311305,
              9.867948
            ],
            [
              106.316866,
              9.871453
            ],
            [
              106.321131,
              9.870866
            ],
            [
              106.32997,
              9.876194
            ],
            [
              106.332387,
              9.875904
            ],
            [
              106.336215,
              9.872923
            ],
            [
              106.337934,
              9.876017
            ],
            [
              106.33881,
              9.881656
            ],
            [
              106.342534,
              9.887989
            ],
            [
              106.342259,
              9.890251
            ],
            [
              106.341266,
              9.89096
            ],
            [
              106.338849,
              9.891395
            ],
            [
              106.337284,
              9.891112
            ],
            [
              106.334005,
              9.889434
            ],
            [
              106.33089,
              9.892828
            ],
            [
              106.330334,
              9.896076
            ],
            [
              106.330508,
              9.903834
            ],
            [
              106.332233,
              9.908204
            ],
            [
              106.341807,
              9.919161
            ],
            [
              106.343816,
              9.923385
            ],
            [
              106.344958,
              9.92423
            ],
            [
              106.346807,
              9.924358
            ],
            [
              106.347514,
              9.92337
            ],
            [
              106.347647,
              9.921118
            ],
            [
              106.344362,
              9.91774
            ],
            [
              106.346337,
              9.913645
            ],
            [
              106.3449,
              9.910124
            ],
            [
              106.346565,
              9.899683
            ],
            [
              106.346552,
              9.896581
            ],
            [
              106.345533,
              9.890798
            ],
            [
              106.347491,
              9.882897
            ],
            [
              106.351156,
              9.874843
            ],
            [
              106.354674,
              9.86538
            ],
            [
              106.354662,
              9.862559
            ],
            [
              106.353238,
              9.86214
            ],
            [
              106.350839,
              9.866517
            ],
            [
              106.348146,
              9.868924
            ],
            [
              106.347716,
              9.868085
            ],
            [
              106.350074,
              9.853408
            ],
            [
              106.355546,
              9.835194
            ],
            [
              106.35511,
              9.832799
            ],
            [
              106.353259,
              9.832381
            ],
            [
              106.342771,
              9.841023
            ],
            [
              106.339647,
              9.84231
            ],
            [
              106.337655,
              9.842028
            ],
            [
              106.331913,
              9.828659
            ],
            [
              106.32991,
              9.825846
            ],
            [
              106.315231,
              9.818
            ],
            [
              106.308828,
              9.816759
            ],
            [
              106.301577,
              9.817067
            ],
            [
              106.29075,
              9.812172
            ],
            [
              106.288182,
              9.810066
            ],
            [
              106.283055,
              9.807969
            ],
            [
              106.281794,
              9.813056
            ],
            [
              106.287062,
              9.814727
            ],
            [
              106.274418,
              9.818021
            ],
            [
              106.274852,
              9.819565
            ],
            [
              106.278138,
              9.82364
            ],
            [
              106.284703,
              9.829828
            ],
            [
              106.286282,
              9.833348
            ],
            [
              106.286008,
              9.836026
            ],
            [
              106.284453,
              9.838573
            ],
            [
              106.28261,
              9.840271
            ],
            [
              106.281624,
              9.842815
            ],
            [
              106.282483,
              9.844223
            ],
            [
              106.287903,
              9.848145
            ],
            [
              106.287061,
              9.851258
            ],
            [
              106.288919,
              9.853367
            ],
            [
              106.293746,
              9.851368
            ],
            [
              106.297006,
              9.848399
            ],
            [
              106.492035,
              9.860144
            ],
            [
              106.493309,
              9.858728
            ],
            [
              106.494156,
              9.857594
            ],
            [
              106.495855,
              9.855751
            ],
            [
              106.496987,
              9.854625
            ],
            [
              106.499254,
              9.852779
            ],
            [
              106.501231,
              9.849669
            ],
            [
              106.503213,
              9.84768
            ],
            [
              106.505337,
              9.845554
            ],
            [
              106.507747,
              9.843853
            ],
            [
              106.509589,
              9.842434
            ],
            [
              106.510292,
              9.840595
            ],
            [
              106.510287,
              9.839475
            ],
            [
              106.509857,
              9.838772
            ],
            [
              106.509144,
              9.838349
            ],
            [
              106.507438,
              9.838492
            ],
            [
              106.506303,
              9.839068
            ],
            [
              106.504887,
              9.840339
            ],
            [
              106.503898,
              9.841754
            ],
            [
              106.502768,
              9.84345
            ],
            [
              106.500218,
              9.845722
            ],
            [
              106.498381,
              9.848271
            ],
            [
              106.495835,
              9.851384
            ],
            [
              106.494843,
              9.852228
            ],
            [
              106.492719,
              9.854074
            ],
            [
              106.490171,
              9.856762
            ],
            [
              106.487904,
              9.858607
            ],
            [
              106.486488,
              9.860024
            ],
            [
              106.484079,
              9.862015
            ],
            [
              106.482097,
              9.863994
            ],
            [
              106.480115,
              9.865974
            ],
            [
              106.477142,
              9.869089
            ],
            [
              106.474169,
              9.872067
            ],
            [
              106.473603,
              9.872775
            ],
            [
              106.47148,
              9.875045
            ],
            [
              106.467374,
              9.879294
            ],
            [
              106.463836,
              9.883252
            ],
            [
              106.46101,
              9.887496
            ],
            [
              106.45988,
              9.889336
            ],
            [
              106.460307,
              9.889334
            ],
            [
              106.461018,
              9.889331
            ],
            [
              106.461302,
              9.88905
            ],
            [
              106.462723,
              9.888763
            ],
            [
              106.465278,
              9.887477
            ],
            [
              106.46712,
              9.886059
            ],
            [
              106.469528,
              9.883932
            ],
            [
              106.470658,
              9.882237
            ],
            [
              106.472073,
              9.880675
            ],
            [
              106.473491,
              9.879548
            ],
            [
              106.474057,
              9.878976
            ],
            [
              106.477887,
              9.876708
            ],
            [
              106.479726,
              9.874439
            ],
            [
              106.480857,
              9.873024
            ],
            [
              106.481847,
              9.871889
            ],
            [
              106.482555,
              9.871181
            ],
            [
              106.482695,
              9.870475
            ],
            [
              106.483685,
              9.869205
            ],
            [
              106.48482,
              9.868639
            ],
            [
              106.485104,
              9.868638
            ],
            [
              106.486521,
              9.867357
            ],
            [
              106.487369,
              9.866232
            ],
            [
              106.489067,
              9.864389
            ],
            [
              106.490623,
              9.862546
            ],
            [
              106.492035,
              9.860144
            ],
            [
              106.493472,
              9.863664
            ],
            [
              106.489512,
              9.868329
            ],
            [
              106.4847,
              9.873712
            ],
            [
              106.479744,
              9.87839
            ],
            [
              106.479034,
              9.878818
            ],
            [
              106.477191,
              9.880237
            ],
            [
              106.472231,
              9.884201
            ],
            [
              106.468122,
              9.887465
            ],
            [
              106.46415,
              9.890023
            ],
            [
              106.461738,
              9.891164
            ],
            [
              106.458193,
              9.893711
            ],
            [
              106.452237,
              9.897688
            ],
            [
              106.448977,
              9.900243
            ],
            [
              106.44515,
              9.903216
            ],
            [
              106.441885,
              9.90493
            ],
            [
              106.43976,
              9.906765
            ],
            [
              106.439051,
              9.907193
            ],
            [
              106.436783,
              9.909038
            ],
            [
              106.434376,
              9.91187
            ],
            [
              106.432396,
              9.914274
            ],
            [
              106.432113,
              9.914701
            ],
            [
              106.430416,
              9.916824
            ],
            [
              106.429287,
              9.91908
            ],
            [
              106.427877,
              9.921907
            ],
            [
              106.42703,
              9.923321
            ],
            [
              106.426039,
              9.924455
            ],
            [
              106.425192,
              9.92587
            ],
            [
              106.423776,
              9.927286
            ],
            [
              106.420942,
              9.929975
            ],
            [
              106.418392,
              9.932101
            ],
            [
              106.41627,
              9.934931
            ],
            [
              106.414857,
              9.937053
            ],
            [
              106.414432,
              9.93748
            ],
            [
              106.413869,
              9.938893
            ],
            [
              106.411893,
              9.942572
            ],
            [
              106.411617,
              9.9444
            ],
            [
              106.411909,
              9.946379
            ],
            [
              106.412481,
              9.946937
            ],
            [
              106.413901,
              9.94637
            ],
            [
              106.415321,
              9.945795
            ],
            [
              106.416739,
              9.944668
            ],
            [
              106.418441,
              9.94353
            ],
            [
              106.418582,
              9.943249
            ],
            [
              106.419149,
              9.942822
            ],
            [
              106.422411,
              9.940692
            ],
            [
              106.424253,
              9.938849
            ],
            [
              106.426522,
              9.937429
            ],
            [
              106.429076,
              9.935872
            ],
            [
              106.430353,
              9.935161
            ],
            [
              106.433052,
              9.934155
            ],
            [
              106.43447,
              9.933308
            ],
            [
              106.434755,
              9.933307
            ],
            [
              106.435465,
              9.933023
            ],
            [
              106.437737,
              9.932164
            ],
            [
              106.442421,
              9.929747
            ],
            [
              106.446252,
              9.927615
            ],
            [
              106.449234,
              9.926472
            ],
            [
              106.452217,
              9.925754
            ],
            [
              106.456762,
              9.923899
            ],
            [
              106.461163,
              9.922053
            ],
            [
              106.464144,
              9.920629
            ],
            [
              106.465989,
              9.919772
            ],
            [
              106.469393,
              9.917641
            ],
            [
              106.474218,
              9.915079
            ],
            [
              106.475209,
              9.914089
            ],
            [
              106.477054,
              9.912951
            ],
            [
              106.47989,
              9.911112
            ],
            [
              106.482581,
              9.908559
            ],
            [
              106.48641,
              9.906002
            ],
            [
              106.489099,
              9.903169
            ],
            [
              106.491509,
              9.901323
            ],
            [
              106.494345,
              9.899484
            ],
            [
              106.496469,
              9.897358
            ],
            [
              106.499726,
              9.894098
            ],
            [
              106.502415,
              9.891265
            ],
            [
              106.506228,
              9.885325
            ],
            [
              106.506227,
              9.885044
            ],
            [
              106.507784,
              9.883337
            ],
            [
              106.510188,
              9.88037
            ],
            [
              106.512447,
              9.876834
            ],
            [
              106.514848,
              9.873152
            ],
            [
              106.517111,
              9.870185
            ],
            [
              106.521072,
              9.865656
            ],
            [
              106.525033,
              9.861126
            ],
            [
              106.526025,
              9.860416
            ],
            [
              106.528573,
              9.857864
            ],
            [
              106.531546,
              9.855029
            ],
            [
              106.533952,
              9.852623
            ],
            [
              106.527968,
              9.849964
            ],
            [
              106.527249,
              9.848141
            ],
            [
              106.528352,
              9.840659
            ],
            [
              106.527207,
              9.838973
            ],
            [
              106.520378,
              9.838434
            ],
            [
              106.519824,
              9.841547
            ],
            [
              106.518277,
              9.845361
            ],
            [
              106.514458,
              9.850025
            ],
            [
              106.507766,
              9.848085
            ],
            [
              106.504231,
              9.852477
            ],
            [
              106.499986,
              9.857423
            ],
            [
              106.49673,
              9.860684
            ],
            [
              106.494465,
              9.862954
            ],
            [
              106.49418,
              9.862956
            ],
            [
              106.493472,
              9.863664
            ],
            [
              106.404477,
              9.938091
            ],
            [
              106.40391,
              9.93879
            ],
            [
              106.401362,
              9.941622
            ],
            [
              106.400513,
              9.94262
            ],
            [
              106.398104,
              9.944882
            ],
            [
              106.396972,
              9.946297
            ],
            [
              106.395558,
              9.948419
            ],
            [
              106.394567,
              9.949553
            ],
            [
              106.393726,
              9.952378
            ],
            [
              106.392736,
              9.953648
            ],
            [
              106.391325,
              9.956475
            ],
            [
              106.391328,
              9.95718
            ],
            [
              106.390904,
              9.957887
            ],
            [
              106.390488,
              9.960429
            ],
            [
              106.389496,
              9.961419
            ],
            [
              106.38922,
              9.963256
            ],
            [
              106.389222,
              9.963961
            ],
            [
              106.389509,
              9.964385
            ],
            [
              106.390221,
              9.964662
            ],
            [
              106.393772,
              9.963373
            ],
            [
              106.394622,
              9.962528
            ],
            [
              106.396752,
              9.961389
            ],
            [
              106.402563,
              9.956428
            ],
            [
              106.403976,
              9.954306
            ],
            [
              106.404964,
              9.952466
            ],
            [
              106.405954,
              9.951052
            ],
            [
              106.406798,
              9.948797
            ],
            [
              106.407079,
              9.947945
            ],
            [
              106.407503,
              9.947238
            ],
            [
              106.407502,
              9.946958
            ],
            [
              106.407768,
              9.942725
            ],
            [
              106.408184,
              9.940183
            ],
            [
              106.408747,
              9.93877
            ],
            [
              106.408884,
              9.937503
            ],
            [
              106.40916,
              9.935386
            ],
            [
              106.408728,
              9.934258
            ],
            [
              106.408444,
              9.934259
            ],
            [
              106.408017,
              9.934261
            ],
            [
              106.407448,
              9.934688
            ],
            [
              106.407309,
              9.935114
            ],
            [
              106.406741,
              9.935396
            ],
            [
              106.406317,
              9.936103
            ],
            [
              106.405609,
              9.936812
            ],
            [
              106.404477,
              9.938091
            ],
            [
              106.386198,
              9.955085
            ],
            [
              106.387184,
              9.952965
            ],
            [
              106.387748,
              9.951833
            ],
            [
              106.38803,
              9.950991
            ],
            [
              106.388027,
              9.950285
            ],
            [
              106.387741,
              9.950006
            ],
            [
              106.387598,
              9.949727
            ],
            [
              106.387315,
              9.950008
            ],
            [
              106.386605,
              9.950436
            ],
            [
              106.385757,
              9.951705
            ],
            [
              106.385475,
              9.952412
            ],
            [
              106.384342,
              9.953547
            ],
            [
              106.383352,
              9.954961
            ],
            [
              106.382927,
              9.955524
            ],
            [
              106.381938,
              9.957219
            ],
            [
              106.380807,
              9.958634
            ],
            [
              106.380099,
              9.959487
            ],
            [
              106.379106,
              9.960196
            ],
            [
              106.378399,
              9.961185
            ],
            [
              106.376846,
              9.964012
            ],
            [
              106.374441,
              9.967268
            ],
            [
              106.372602,
              9.969808
            ],
            [
              106.371183,
              9.970664
            ],
            [
              106.370473,
              9.971091
            ],
            [
              106.367637,
              9.973219
            ],
            [
              106.366503,
              9.974209
            ],
            [
              106.365369,
              9.975344
            ],
            [
              106.363951,
              9.976471
            ],
            [
              106.361539,
              9.977891
            ],
            [
              106.360831,
              9.978889
            ],
            [
              106.358847,
              9.980724
            ],
            [
              106.35672,
              9.982568
            ],
            [
              106.355304,
              9.983984
            ],
            [
              106.352184,
              9.986538
            ],
            [
              106.349633,
              9.9888
            ],
            [
              106.347791,
              9.990923
            ],
            [
              106.345664,
              9.992487
            ],
            [
              106.34382,
              9.993905
            ],
            [
              106.341693,
              9.995604
            ],
            [
              106.3407,
              9.996458
            ],
            [
              106.340702,
              9.996883
            ],
            [
              106.341415,
              9.997441
            ],
            [
              106.343123,
              9.997434
            ],
            [
              106.344972,
              9.997146
            ],
            [
              106.346819,
              9.996714
            ],
            [
              106.348951,
              9.996
            ],
            [
              106.349234,
              9.995574
            ],
            [
              106.349942,
              9.994866
            ],
            [
              106.350651,
              9.994157
            ],
            [
              106.351075,
              9.99345
            ],
            [
              106.352205,
              9.991755
            ],
            [
              106.353908,
              9.990482
            ],
            [
              106.354757,
              9.989484
            ],
            [
              106.35717,
              9.987928
            ],
            [
              106.35859,
              9.987217
            ],
            [
              106.360718,
              9.985798
            ],
            [
              106.36256,
              9.984099
            ],
            [
              106.366955,
              9.98041
            ],
            [
              106.368373,
              9.979274
            ],
            [
              106.369083,
              9.978991
            ],
            [
              106.374466,
              9.973191
            ],
            [
              106.375032,
              9.972339
            ],
            [
              106.375878,
              9.970925
            ],
            [
              106.377011,
              9.969509
            ],
            [
              106.378425,
              9.967388
            ],
            [
              106.379416,
              9.966253
            ],
            [
              106.380403,
              9.964133
            ],
            [
              106.380827,
              9.963291
            ],
            [
              106.381955,
              9.96117
            ],
            [
              106.38238,
              9.960743
            ],
            [
              106.383372,
              9.959754
            ],
            [
              106.384363,
              9.958619
            ],
            [
              106.38507,
              9.957486
            ],
            [
              106.386198,
              9.955085
            ],
            [
              106.2336,
              10.029844
            ],
            [
              106.233279,
              10.03424
            ],
            [
              106.234545,
              10.031285
            ],
            [
              106.233686,
              10.029878
            ],
            [
              106.2336,
              10.029844
            ]
          ]
        ]
      }
    },
    {
      "type": "Feature",
      "properties": {
        "id": 2,
        "name": "Đất phèn",
        "name_en": "Acid sulfate soil",
        "year": 2015
      },
      "geometry": {
        "type": "Polygon",
        "coordinates": [
          [
            [
              106.088232,
              9.95871
            ],
            [
              106.104215,
              9.947935
            ],
            [
              106.114515,
              9.937354
            ],
            [
              106.114515,
              9.937354
            ],
            [
              106.11613,
              9.939237
            ],
            [
              106.123933,
              9.936185
            ],
            [
              106.126913,
              9.934059
            ],
            [
              106.13301,
              9.928115
            ],
            [
              106.147204,
              9.918897
            ],
            [
              106.149895,
              9.915361
            ],
            [
              106.149606,
              9.913952
            ],
            [
              106.140649,
              9.915673
            ],
            [
              106.13043,
              9.922336
            ],
            [
              106.124191,
              9.928425
            ],
            [
              106.109438,
              9.941171
            ],
            [
              106.094115,
              9.953493
            ],
            [
              106.087714,
              9.957917
            ],
            [
              106.088232,
              9.95871
            ],
            [
              106.074492,
              9.825759
            ],
            [
              106.07121,
              9.822387
            ],
            [
              106.059106,
              9.817487
            ],
            [
              106.056418,
              9.821873
            ],
            [
              106.063677,
              9.823677
            ],
            [
              106.068096,
              9.827054
            ],
            [
              106.071088,
              9.828455
            ],
            [
              106.073505,
              9.828303
            ],
            [
              106.074923,
              9.827168
            ],
            [
              106.074492,
              9.825759
            ],
            [
              106.053143,
              9.865607
            ],
            [
              106.05855,
              9.866295
            ],
            [
              106.060826,
              9.866008
            ],
            [
              106.061098,
              9.862616
            ],
            [
              106.051543,
              9.854606
            ],
            [
              106.040286,
              9.848012
            ],
            [
              106.036435,
              9.844217
            ],
            [
              106.036446,
              9.847889
            ],
            [
              106.035023,
              9.847748
            ],
            [
              106.035035,
              9.8517
            ],
            [
              106.035039,
              9.852966
            ],
            [
              106.035328,
              9.854376
            ],
            [
              106.038179,
              9.856203
            ],
            [
              106.045442,
              9.859138
            ],
            [
              106.04872,
              9.861388
            ],
            [
              106.049292,
              9.862517
            ],
            [
              106.053143,
              9.865607
            ],
            [
              106.021783,
              9.889967
            ],
            [
              106.023921,
              9.89109
            ],
            [
              106.02606,
              9.893055
            ],
            [
              106.029491,
              9.898407
            ],
            [
              106.031769,
              9.898961
            ],
            [
              106.032337,
              9.898679
            ],
            [
              106.032328,
              9.895993
            ],
            [
              106.029757,
              9.892339
            ],
            [
              106.028609,
              9.889376
            ],
            [
              106.028741,
              9.885849
            ],
            [
              106.024315,
              9.880644
            ],
            [
              106.023178,
              9.881073
            ],
            [
              106.020488,
              9.885313
            ],
            [
              106.021783,
              9.889967
            ],
            [
              106.318527,
              9.642962
            ],
            [
              106.301314,
              9.638931
            ],
            [
              106.288662,
              9.638273
            ],
            [
              106.281845,
              9.639709
            ],
            [
              106.273176,
              9.640022
            ],
            [
              106.266776,
              9.638779
            ],
            [
              106.258655,
              9.633727
            ],
            [
              106.256812,
              9.635144
            ],
            [
              106.256255,
              9.638112
            ],
            [
              106.257398,
              9.639799
            ],
            [
              106.259679,
              9.641482
            ],
            [
              106.268213,
              9.643431
            ],
            [
              106.276176,
              9.644107
            ],
            [
              106.297068,
              9.643749
            ],
            [
              106.301045,
              9.643028
            ],
            [
              106.302895,
              9.643582
            ],
            [
              106.304325,
              9.645973
            ],
            [
              106.307316,
              9.647372
            ],
            [
              106.309883,
              9.649478
            ],
            [
              106.31174,
              9.652148
            ],
            [
              106.313876,
              9.653134
            ],
            [
              106.327388,
              9.655198
            ],
            [
              106.329239,
              9.656312
            ],
            [
              106.326969,
              9.657452
            ],
            [
              106.320151,
              9.658463
            ],
            [
              106.318876,
              9.659599
            ],
            [
              106.318455,
              9.661011
            ],
            [
              106.319313,
              9.662274
            ],
            [
              106.322157,
              9.662688
            ],
            [
              106.328688,
              9.660691
            ],
            [
              106.335366,
              9.660096
            ],
            [
              106.33821,
              9.66051
            ],
            [
              106.33978,
              9.661914
            ],
            [
              106.339073,
              9.662767
            ],
            [
              106.335236,
              9.663207
            ],
            [
              106.335243,
              9.665033
            ],
            [
              106.339233,
              9.667423
            ],
            [
              106.343645,
              9.668672
            ],
            [
              106.352173,
              9.668638
            ],
            [
              106.357301,
              9.671439
            ],
            [
              106.359298,
              9.673122
            ],
            [
              106.363852,
              9.67437
            ],
            [
              106.364702,
              9.673951
            ],
            [
              106.365263,
              9.672113
            ],
            [
              106.363832,
              9.669433
            ],
            [
              106.3597,
              9.667053
            ],
            [
              106.347457,
              9.662454
            ],
            [
              106.338908,
              9.657261
            ],
            [
              106.325669,
              9.651814
            ],
            [
              106.32111,
              9.649435
            ],
            [
              106.320096,
              9.644366
            ],
            [
              106.318527,
              9.642962
            ],
            [
              106.248652,
              9.657745
            ],
            [
              106.255196,
              9.659276
            ],
            [
              106.258323,
              9.65912
            ],
            [
              106.260451,
              9.657982
            ],
            [
              106.260161,
              9.656572
            ],
            [
              106.257881,
              9.65517
            ],
            [
              106.252903,
              9.654067
            ],
            [
              106.248211,
              9.653795
            ],
            [
              106.245222,
              9.65282
            ],
            [
              106.241952,
              9.652551
            ],
            [
              106.233006,
              9.65498
            ],
            [
              106.232016,
              9.656114
            ],
            [
              106.232019,
              9.656955
            ],
            [
              106.233303,
              9.658505
            ],
            [
              106.237997,
              9.659194
            ],
            [
              106.248652,
              9.657745
            ],
            [
              106.288053,
              9.665213
            ],
            [
              106.291041,
              9.665772
            ],
            [
              106.29332,
              9.667174
            ],
            [
              106.296449,
              9.667867
            ],
            [
              106.300153,
              9.669825
            ],
            [
              106.302714,
              9.670376
            ],
            [
              106.303706,
              9.669667
            ],
            [
              106.302987,
              9.667698
            ],
            [
              106.298572,
              9.665318
            ],
            [
              106.289308,
              9.658725
            ],
            [
              106.281333,
              9.654803
            ],
            [
              106.277778,
              9.654256
            ],
            [
              106.275931,
              9.654688
            ],
            [
              106.274798,
              9.655677
            ],
            [
              106.274664,
              9.657794
            ],
            [
              106.288053,
              9.665213
            ],
            [
              106.461302,
              9.694142
            ],
            [
              106.455626,
              9.696282
            ],
            [
              106.454351,
              9.697273
            ],
            [
              106.454354,
              9.698123
            ],
            [
              106.45649,
              9.698955
            ],
            [
              106.464582,
              9.696524
            ],
            [
              106.467567,
              9.696511
            ],
            [
              106.475253,
              9.699019
            ],
            [
              106.478818,
              9.7014
            ],
            [
              106.484525,
              9.706312
            ],
            [
              106.489221,
              9.707422
            ],
            [
              106.490636,
              9.706005
            ],
            [
              106.488917,
              9.702911
            ],
            [
              106.486492,
              9.700806
            ],
            [
              106.467684,
              9.690733
            ],
            [
              106.457706,
              9.684284
            ],
            [
              106.440057,
              9.678716
            ],
            [
              106.427679,
              9.675946
            ],
            [
              106.411309,
              9.670236
            ],
            [
              106.398229,
              9.669584
            ],
            [
              106.383432,
              9.665837
            ],
            [
              106.376738,
              9.662473
            ],
            [
              106.364219,
              9.659982
            ],
            [
              106.351969,
              9.653403
            ],
            [
              106.351964,
              9.652137
            ],
            [
              106.356372,
              9.65268
            ],
            [
              106.359646,
              9.653797
            ],
            [
              106.364491,
              9.656744
            ],
            [
              106.374874,
              9.658674
            ],
            [
              106.405751,
              9.666868
            ],
            [
              106.4325,
              9.673105
            ],
            [
              106.451582,
              9.681633
            ],
            [
              106.455991,
              9.682175
            ],
            [
              106.457411,
              9.681889
            ],
            [
              106.458118,
              9.681036
            ],
            [
              106.457972,
              9.680051
            ],
            [
              106.455834,
              9.678514
            ],
            [
              106.448859,
              9.676283
            ],
            [
              106.453972,
              9.675411
            ],
            [
              106.457373,
              9.673145
            ],
            [
              106.457369,
              9.67216
            ],
            [
              106.456513,
              9.671169
            ],
            [
              106.453665,
              9.670195
            ],
            [
              106.440887,
              9.673495
            ],
            [
              106.437332,
              9.673085
            ],
            [
              106.418398,
              9.665975
            ],
            [
              106.390517,
              9.660447
            ],
            [
              106.3723,
              9.654733
            ],
            [
              106.356216,
              9.648874
            ],
            [
              106.349665,
              9.645798
            ],
            [
              106.333299,
              9.640644
            ],
            [
              106.31193,
              9.62775
            ],
            [
              106.297841,
              9.622586
            ],
            [
              106.281921,
              9.62222
            ],
            [
              106.279937,
              9.623638
            ],
            [
              106.280935,
              9.62462
            ],
            [
              106.287052,
              9.626153
            ],
            [
              106.301557,
              9.628215
            ],
            [
              106.304264,
              9.629895
            ],
            [
              106.307971,
              9.633263
            ],
            [
              106.31594,
              9.635493
            ],
            [
              106.313819,
              9.638603
            ],
            [
              106.314252,
              9.639867
            ],
            [
              106.324068,
              9.642371
            ],
            [
              106.328058,
              9.644752
            ],
            [
              106.335028,
              9.646416
            ],
            [
              106.339288,
              9.645558
            ],
            [
              106.344413,
              9.64751
            ],
            [
              106.34513,
              9.649198
            ],
            [
              106.344422,
              9.649906
            ],
            [
              106.340723,
              9.648799
            ],
            [
              106.336744,
              9.649095
            ],
            [
              106.335755,
              9.650645
            ],
            [
              106.336471,
              9.651772
            ],
            [
              106.342585,
              9.652318
            ],
            [
              106.348125,
              9.651727
            ],
            [
              106.352118,
              9.654813
            ],
            [
              106.355399,
              9.658191
            ],
            [
              106.360246,
              9.661553
            ],
            [
              106.368218,
              9.664488
            ],
            [
              106.373338,
              9.665173
            ],
            [
              106.390134,
              9.671028
            ],
            [
              106.40748,
              9.672368
            ],
            [
              106.419017,
              9.678098
            ],
            [
              106.456593,
              9.689786
            ],
            [
              106.46101,
              9.692308
            ],
            [
              106.461302,
              9.694142
            ],
            [
              106.263637,
              9.673913
            ],
            [
              106.263492,
              9.673208
            ],
            [
              106.265188,
              9.67038
            ],
            [
              106.262336,
              9.667994
            ],
            [
              106.256504,
              9.666741
            ],
            [
              106.244,
              9.668342
            ],
            [
              106.237187,
              9.670907
            ],
            [
              106.222822,
              9.668698
            ],
            [
              106.203761,
              9.665103
            ],
            [
              106.200787,
              9.66807
            ],
            [
              106.197951,
              9.670196
            ],
            [
              106.203781,
              9.670736
            ],
            [
              106.215007,
              9.669576
            ],
            [
              106.218989,
              9.670122
            ],
            [
              106.222264,
              9.671802
            ],
            [
              106.227955,
              9.673056
            ],
            [
              106.230084,
              9.672343
            ],
            [
              106.239903,
              9.675129
            ],
            [
              106.248729,
              9.678479
            ],
            [
              106.256264,
              9.679013
            ],
            [
              106.269198,
              9.678404
            ],
            [
              106.275874,
              9.677114
            ],
            [
              106.274163,
              9.675845
            ],
            [
              106.271175,
              9.67487
            ],
            [
              106.265061,
              9.674613
            ],
            [
              106.263637,
              9.673913
            ],
            [
              106.331237,
              9.694247
            ],
            [
              106.325405,
              9.693284
            ],
            [
              106.320998,
              9.693156
            ],
            [
              106.305634,
              9.690394
            ],
            [
              106.300942,
              9.689995
            ],
            [
              106.300513,
              9.689572
            ],
            [
              106.310465,
              9.689959
            ],
            [
              106.311885,
              9.689529
            ],
            [
              106.310457,
              9.687843
            ],
            [
              106.309033,
              9.686999
            ],
            [
              106.307893,
              9.686443
            ],
            [
              106.304196,
              9.685887
            ],
            [
              106.293252,
              9.686498
            ],
            [
              106.284424,
              9.68258
            ],
            [
              106.279306,
              9.682734
            ],
            [
              106.277177,
              9.683312
            ],
            [
              106.276468,
              9.68402
            ],
            [
              106.276614,
              9.685005
            ],
            [
              106.277613,
              9.685987
            ],
            [
              106.286865,
              9.689054
            ],
            [
              106.293414,
              9.691851
            ],
            [
              106.306509,
              9.696178
            ],
            [
              106.323159,
              9.700626
            ],
            [
              106.328993,
              9.702159
            ],
            [
              106.344507,
              9.706891
            ],
            [
              106.351204,
              9.710951
            ],
            [
              106.355475,
              9.712345
            ],
            [
              106.358177,
              9.712479
            ],
            [
              106.359449,
              9.710638
            ],
            [
              106.359017,
              9.709374
            ],
            [
              106.356595,
              9.708253
            ],
            [
              106.356445,
              9.705858
            ],
            [
              106.355303,
              9.704868
            ],
            [
              106.351743,
              9.70348
            ],
            [
              106.347048,
              9.702504
            ],
            [
              106.34263,
              9.699565
            ],
            [
              106.332663,
              9.695507
            ],
            [
              106.331237,
              9.694247
            ],
            [
              106.269851,
              9.700972
            ],
            [
              106.269989,
              9.699841
            ],
            [
              106.268133,
              9.697868
            ],
            [
              106.265857,
              9.697316
            ],
            [
              106.250943,
              9.700897
            ],
            [
              106.24469,
              9.7012
            ],
            [
              106.22791,
              9.699995
            ],
            [
              106.217106,
              9.700033
            ],
            [
              106.211554,
              9.697792
            ],
            [
              106.205155,
              9.697254
            ],
            [
              106.193929,
              9.698704
            ],
            [
              106.187104,
              9.698303
            ],
            [
              106.183268,
              9.698741
            ],
            [
              106.176452,
              9.701016
            ],
            [
              106.171485,
              9.703719
            ],
            [
              106.163243,
              9.704588
            ],
            [
              106.173771,
              9.706949
            ],
            [
              106.179738,
              9.705662
            ],
            [
              106.187698,
              9.705354
            ],
            [
              106.19211,
              9.70675
            ],
            [
              106.196091,
              9.707161
            ],
            [
              106.213998,
              9.705262
            ],
            [
              106.221251,
              9.705942
            ],
            [
              106.228072,
              9.705348
            ],
            [
              106.232626,
              9.706326
            ],
            [
              106.241297,
              9.706295
            ],
            [
              106.248826,
              9.704712
            ],
            [
              106.266306,
              9.703237
            ],
            [
              106.26886,
              9.702097
            ],
            [
              106.269851,
              9.700972
            ],
            [
              106.291974,
              9.723876
            ],
            [
              106.292971,
              9.724577
            ],
            [
              106.298092,
              9.725408
            ],
            [
              106.300931,
              9.723986
            ],
            [
              106.302636,
              9.723835
            ],
            [
              106.309185,
              9.726071
            ],
            [
              106.316858,
              9.725191
            ],
            [
              106.319554,
              9.723915
            ],
            [
              106.329078,
              9.723589
            ],
            [
              106.331491,
              9.722594
            ],
            [
              106.331772,
              9.721752
            ],
            [
              106.329917,
              9.720059
            ],
            [
              106.326929,
              9.719365
            ],
            [
              106.324228,
              9.71952
            ],
            [
              106.322383,
              9.720233
            ],
            [
              106.31414,
              9.72097
            ],
            [
              106.311292,
              9.719715
            ],
            [
              106.304747,
              9.718465
            ],
            [
              106.299065,
              9.719617
            ],
            [
              106.293663,
              9.719637
            ],
            [
              106.292245,
              9.720628
            ],
            [
              106.291257,
              9.722188
            ],
            [
              106.291974,
              9.723876
            ],
            [
              106.205675,
              9.723341
            ],
            [
              106.206381,
              9.721928
            ],
            [
              106.205238,
              9.720521
            ],
            [
              106.201822,
              9.719267
            ],
            [
              106.19599,
              9.718438
            ],
            [
              106.190725,
              9.717045
            ],
            [
              106.189869,
              9.716343
            ],
            [
              106.186313,
              9.715514
            ],
            [
              106.181193,
              9.715252
            ],
            [
              106.166393,
              9.71107
            ],
            [
              106.161987,
              9.711646
            ],
            [
              106.159295,
              9.714196
            ],
            [
              106.159017,
              9.716033
            ],
            [
              106.160724,
              9.716443
            ],
            [
              106.167971,
              9.715297
            ],
            [
              106.173802,
              9.715838
            ],
            [
              106.176507,
              9.716814
            ],
            [
              106.180785,
              9.720607
            ],
            [
              106.181083,
              9.724557
            ],
            [
              106.18067,
              9.72823
            ],
            [
              106.182806,
              9.729208
            ],
            [
              106.194606,
              9.729167
            ],
            [
              106.205848,
              9.731949
            ],
            [
              106.237711,
              9.736492
            ],
            [
              106.24639,
              9.738152
            ],
            [
              106.2592,
              9.741912
            ],
            [
              106.267022,
              9.742443
            ],
            [
              106.27783,
              9.743108
            ],
            [
              106.285516,
              9.745195
            ],
            [
              106.289349,
              9.74377
            ],
            [
              106.284645,
              9.740686
            ],
            [
              106.281373,
              9.740138
            ],
            [
              106.273682,
              9.73664
            ],
            [
              106.26543,
              9.73498
            ],
            [
              106.252347,
              9.734178
            ],
            [
              106.245797,
              9.731661
            ],
            [
              106.228725,
              9.728341
            ],
            [
              106.219487,
              9.72936
            ],
            [
              106.206828,
              9.727569
            ],
            [
              106.203276,
              9.728432
            ],
            [
              106.199578,
              9.727875
            ],
            [
              106.190183,
              9.724526
            ],
            [
              106.188755,
              9.722984
            ],
            [
              106.188181,
              9.721431
            ],
            [
              106.188317,
              9.719739
            ],
            [
              106.190447,
              9.718882
            ],
            [
              106.196852,
              9.721256
            ],
            [
              106.201696,
              9.72378
            ],
            [
              106.204113,
              9.724052
            ],
            [
              106.205675,
              9.723341
            ],
            [
              106.174645,
              9.794255
            ],
            [
              106.18306,
              9.801144
            ],
            [
              106.185766,
              9.802545
            ],
            [
              106.189606,
              9.802531
            ],
            [
              106.196156,
              9.80476
            ],
            [
              106.194296,
              9.80181
            ],
            [
              106.192014,
              9.799837
            ],
            [
              106.185611,
              9.798594
            ],
            [
              106.179042,
              9.790713
            ],
            [
              106.165226,
              9.784557
            ],
            [
              106.160808,
              9.781615
            ],
            [
              106.155677,
              9.778106
            ],
            [
              106.150125,
              9.776145
            ],
            [
              106.14956,
              9.777702
            ],
            [
              106.150704,
              9.779389
            ],
            [
              106.160678,
              9.785423
            ],
            [
              106.167511,
              9.787516
            ],
            [
              106.174645,
              9.794255
            ],
            [
              106.094175,
              9.842769
            ],
            [
              106.096449,
              9.842337
            ],
            [
              106.094442,
              9.837406
            ],
            [
              106.09102,
              9.834875
            ],
            [
              106.086165,
              9.829248
            ],
            [
              106.081745,
              9.825455
            ],
            [
              106.078458,
              9.820953
            ],
            [
              106.071199,
              9.81914
            ],
            [
              106.07705,
              9.825335
            ],
            [
              106.079617,
              9.827153
            ],
            [
              106.086049,
              9.837288
            ],
            [
              106.087338,
              9.83997
            ],
            [
              106.090188,
              9.841651
            ],
            [
              106.094175,
              9.842769
            ],
            [
              106.128306,
              9.841951
            ],
            [
              106.131739,
              9.847863
            ],
            [
              106.137012,
              9.850522
            ],
            [
              106.128297,
              9.839266
            ],
            [
              106.127009,
              9.836593
            ],
            [
              106.123295,
              9.832093
            ],
            [
              106.122015,
              9.832097
            ],
            [
              106.121593,
              9.833509
            ],
            [
              106.128306,
              9.841951
            ],
            [
              106.346337,
              9.913645
            ],
            [
              106.344362,
              9.91774
            ],
            [
              106.347647,
              9.921118
            ],
            [
              106.347514,
              9.92337
            ],
            [
              106.346807,
              9.924358
            ],
            [
              106.344958,
              9.92423
            ],
            [
              106.343816,
              9.923385
            ],
            [
              106.341807,
              9.919161
            ],
            [
              106.332233,
              9.908204
            ],
            [
              106.330508,
              9.903834
            ],
            [
              106.322955,
              9.900482
            ],
            [
              106.319531,
              9.89781
            ],
            [
              106.313814,
              9.890788
            ],
            [
              106.309093,
              9.883889
            ],
            [
              106.301374,
              9.874189
            ],
            [
              106.298095,
              9.872086
            ],
            [
              106.296671,
              9.871811
            ],
            [
              106.295964,
              9.8728
            ],
            [
              106.295689,
              9.875342
            ],
            [
              106.296556,
              9.878865
            ],
            [
              106.302283,
              9.888428
            ],
            [
              106.311568,
              9.89813
            ],
            [
              106.312143,
              9.899955
            ],
            [
              106.307011,
              9.897153
            ],
            [
              106.306735,
              9.89927
            ],
            [
              106.307452,
              9.900678
            ],
            [
              106.310307,
              9.903208
            ],
            [
              106.310884,
              9.905177
            ],
            [
              106.310178,
              9.906455
            ],
            [
              106.30646,
              9.901532
            ],
            [
              106.305604,
              9.90111
            ],
            [
              106.303757,
              9.901262
            ],
            [
              106.30319,
              9.90225
            ],
            [
              106.304337,
              9.904081
            ],
            [
              106.307331,
              9.906041
            ],
            [
              106.307906,
              9.907449
            ],
            [
              106.307626,
              9.908581
            ],
            [
              106.304076,
              9.910141
            ],
            [
              106.30394,
              9.911977
            ],
            [
              106.304657,
              9.913385
            ],
            [
              106.308644,
              9.914219
            ],
            [
              106.312624,
              9.913498
            ],
            [
              106.316039,
              9.913765
            ],
            [
              106.319033,
              9.915444
            ],
            [
              106.330426,
              9.918926
            ],
            [
              106.33115,
              9.922025
            ],
            [
              106.330155,
              9.922173
            ],
            [
              106.326451,
              9.920777
            ],
            [
              106.324311,
              9.91923
            ],
            [
              106.319904,
              9.919953
            ],
            [
              106.315198,
              9.91687
            ],
            [
              106.313634,
              9.917021
            ],
            [
              106.313503,
              9.919843
            ],
            [
              106.314927,
              9.920542
            ],
            [
              106.318913,
              9.921087
            ],
            [
              106.320619,
              9.9208
            ],
            [
              106.32219,
              9.922485
            ],
            [
              106.322193,
              9.92319
            ],
            [
              106.320774,
              9.924181
            ],
            [
              106.31864,
              9.924054
            ],
            [
              106.315091,
              9.925614
            ],
            [
              106.313819,
              9.927735
            ],
            [
              106.31382,
              9.928016
            ],
            [
              106.320655,
              9.92968
            ],
            [
              106.324208,
              9.929105
            ],
            [
              106.327757,
              9.926975
            ],
            [
              106.33274,
              9.928221
            ],
            [
              106.33588,
              9.930894
            ],
            [
              106.342867,
              9.934953
            ],
            [
              106.345442,
              9.938189
            ],
            [
              106.34817,
              9.944526
            ],
            [
              106.349167,
              9.944802
            ],
            [
              106.351009,
              9.942959
            ],
            [
              106.35381,
              9.932369
            ],
            [
              106.353208,
              9.924197
            ],
            [
              106.354042,
              9.919537
            ],
            [
              106.354199,
              9.888367
            ],
            [
              106.356566,
              9.875807
            ],
            [
              106.360294,
              9.848566
            ],
            [
              106.372254,
              9.851908
            ],
            [
              106.371979,
              9.854306
            ],
            [
              106.370708,
              9.856562
            ],
            [
              106.371853,
              9.858258
            ],
            [
              106.376817,
              9.854991
            ],
            [
              106.380226,
              9.853992
            ],
            [
              106.38436,
              9.856091
            ],
            [
              106.385355,
              9.856087
            ],
            [
              106.388619,
              9.854518
            ],
            [
              106.394747,
              9.857459
            ],
            [
              106.400152,
              9.857716
            ],
            [
              106.406717,
              9.862906
            ],
            [
              106.402215,
              9.87449
            ],
            [
              106.39544,
              9.886933
            ],
            [
              106.393036,
              9.89018
            ],
            [
              106.380291,
              9.903488
            ],
            [
              106.37818,
              9.909004
            ],
            [
              106.373518,
              9.916636
            ],
            [
              106.371272,
              9.923843
            ],
            [
              106.370302,
              9.93005
            ],
            [
              106.369593,
              9.930758
            ],
            [
              106.368166,
              9.929778
            ],
            [
              106.369144,
              9.925398
            ],
            [
              106.369257,
              9.918209
            ],
            [
              106.370803,
              9.913826
            ],
            [
              106.370365,
              9.911152
            ],
            [
              106.367949,
              9.911442
            ],
            [
              106.366535,
              9.913419
            ],
            [
              106.365839,
              9.917228
            ],
            [
              106.366582,
              9.924848
            ],
            [
              106.366324,
              9.931332
            ],
            [
              106.365207,
              9.936274
            ],
            [
              106.365804,
              9.943044
            ],
            [
              106.364838,
              9.950381
            ],
            [
              106.366285,
              9.956017
            ],
            [
              106.368973,
              9.952616
            ],
            [
              106.37133,
              9.937804
            ],
            [
              106.372877,
              9.933566
            ],
            [
              106.377118,
              9.927201
            ],
            [
              106.380077,
              9.920416
            ],
            [
              106.381051,
              9.915059
            ],
            [
              106.383301,
              9.909118
            ],
            [
              106.396576,
              9.886503
            ],
            [
              106.401107,
              9.881547
            ],
            [
              106.405771,
              9.87462
            ],
            [
              106.41325,
              9.860763
            ],
            [
              106.414936,
              9.855964
            ],
            [
              106.415498,
              9.854271
            ],
            [
              106.416188,
              9.849611
            ],
            [
              106.416159,
              9.842703
            ],
            [
              106.416857,
              9.83959
            ],
            [
              106.41911,
              9.834363
            ],
            [
              106.419382,
              9.831541
            ],
            [
              106.417781,
              9.822949
            ],
            [
              106.417319,
              9.814342
            ],
            [
              106.41253,
              9.791658
            ],
            [
              106.411814,
              9.79053
            ],
            [
              106.41051,
              9.784903
            ],
            [
              106.402355,
              9.772666
            ],
            [
              106.394742,
              9.754215
            ],
            [
              106.390596,
              9.74859
            ],
            [
              106.38417,
              9.741853
            ],
            [
              106.372046,
              9.732163
            ],
            [
              106.367064,
              9.730637
            ],
            [
              106.364066,
              9.727403
            ],
            [
              106.361938,
              9.728541
            ],
            [
              106.357953,
              9.727707
            ],
            [
              106.356111,
              9.728845
            ],
            [
              106.356261,
              9.73096
            ],
            [
              106.357261,
              9.731942
            ],
            [
              106.361385,
              9.732495
            ],
            [
              106.365942,
              9.734448
            ],
            [
              106.384191,
              9.746789
            ],
            [
              106.386618,
              9.749456
            ],
            [
              106.382937,
              9.752998
            ],
            [
              106.383937,
              9.754259
            ],
            [
              106.386644,
              9.755659
            ],
            [
              106.38623,
              9.758482
            ],
            [
              106.392072,
              9.761559
            ],
            [
              106.395224,
              9.767469
            ],
            [
              106.39297,
              9.77256
            ],
            [
              106.394399,
              9.77439
            ],
            [
              106.39839,
              9.77677
            ],
            [
              106.401541,
              9.781974
            ],
            [
              106.405684,
              9.786749
            ],
            [
              106.406833,
              9.78943
            ],
            [
              106.404859,
              9.79338
            ],
            [
              106.402301,
              9.79368
            ],
            [
              106.399455,
              9.793267
            ],
            [
              106.399887,
              9.794531
            ],
            [
              106.402742,
              9.79706
            ],
            [
              106.408154,
              9.799289
            ],
            [
              106.409724,
              9.800693
            ],
            [
              106.409019,
              9.802107
            ],
            [
              106.408026,
              9.802536
            ],
            [
              106.405746,
              9.80156
            ],
            [
              106.404324,
              9.801566
            ],
            [
              106.403901,
              9.802273
            ],
            [
              106.404333,
              9.803826
            ],
            [
              106.408756,
              9.80719
            ],
            [
              106.411619,
              9.81169
            ],
            [
              106.413775,
              9.817043
            ],
            [
              106.413637,
              9.818029
            ],
            [
              106.41421,
              9.819157
            ],
            [
              106.41316,
              9.839605
            ],
            [
              106.413305,
              9.84031
            ],
            [
              106.407026,
              9.835119
            ],
            [
              106.40502,
              9.831601
            ],
            [
              106.399762,
              9.832473
            ],
            [
              106.395202,
              9.830231
            ],
            [
              106.390647,
              9.829264
            ],
            [
              106.388515,
              9.829417
            ],
            [
              106.381426,
              9.834664
            ],
            [
              106.376744,
              9.837359
            ],
            [
              106.370772,
              9.837528
            ],
            [
              106.369203,
              9.836549
            ],
            [
              106.364192,
              9.828106
            ],
            [
              106.358611,
              9.819384
            ],
            [
              106.352895,
              9.812779
            ],
            [
              106.350055,
              9.813632
            ],
            [
              106.349348,
              9.814765
            ],
            [
              106.349936,
              9.819419
            ],
            [
              106.349661,
              9.821816
            ],
            [
              106.346824,
              9.823663
            ],
            [
              106.345553,
              9.82564
            ],
            [
              106.347141,
              9.831701
            ],
            [
              106.346437,
              9.833394
            ],
            [
              106.341893,
              9.835103
            ],
            [
              106.340054,
              9.837507
            ],
            [
              106.339073,
              9.840902
            ],
            [
              106.337213,
              9.838088
            ],
            [
              106.336919,
              9.835828
            ],
            [
              106.337746,
              9.829342
            ],
            [
              106.337168,
              9.826939
            ],
            [
              106.334599,
              9.824553
            ],
            [
              106.327618,
              9.821623
            ],
            [
              106.32362,
              9.817407
            ],
            [
              106.320199,
              9.81544
            ],
            [
              106.308105,
              9.81366
            ],
            [
              106.30554,
              9.812395
            ],
            [
              106.305673,
              9.810143
            ],
            [
              106.304676,
              9.809442
            ],
            [
              106.29842,
              9.810026
            ],
            [
              106.29316,
              9.810327
            ],
            [
              106.291023,
              9.809214
            ],
            [
              106.289305,
              9.80611
            ],
            [
              106.285744,
              9.804713
            ],
            [
              106.284043,
              9.805994
            ],
            [
              106.283055,
              9.807969
            ],
            [
              106.288182,
              9.810066
            ],
            [
              106.29075,
              9.812172
            ],
            [
              106.301577,
              9.817067
            ],
            [
              106.308828,
              9.816759
            ],
            [
              106.315231,
              9.818
            ],
            [
              106.32991,
              9.825846
            ],
            [
              106.331913,
              9.828659
            ],
            [
              106.337655,
              9.842028
            ],
            [
              106.339647,
              9.84231
            ],
            [
              106.342771,
              9.841023
            ],
            [
              106.353259,
              9.832381
            ],
            [
              106.35511,
              9.832799
            ],
            [
              106.355546,
              9.835194
            ],
            [
              106.350074,
              9.853408
            ],
            [
              106.347716,
              9.868085
            ],
            [
              106.348146,
              9.868924
            ],
            [
              106.350839,
              9.866517
            ],
            [
              106.353238,
              9.86214
            ],
            [
              106.354662,
              9.862559
            ],
            [
              106.354674,
              9.86538
            ],
            [
              106.351156,
              9.874843
            ],
            [
              106.347491,
              9.882897
            ],
            [
              106.345533,
              9.890798
            ],
            [
              106.346552,
              9.896581
            ],
            [
              106.346565,
              9.899683
            ],
            [
              106.3449,
              9.910124
            ],
            [
              106.346337,
              9.913645
            ],
            [
              106.076131,
              9.892474
            ],
            [
              106.076993,
              9.895148
            ],
            [
              106.077004,
              9.898394
            ],
            [
              106.080709,
              9.900498
            ],
            [
              106.083128,
              9.900771
            ],
            [
              106.083975,
              9.898652
            ],
            [
              106.083674,
              9.89358
            ],
            [
              106.07853,
              9.886687
            ],
            [
              106.074085,
              9.875977
            ],
            [
              106.072795,
              9.872879
            ],
            [
              106.071222,
              9.869918
            ],
            [
              106.069084,
              9.868658
            ],
            [
              106.066242,
              9.869798
            ],
            [
              106.067974,
              9.877551
            ],
            [
              106.074829,
              9.885994
            ],
            [
              106.074123,
              9.887407
            ],
            [
              106.071281,
              9.888257
            ],
            [
              106.070574,
              9.88967
            ],
            [
              106.076131,
              9.892474
            ],
            [
              106.515484,
              9.667957
            ],
            [
              106.513626,
              9.665705
            ],
            [
              106.512609,
              9.660772
            ],
            [
              106.512874,
              9.656404
            ],
            [
              106.512147,
              9.652881
            ],
            [
              106.510141,
              9.649083
            ],
            [
              106.504854,
              9.642904
            ],
            [
              106.500554,
              9.634459
            ],
            [
              106.488,
              9.62379
            ],
            [
              106.480315,
              9.621002
            ],
            [
              106.477179,
              9.619044
            ],
            [
              106.474039,
              9.615676
            ],
            [
              106.471046,
              9.613853
            ],
            [
              106.463223,
              9.612331
            ],
            [
              106.456404,
              9.61293
            ],
            [
              106.449865,
              9.612532
            ],
            [
              106.448011,
              9.610849
            ],
            [
              106.447572,
              9.607885
            ],
            [
              106.446142,
              9.605775
            ],
            [
              106.443865,
              9.604944
            ],
            [
              106.436768,
              9.606945
            ],
            [
              106.431219,
              9.605277
            ],
            [
              106.426235,
              9.602901
            ],
            [
              106.421402,
              9.602776
            ],
            [
              106.419274,
              9.60349
            ],
            [
              106.400926,
              9.599614
            ],
            [
              106.390278,
              9.602198
            ],
            [
              106.376496,
              9.602958
            ],
            [
              106.366406,
              9.602718
            ],
            [
              106.357163,
              9.601479
            ],
            [
              106.348073,
              9.602645
            ],
            [
              106.337977,
              9.601418
            ],
            [
              106.33442,
              9.600157
            ],
            [
              106.327171,
              9.599769
            ],
            [
              106.31936,
              9.601065
            ],
            [
              106.320787,
              9.60247
            ],
            [
              106.32292,
              9.603167
            ],
            [
              106.331588,
              9.602709
            ],
            [
              106.342396,
              9.604647
            ],
            [
              106.343251,
              9.605205
            ],
            [
              106.350785,
              9.605736
            ],
            [
              106.358465,
              9.607261
            ],
            [
              106.362735,
              9.6088
            ],
            [
              106.370409,
              9.608905
            ],
            [
              106.373379,
              9.605231
            ],
            [
              106.375791,
              9.604371
            ],
            [
              106.379915,
              9.604916
            ],
            [
              106.382482,
              9.607021
            ],
            [
              106.386468,
              9.608986
            ],
            [
              106.39841,
              9.610059
            ],
            [
              106.419028,
              9.61266
            ],
            [
              106.43011,
              9.611909
            ],
            [
              106.440475,
              9.610031
            ],
            [
              106.445024,
              9.610292
            ],
            [
              106.445179,
              9.613112
            ],
            [
              106.44959,
              9.614369
            ],
            [
              106.45527,
              9.613495
            ],
            [
              106.46438,
              9.616983
            ],
            [
              106.477201,
              9.624117
            ],
            [
              106.485469,
              9.629868
            ],
            [
              106.489898,
              9.635066
            ],
            [
              106.492751,
              9.637595
            ],
            [
              106.494763,
              9.642803
            ],
            [
              106.493065,
              9.644356
            ],
            [
              106.489509,
              9.643811
            ],
            [
              106.488803,
              9.6448
            ],
            [
              106.489954,
              9.648041
            ],
            [
              106.492667,
              9.650706
            ],
            [
              106.499504,
              9.654202
            ],
            [
              106.500645,
              9.655192
            ],
            [
              106.5018,
              9.659129
            ],
            [
              106.502945,
              9.660815
            ],
            [
              106.506933,
              9.662778
            ],
            [
              106.50936,
              9.665163
            ],
            [
              106.508658,
              9.667282
            ],
            [
              106.513235,
              9.673609
            ],
            [
              106.513679,
              9.677558
            ],
            [
              106.514823,
              9.679099
            ],
            [
              106.51767,
              9.680217
            ],
            [
              106.518799,
              9.678241
            ],
            [
              106.518339,
              9.670901
            ],
            [
              106.517194,
              9.668935
            ],
            [
              106.515484,
              9.667957
            ],
            [
              106.475695,
              9.669676
            ],
            [
              106.466595,
              9.66901
            ],
            [
              106.462758,
              9.669316
            ],
            [
              106.457212,
              9.668489
            ],
            [
              106.453936,
              9.666957
            ],
            [
              106.441564,
              9.665599
            ],
            [
              106.424211,
              9.66256
            ],
            [
              106.416106,
              9.661753
            ],
            [
              106.41426,
              9.662186
            ],
            [
              106.413837,
              9.662892
            ],
            [
              106.414698,
              9.664716
            ],
            [
              106.417968,
              9.665127
            ],
            [
              106.426365,
              9.667778
            ],
            [
              106.433625,
              9.670424
            ],
            [
              106.445425,
              9.670935
            ],
            [
              106.4548,
              9.66963
            ],
            [
              106.459072,
              9.671583
            ],
            [
              106.480139,
              9.678545
            ],
            [
              106.489395,
              9.682312
            ],
            [
              106.495086,
              9.683698
            ],
            [
              106.500354,
              9.685655
            ],
            [
              106.506912,
              9.690138
            ],
            [
              106.505645,
              9.69254
            ],
            [
              106.503656,
              9.692973
            ],
            [
              106.489133,
              9.68753
            ],
            [
              106.481448,
              9.685312
            ],
            [
              106.475332,
              9.684353
            ],
            [
              106.471216,
              9.685917
            ],
            [
              106.471226,
              9.688033
            ],
            [
              106.473078,
              9.68901
            ],
            [
              106.486871,
              9.690361
            ],
            [
              106.498828,
              9.69398
            ],
            [
              106.504091,
              9.695087
            ],
            [
              106.506371,
              9.696198
            ],
            [
              106.509082,
              9.698447
            ],
            [
              106.516632,
              9.70194
            ],
            [
              106.518479,
              9.702076
            ],
            [
              106.520463,
              9.700657
            ],
            [
              106.519459,
              9.698546
            ],
            [
              106.516182,
              9.69686
            ],
            [
              106.514612,
              9.695457
            ],
            [
              106.512031,
              9.690541
            ],
            [
              106.509603,
              9.687866
            ],
            [
              106.50376,
              9.684365
            ],
            [
              106.499345,
              9.682413
            ],
            [
              106.485088,
              9.672602
            ],
            [
              106.475695,
              9.669676
            ],
            [
              106.492029,
              9.699507
            ],
            [
              106.491461,
              9.699654
            ],
            [
              106.491041,
              9.701067
            ],
            [
              106.491473,
              9.702331
            ],
            [
              106.499601,
              9.708218
            ],
            [
              106.501896,
              9.712719
            ],
            [
              106.501617,
              9.713851
            ],
            [
              106.499488,
              9.714565
            ],
            [
              106.495504,
              9.713742
            ],
            [
              106.488527,
              9.711087
            ],
            [
              106.480559,
              9.709286
            ],
            [
              106.461904,
              9.701753
            ],
            [
              106.45721,
              9.701068
            ],
            [
              106.45011,
              9.702789
            ],
            [
              106.447978,
              9.702798
            ],
            [
              106.442568,
              9.700849
            ],
            [
              106.436299,
              9.697494
            ],
            [
              106.434436,
              9.694111
            ],
            [
              106.432155,
              9.692285
            ],
            [
              106.427034,
              9.691465
            ],
            [
              106.417053,
              9.684029
            ],
            [
              106.409361,
              9.680534
            ],
            [
              106.40781,
              9.683226
            ],
            [
              106.409662,
              9.684484
            ],
            [
              106.412081,
              9.684899
            ],
            [
              106.412944,
              9.687292
            ],
            [
              106.409389,
              9.687026
            ],
            [
              106.405132,
              9.688735
            ],
            [
              106.405137,
              9.69
            ],
            [
              106.406987,
              9.690418
            ],
            [
              106.412388,
              9.69026
            ],
            [
              106.418788,
              9.691075
            ],
            [
              106.42747,
              9.693715
            ],
            [
              106.430037,
              9.695685
            ],
            [
              106.433473,
              9.701593
            ],
            [
              106.44786,
              9.708585
            ],
            [
              106.451559,
              9.70913
            ],
            [
              106.458665,
              9.708675
            ],
            [
              106.464356,
              9.709925
            ],
            [
              106.47246,
              9.710316
            ],
            [
              106.481137,
              9.711689
            ],
            [
              106.498931,
              9.717244
            ],
            [
              106.504776,
              9.72089
            ],
            [
              106.507617,
              9.720452
            ],
            [
              106.507177,
              9.717633
            ],
            [
              106.507885,
              9.716925
            ],
            [
              106.509307,
              9.716918
            ],
            [
              106.510731,
              9.717762
            ],
            [
              106.513717,
              9.717749
            ],
            [
              106.514708,
              9.716894
            ],
            [
              106.51456,
              9.715629
            ],
            [
              106.511425,
              9.713952
            ],
            [
              106.508154,
              9.713542
            ],
            [
              106.504305,
              9.710882
            ],
            [
              106.501444,
              9.707079
            ],
            [
              106.492029,
              9.699507
            ],
            [
              106.475118,
              9.797314
            ],
            [
              106.471854,
              9.798883
            ],
            [
              106.470155,
              9.800582
            ],
            [
              106.467762,
              9.806089
            ],
            [
              106.466508,
              9.811882
            ],
            [
              106.464531,
              9.815136
            ],
            [
              106.462685,
              9.81556
            ],
            [
              106.459828,
              9.812751
            ],
            [
              106.458524,
              9.807124
            ],
            [
              106.458352,
              9.800072
            ],
            [
              106.455152,
              9.78372
            ],
            [
              106.450687,
              9.770628
            ],
            [
              106.449959,
              9.766535
            ],
            [
              106.449631,
              9.756527
            ],
            [
              106.447457,
              9.746943
            ],
            [
              106.443715,
              9.736389
            ],
            [
              106.438846,
              9.727946
            ],
            [
              106.433838,
              9.720634
            ],
            [
              106.43084,
              9.7174
            ],
            [
              106.430271,
              9.717538
            ],
            [
              106.429857,
              9.720361
            ],
            [
              106.433446,
              9.728529
            ],
            [
              106.438022,
              9.734857
            ],
            [
              106.447207,
              9.754847
            ],
            [
              106.44708,
              9.758509
            ],
            [
              106.445662,
              9.75951
            ],
            [
              106.443811,
              9.758523
            ],
            [
              106.440953,
              9.755434
            ],
            [
              106.433762,
              9.736006
            ],
            [
              106.430178,
              9.728968
            ],
            [
              106.42875,
              9.727563
            ],
            [
              106.428202,
              9.732222
            ],
            [
              106.429933,
              9.738273
            ],
            [
              106.427228,
              9.737299
            ],
            [
              106.423086,
              9.732524
            ],
            [
              106.413965,
              9.72748
            ],
            [
              106.409965,
              9.72256
            ],
            [
              106.404404,
              9.718776
            ],
            [
              106.401841,
              9.717801
            ],
            [
              106.400706,
              9.71823
            ],
            [
              106.402432,
              9.72316
            ],
            [
              106.391871,
              9.713185
            ],
            [
              106.369076,
              9.700726
            ],
            [
              106.360109,
              9.698221
            ],
            [
              106.350009,
              9.696289
            ],
            [
              106.340898,
              9.693079
            ],
            [
              106.332495,
              9.689169
            ],
            [
              106.326512,
              9.685666
            ],
            [
              106.322803,
              9.682569
            ],
            [
              106.322801,
              9.682009
            ],
            [
              106.313963,
              9.675559
            ],
            [
              106.309548,
              9.67346
            ],
            [
              106.306706,
              9.673607
            ],
            [
              106.304719,
              9.67432
            ],
            [
              106.304017,
              9.676583
            ],
            [
              106.31755,
              9.684
            ],
            [
              106.319835,
              9.686813
            ],
            [
              106.324691,
              9.692581
            ],
            [
              106.326395,
              9.692294
            ],
            [
              106.331805,
              9.6941
            ],
            [
              106.334791,
              9.694378
            ],
            [
              106.34277,
              9.699139
            ],
            [
              106.350729,
              9.698827
            ],
            [
              106.358847,
              9.702457
            ],
            [
              106.370515,
              9.705377
            ],
            [
              106.381339,
              9.71027
            ],
            [
              106.380063,
              9.710981
            ],
            [
              106.370095,
              9.706789
            ],
            [
              106.365118,
              9.706529
            ],
            [
              106.364843,
              9.708781
            ],
            [
              106.381779,
              9.713515
            ],
            [
              106.388908,
              9.718703
            ],
            [
              106.398739,
              9.723736
            ],
            [
              106.397754,
              9.726136
            ],
            [
              106.39676,
              9.726565
            ],
            [
              106.396482,
              9.727977
            ],
            [
              106.406593,
              9.732312
            ],
            [
              106.415419,
              9.735232
            ],
            [
              106.416139,
              9.73749
            ],
            [
              106.412445,
              9.737785
            ],
            [
              106.409031,
              9.737374
            ],
            [
              106.407898,
              9.738365
            ],
            [
              106.408047,
              9.739919
            ],
            [
              106.414025,
              9.74173
            ],
            [
              106.419574,
              9.742693
            ],
            [
              106.423988,
              9.744365
            ],
            [
              106.439109,
              9.756291
            ],
            [
              106.442536,
              9.759803
            ],
            [
              106.441119,
              9.760795
            ],
            [
              106.438559,
              9.760661
            ],
            [
              106.435141,
              9.759265
            ],
            [
              106.427157,
              9.754226
            ],
            [
              106.424882,
              9.753955
            ],
            [
              106.423178,
              9.754378
            ],
            [
              106.422473,
              9.755792
            ],
            [
              106.422907,
              9.75749
            ],
            [
              106.426612,
              9.75959
            ],
            [
              106.434869,
              9.762087
            ],
            [
              106.444554,
              9.765998
            ],
            [
              106.447407,
              9.768246
            ],
            [
              106.446414,
              9.768811
            ],
            [
              106.437029,
              9.768426
            ],
            [
              106.433753,
              9.767173
            ],
            [
              106.430482,
              9.767043
            ],
            [
              106.429066,
              9.768179
            ],
            [
              106.429213,
              9.769444
            ],
            [
              106.433633,
              9.772247
            ],
            [
              106.438185,
              9.772797
            ],
            [
              106.444582,
              9.772489
            ],
            [
              106.448712,
              9.774298
            ],
            [
              106.451718,
              9.778662
            ],
            [
              106.452157,
              9.781617
            ],
            [
              106.45188,
              9.783318
            ],
            [
              106.451171,
              9.783881
            ],
            [
              106.447901,
              9.783895
            ],
            [
              106.437791,
              9.780412
            ],
            [
              106.436799,
              9.781121
            ],
            [
              106.436378,
              9.782534
            ],
            [
              106.44108,
              9.78491
            ],
            [
              106.451208,
              9.792345
            ],
            [
              106.450796,
              9.795728
            ],
            [
              106.451098,
              9.799814
            ],
            [
              106.451965,
              9.802776
            ],
            [
              106.45469,
              9.808406
            ],
            [
              106.458721,
              9.819673
            ],
            [
              106.460598,
              9.826148
            ],
            [
              106.465441,
              9.827963
            ],
            [
              106.467,
              9.826826
            ],
            [
              106.468524,
              9.817515
            ],
            [
              106.476279,
              9.802671
            ],
            [
              106.485893,
              9.790359
            ],
            [
              106.480478,
              9.787842
            ],
            [
              106.479063,
              9.789259
            ],
            [
              106.475118,
              9.797314
            ],
            [
              106.4123,
              9.770925
            ],
            [
              106.41057,
              9.765154
            ],
            [
              106.406131,
              9.75784
            ],
            [
              106.403537,
              9.749387
            ],
            [
              106.39355,
              9.741109
            ],
            [
              106.393702,
              9.743505
            ],
            [
              106.397427,
              9.750262
            ],
            [
              106.403727,
              9.760806
            ],
            [
              106.405032,
              9.766868
            ],
            [
              106.406176,
              9.768554
            ],
            [
              106.412307,
              9.772625
            ],
            [
              106.4123,
              9.770925
            ],
            [
              106.414487,
              9.783756
            ],
            [
              106.414765,
              9.782199
            ],
            [
              106.414047,
              9.780512
            ],
            [
              106.410048,
              9.776577
            ],
            [
              106.410189,
              9.776016
            ],
            [
              106.406476,
              9.772224
            ],
            [
              106.403473,
              9.768005
            ],
            [
              106.401486,
              9.768999
            ],
            [
              106.401779,
              9.770969
            ],
            [
              106.405489,
              9.774344
            ],
            [
              106.408646,
              9.781095
            ],
            [
              106.411356,
              9.783064
            ],
            [
              106.414487,
              9.783756
            ],
            [
              106.490583,
              9.821786
            ],
            [
              106.493681,
              9.815145
            ],
            [
              106.4999,
              9.806654
            ],
            [
              106.500033,
              9.804682
            ],
            [
              106.498041,
              9.804411
            ],
            [
              106.496622,
              9.805122
            ],
            [
              106.494221,
              9.808795
            ],
            [
              106.490674,
              9.810366
            ],
            [
              106.484834,
              9.807995
            ],
            [
              106.48484,
              9.809406
            ],
            [
              106.480304,
              9.812527
            ],
            [
              106.480027,
              9.814364
            ],
            [
              106.481026,
              9.815065
            ],
            [
              106.486274,
              9.81222
            ],
            [
              106.488121,
              9.811923
            ],
            [
              106.490968,
              9.81248
            ],
            [
              106.49041,
              9.815023
            ],
            [
              106.482051,
              9.821823
            ],
            [
              106.48064,
              9.82437
            ],
            [
              106.480364,
              9.826062
            ],
            [
              106.487612,
              9.825045
            ],
            [
              106.490583,
              9.821786
            ],
            [
              106.166616,
              9.937169
            ],
            [
              106.169901,
              9.94082
            ],
            [
              106.181596,
              9.948963
            ],
            [
              106.184315,
              9.953185
            ],
            [
              106.188031,
              9.958109
            ],
            [
              106.191624,
              9.967971
            ],
            [
              106.193908,
              9.970079
            ],
            [
              106.197054,
              9.97458
            ],
            [
              106.199913,
              9.978097
            ],
            [
              106.20264,
              9.984435
            ],
            [
              106.206506,
              9.991049
            ],
            [
              106.208088,
              9.995691
            ],
            [
              106.2094,
              10.00415
            ],
            [
              106.208845,
              10.008104
            ],
            [
              106.209169,
              10.010602
            ],
            [
              106.209248,
              10.010596
            ],
            [
              106.209982,
              10.008609
            ],
            [
              106.209966,
              10.008267
            ],
            [
              106.210129,
              10.008211
            ],
            [
              106.210256,
              10.007868
            ],
            [
              106.211796,
              10.007635
            ],
            [
              106.212293,
              10.007463
            ],
            [
              106.212353,
              10.007551
            ],
            [
              106.21256,
              10.00752
            ],
            [
              106.21475,
              10.010929
            ],
            [
              106.215379,
              10.005114
            ],
            [
              106.215071,
              9.998632
            ],
            [
              106.213052,
              9.991306
            ],
            [
              106.211032,
              9.983835
            ],
            [
              106.206723,
              9.972854
            ],
            [
              106.203856,
              9.967077
            ],
            [
              106.200997,
              9.963281
            ],
            [
              106.201138,
              9.962855
            ],
            [
              106.181145,
              9.942191
            ],
            [
              106.174729,
              9.938127
            ],
            [
              106.171595,
              9.937152
            ],
            [
              106.166616,
              9.937169
            ],
            [
              106.228332,
              10.006342
            ],
            [
              106.227623,
              10.006769
            ],
            [
              106.227345,
              10.008597
            ],
            [
              106.229921,
              10.012539
            ],
            [
              106.232652,
              10.019582
            ],
            [
              106.232135,
              10.020568
            ],
            [
              106.232602,
              10.021046
            ],
            [
              106.234128,
              10.022608
            ],
            [
              106.2336,
              10.029844
            ],
            [
              106.233686,
              10.029878
            ],
            [
              106.234545,
              10.031285
            ],
            [
              106.233279,
              10.03424
            ],
            [
              106.233014,
              10.037877
            ],
            [
              106.236436,
              10.041994
            ],
            [
              106.237589,
              10.045796
            ],
            [
              106.237166,
              10.046648
            ],
            [
              106.234322,
              10.047499
            ],
            [
              106.236051,
              10.053
            ],
            [
              106.237192,
              10.053701
            ],
            [
              106.239603,
              10.051576
            ],
            [
              106.244573,
              10.048591
            ],
            [
              106.242125,
              10.041122
            ],
            [
              106.240197,
              10.020684
            ],
            [
              106.239479,
              10.018851
            ],
            [
              106.237621,
              10.016742
            ],
            [
              106.232751,
              10.008161
            ],
            [
              106.230895,
              10.006613
            ],
            [
              106.228332,
              10.006342
            ]
          ]
        ]
      }
    },
    {
      "type": "Feature",
      "properties": {
        "id": 3,
        "name": "Đất mặn",
        "name_en": "Saline soil",
        "year": 2015
      },
      "geometry": {
        "type": "Polygon",
        "coordinates": [
          [
            [
              106.226873,
              10.05622
            ],
            [
              106.227305,
              10.056417
            ],
            [
              106.230749,
              10.057992
            ],
            [
              106.229227,
              10.059336
            ],
            [
              106.229271,
              10.059925
            ],
            [
              106.230909,
              10.06547
            ],
            [
              106.229345,
              10.066684
            ],
            [
              106.229438,
              10.067489
            ],
            [
              106.22965,
              10.069334
            ],
            [
              106.230741,
              10.069441
            ],
            [
              106.23142,
              10.071533
            ],
            [
              106.233319,
              10.072031
            ],
            [
              106.234472,
              10.072334
            ],
            [
              106.235235,
              10.076321
            ],
            [
              106.235779,
              10.076641
            ],
            [
              106.237133,
              10.075557
            ],
            [
              106.239261,
              10.073713
            ],
            [
              106.241533,
              10.072294
            ],
            [
              106.24423,
              10.070458
            ],
            [
              106.246786,
              10.069037
            ],
            [
              106.251616,
              10.066903
            ],
            [
              106.255021,
              10.064069
            ],
            [
              106.258426,
              10.06137
            ],
            [
              106.261551,
              10.059668
            ],
            [
              106.266661,
              10.056411
            ],
            [
              106.271205,
              10.053708
            ],
            [
              106.275322,
              10.051296
            ],
            [
              106.280287,
              10.047189
            ],
            [
              106.283832,
              10.043929
            ],
            [
              106.290632,
              10.036289
            ],
            [
              106.295308,
              10.031334
            ],
            [
              106.298565,
              10.02737
            ],
            [
              106.30225,
              10.023684
            ],
            [
              106.299523,
              10.017772
            ],
            [
              106.296955,
              10.016091
            ],
            [
              106.295674,
              10.015816
            ],
            [
              106.292833,
              10.016957
            ],
            [
              106.288574,
              10.01965
            ],
            [
              106.284916,
              10.030244
            ],
            [
              106.283782,
              10.031379
            ],
            [
              106.279514,
              10.031395
            ],
            [
              106.2704,
              10.03002
            ],
            [
              106.266389,
              10.022982
            ],
            [
              106.265265,
              10.026648
            ],
            [
              106.26257,
              10.028919
            ],
            [
              106.256457,
              10.030498
            ],
            [
              106.251051,
              10.030798
            ],
            [
              106.249777,
              10.032639
            ],
            [
              106.248533,
              10.042229
            ],
            [
              106.247267,
              10.046185
            ],
            [
              106.244573,
              10.048591
            ],
            [
              106.239603,
              10.051576
            ],
            [
              106.237192,
              10.053701
            ],
            [
              106.236051,
              10.053
            ],
            [
              106.234322,
              10.047499
            ],
            [
              106.22802,
              10.047941
            ],
            [
              106.226873,
              10.05622
            ],
            [
              106.56914,
              9.737183
            ],
            [
              106.570926,
              9.725856
            ],
            [
              106.570514,
              9.725187
            ],
            [
              106.5722,
              9.719132
            ],
            [
              106.5722,
              9.719132
            ],
            [
              106.572004,
              9.698575
            ],
            [
              106.563764,
              9.689314
            ],
            [
              106.559208,
              9.687789
            ],
            [
              106.544012,
              9.690398
            ],
            [
              106.542163,
              9.690117
            ],
            [
              106.537031,
              9.686758
            ],
            [
              106.534032,
              9.683671
            ],
            [
              106.531902,
              9.684105
            ],
            [
              106.530068,
              9.68735
            ],
            [
              106.527934,
              9.686799
            ],
            [
              106.524936,
              9.683991
            ],
            [
              106.520384,
              9.683026
            ],
            [
              106.515982,
              9.683886
            ],
            [
              106.514707,
              9.685022
            ],
            [
              106.51401,
              9.687991
            ],
            [
              106.515875,
              9.691789
            ],
            [
              106.519299,
              9.694595
            ],
            [
              106.522732,
              9.699236
            ],
            [
              106.523601,
              9.703039
            ],
            [
              106.519965,
              9.716166
            ],
            [
              106.520974,
              9.719263
            ],
            [
              106.51456,
              9.715629
            ],
            [
              106.514708,
              9.716894
            ],
            [
              106.513717,
              9.717749
            ],
            [
              106.510731,
              9.717762
            ],
            [
              106.509307,
              9.716918
            ],
            [
              106.507885,
              9.716925
            ],
            [
              106.507177,
              9.717633
            ],
            [
              106.507617,
              9.720452
            ],
            [
              106.504776,
              9.72089
            ],
            [
              106.498931,
              9.717244
            ],
            [
              106.481137,
              9.711689
            ],
            [
              106.47246,
              9.710316
            ],
            [
              106.464356,
              9.709925
            ],
            [
              106.458665,
              9.708675
            ],
            [
              106.451559,
              9.70913
            ],
            [
              106.44786,
              9.708585
            ],
            [
              106.433473,
              9.701593
            ],
            [
              106.430037,
              9.695685
            ],
            [
              106.42747,
              9.693715
            ],
            [
              106.418788,
              9.691075
            ],
            [
              106.412388,
              9.69026
            ],
            [
              106.406987,
              9.690418
            ],
            [
              106.405137,
              9.69
            ],
            [
              106.405132,
              9.688735
            ],
            [
              106.409389,
              9.687026
            ],
            [
              106.412944,
              9.687292
            ],
            [
              106.412081,
              9.684899
            ],
            [
              106.409662,
              9.684484
            ],
            [
              106.40781,
              9.683226
            ],
            [
              106.409361,
              9.680534
            ],
            [
              106.417053,
              9.684029
            ],
            [
              106.427034,
              9.691465
            ],
            [
              106.432155,
              9.692285
            ],
            [
              106.434436,
              9.694111
            ],
            [
              106.436299,
              9.697494
            ],
            [
              106.442568,
              9.700849
            ],
            [
              106.447978,
              9.702798
            ],
            [
              106.45011,
              9.702789
            ],
            [
              106.45721,
              9.701068
            ],
            [
              106.461904,
              9.701753
            ],
            [
              106.480559,
              9.709286
            ],
            [
              106.488527,
              9.711087
            ],
            [
              106.495504,
              9.713742
            ],
            [
              106.499488,
              9.714565
            ],
            [
              106.501617,
              9.713851
            ],
            [
              106.501896,
              9.712719
            ],
            [
              106.499601,
              9.708218
            ],
            [
              106.490636,
              9.706005
            ],
            [
              106.489221,
              9.707422
            ],
            [
              106.484525,
              9.706312
            ],
            [
              106.478818,
              9.7014
            ],
            [
              106.475253,
              9.699019
            ],
            [
              106.467567,
              9.696511
            ],
            [
              106.464582,
              9.696524
            ],
            [
              106.45649,
              9.698955
            ],
            [
              106.454354,
              9.698123
            ],
            [
              106.454351,
              9.697273
            ],
            [
              106.455626,
              9.696282
            ],
            [
              106.461302,
              9.694142
            ],
            [
              106.46101,
              9.692308
            ],
            [
              106.456593,
              9.689786
            ],
            [
              106.419017,
              9.678098
            ],
            [
              106.40748,
              9.672368
            ],
            [
              106.390134,
              9.671028
            ],
            [
              106.373338,
              9.665173
            ],
            [
              106.368218,
              9.664488
            ],
            [
              106.360246,
              9.661553
            ],
            [
              106.355399,
              9.658191
            ],
            [
              106.352118,
              9.654813
            ],
            [
              106.348125,
              9.651727
            ],
            [
              106.342585,
              9.652318
            ],
            [
              106.336471,
              9.651772
            ],
            [
              106.335755,
              9.650645
            ],
            [
              106.336744,
              9.649095
            ],
            [
              106.340723,
              9.648799
            ],
            [
              106.344422,
              9.649906
            ],
            [
              106.34513,
              9.649198
            ],
            [
              106.344413,
              9.64751
            ],
            [
              106.339288,
              9.645558
            ],
            [
              106.335028,
              9.646416
            ],
            [
              106.328058,
              9.644752
            ],
            [
              106.324068,
              9.642371
            ],
            [
              106.314252,
              9.639867
            ],
            [
              106.313819,
              9.638603
            ],
            [
              106.31594,
              9.635493
            ],
            [
              106.307971,
              9.633263
            ],
            [
              106.304264,
              9.629895
            ],
            [
              106.301557,
              9.628215
            ],
            [
              106.287052,
              9.626153
            ],
            [
              106.280935,
              9.62462
            ],
            [
              106.279937,
              9.623638
            ],
            [
              106.264852,
              9.618476
            ],
            [
              106.262015,
              9.620178
            ],
            [
              106.257195,
              9.623442
            ],
            [
              106.252518,
              9.626841
            ],
            [
              106.251241,
              9.627551
            ],
            [
              106.25039,
              9.628123
            ],
            [
              106.249965,
              9.628405
            ],
            [
              106.249256,
              9.628968
            ],
            [
              106.246139,
              9.631376
            ],
            [
              106.243305,
              9.633647
            ],
            [
              106.238483,
              9.636621
            ],
            [
              106.23423,
              9.639603
            ],
            [
              106.230545,
              9.642582
            ],
            [
              106.226434,
              9.645834
            ],
            [
              106.221757,
              9.649522
            ],
            [
              106.213823,
              9.656459
            ],
            [
              106.209145,
              9.660002
            ],
            [
              106.203761,
              9.665103
            ],
            [
              106.222822,
              9.668698
            ],
            [
              106.237187,
              9.670907
            ],
            [
              106.244,
              9.668342
            ],
            [
              106.256504,
              9.666741
            ],
            [
              106.262336,
              9.667994
            ],
            [
              106.265188,
              9.67038
            ],
            [
              106.263492,
              9.673208
            ],
            [
              106.263637,
              9.673913
            ],
            [
              106.265061,
              9.674613
            ],
            [
              106.271175,
              9.67487
            ],
            [
              106.274163,
              9.675845
            ],
            [
              106.275874,
              9.677114
            ],
            [
              106.284424,
              9.68258
            ],
            [
              106.293252,
              9.686498
            ],
            [
              106.304196,
              9.685887
            ],
            [
              106.307893,
              9.686443
            ],
            [
              106.309033,
              9.686999
            ],
            [
              106.319835,
              9.686813
            ],
            [
              106.31755,
              9.684
            ],
            [
              106.304017,
              9.676583
            ],
            [
              106.304719,
              9.67432
            ],
            [
              106.306706,
              9.673607
            ],
            [
              106.309548,
              9.67346
            ],
            [
              106.313963,
              9.675559
            ],
            [
              106.322801,
              9.682009
            ],
            [
              106.322803,
              9.682569
            ],
            [
              106.326512,
              9.685666
            ],
            [
              106.332495,
              9.689169
            ],
            [
              106.340898,
              9.693079
            ],
            [
              106.350009,
              9.696289
            ],
            [
              106.360109,
              9.698221
            ],
            [
              106.369076,
              9.700726
            ],
            [
              106.391871,
              9.713185
            ],
            [
              106.402432,
              9.72316
            ],
            [
              106.400706,
              9.71823
            ],
            [
              106.401841,
              9.717801
            ],
            [
              106.404404,
              9.718776
            ],
            [
              106.409965,
              9.72256
            ],
            [
              106.413965,
              9.72748
            ],
            [
              106.423086,
              9.732524
            ],
            [
              106.427228,
              9.737299
            ],
            [
              106.429933,
              9.738273
            ],
            [
              106.428202,
              9.732222
            ],
            [
              106.42875,
              9.727563
            ],
            [
              106.430178,
              9.728968
            ],
            [
              106.433762,
              9.736006
            ],
            [
              106.440953,
              9.755434
            ],
            [
              106.443811,
              9.758523
            ],
            [
              106.445662,
              9.75951
            ],
            [
              106.44708,
              9.758509
            ],
            [
              106.447207,
              9.754847
            ],
            [
              106.438022,
              9.734857
            ],
            [
              106.433446,
              9.728529
            ],
            [
              106.429857,
              9.720361
            ],
            [
              106.430271,
              9.717538
            ],
            [
              106.43084,
              9.7174
            ],
            [
              106.433838,
              9.720634
            ],
            [
              106.438846,
              9.727946
            ],
            [
              106.443715,
              9.736389
            ],
            [
              106.447457,
              9.746943
            ],
            [
              106.449631,
              9.756527
            ],
            [
              106.449959,
              9.766535
            ],
            [
              106.450687,
              9.770628
            ],
            [
              106.455152,
              9.78372
            ],
            [
              106.458352,
              9.800072
            ],
            [
              106.458524,
              9.807124
            ],
            [
              106.459828,
              9.812751
            ],
            [
              106.462685,
              9.81556
            ],
            [
              106.464531,
              9.815136
            ],
            [
              106.466508,
              9.811882
            ],
            [
              106.467762,
              9.806089
            ],
            [
              106.470155,
              9.800582
            ],
            [
              106.471854,
              9.798883
            ],
            [
              106.475118,
              9.797314
            ],
            [
              106.479063,
              9.789259
            ],
            [
              106.480478,
              9.787842
            ],
            [
              106.485893,
              9.790359
            ],
            [
              106.483243,
              9.80208
            ],
            [
              106.484834,
              9.807995
            ],
            [
              106.490674,
              9.810366
            ],
            [
              106.494221,
              9.808795
            ],
            [
              106.496622,
              9.805122
            ],
            [
              106.498041,
              9.804411
            ],
            [
              106.500033,
              9.804682
            ],
            [
              106.4999,
              9.806654
            ],
            [
              106.493681,
              9.815145
            ],
            [
              106.490583,
              9.821786
            ],
            [
              106.487612,
              9.825045
            ],
            [
              106.480364,
              9.826062
            ],
            [
              106.47469,
              9.829188
            ],
            [
              106.470589,
              9.834288
            ],
            [
              106.469322,
              9.83725
            ],
            [
              106.468769,
              9.840923
            ],
            [
              106.467081,
              9.845162
            ],
            [
              106.464536,
              9.848555
            ],
            [
              106.462565,
              9.85294
            ],
            [
              106.462297,
              9.856748
            ],
            [
              106.46288,
              9.859991
            ],
            [
              106.455838,
              9.875673
            ],
            [
              106.459239,
              9.872837
            ],
            [
              106.462216,
              9.870564
            ],
            [
              106.466465,
              9.866603
            ],
            [
              106.468588,
              9.864333
            ],
            [
              106.470427,
              9.86221
            ],
            [
              106.471135,
              9.861501
            ],
            [
              106.472268,
              9.860366
            ],
            [
              106.472693,
              9.860084
            ],
            [
              106.473685,
              9.859239
            ],
            [
              106.47468,
              9.858945
            ],
            [
              106.475811,
              9.857394
            ],
            [
              106.476939,
              9.855418
            ],
            [
              106.477929,
              9.854283
            ],
            [
              106.480194,
              9.851733
            ],
            [
              106.482173,
              9.849183
            ],
            [
              106.48486,
              9.845925
            ],
            [
              106.486134,
              9.844509
            ],
            [
              106.487265,
              9.843103
            ],
            [
              106.488398,
              9.841823
            ],
            [
              106.490093,
              9.839419
            ],
            [
              106.490798,
              9.838006
            ],
            [
              106.492921,
              9.835736
            ],
            [
              106.493769,
              9.834747
            ],
            [
              106.495467,
              9.832768
            ],
            [
              106.49801,
              9.82895
            ],
            [
              106.498717,
              9.828097
            ],
            [
              106.500835,
              9.824842
            ],
            [
              106.501403,
              9.824704
            ],
            [
              106.502111,
              9.823995
            ],
            [
              106.503244,
              9.823005
            ],
            [
              106.50551,
              9.820879
            ],
            [
              106.508338,
              9.817476
            ],
            [
              106.510743,
              9.814644
            ],
            [
              106.511873,
              9.813228
            ],
            [
              106.514845,
              9.809978
            ],
            [
              106.516827,
              9.807989
            ],
            [
              106.517675,
              9.807
            ],
            [
              106.519087,
              9.804878
            ],
            [
              106.520355,
              9.802196
            ],
            [
              106.521051,
              9.798947
            ],
            [
              106.521176,
              9.79514
            ],
            [
              106.521723,
              9.790481
            ],
            [
              106.522127,
              9.785407
            ],
            [
              106.522395,
              9.781734
            ],
            [
              106.522372,
              9.776662
            ],
            [
              106.522356,
              9.773136
            ],
            [
              106.522774,
              9.771443
            ],
            [
              106.523334,
              9.769605
            ],
            [
              106.523184,
              9.767915
            ],
            [
              106.523741,
              9.765227
            ],
            [
              106.524863,
              9.761841
            ],
            [
              106.525991,
              9.75972
            ],
            [
              106.526981,
              9.758585
            ],
            [
              106.526979,
              9.758305
            ],
            [
              106.52811,
              9.756745
            ],
            [
              106.529807,
              9.755046
            ],
            [
              106.532075,
              9.75349
            ],
            [
              106.535337,
              9.75164
            ],
            [
              106.537749,
              9.750643
            ],
            [
              106.539168,
              9.749932
            ],
            [
              106.543281,
              9.748078
            ],
            [
              106.546689,
              9.746932
            ],
            [
              106.549385,
              9.745934
            ],
            [
              106.550804,
              9.745503
            ],
            [
              106.554779,
              9.744355
            ],
            [
              106.557904,
              9.743635
            ],
            [
              106.559464,
              9.742923
            ],
            [
              106.563012,
              9.741496
            ],
            [
              106.565567,
              9.740779
            ],
            [
              106.56654,
              9.74039
            ],
            [
              106.567713,
              9.738943
            ],
            [
              106.56914,
              9.737183
            ],
            [
              106.33821,
              9.66051
            ],
            [
              106.335366,
              9.660096
            ],
            [
              106.328688,
              9.660691
            ],
            [
              106.322157,
              9.662688
            ],
            [
              106.319313,
              9.662274
            ],
            [
              106.318455,
              9.661011
            ],
            [
              106.318876,
              9.659599
            ],
            [
              106.320151,
              9.658463
            ],
            [
              106.326969,
              9.657452
            ],
            [
              106.329239,
              9.656312
            ],
            [
              106.327388,
              9.655198
            ],
            [
              106.313876,
              9.653134
            ],
            [
              106.31174,
              9.652148
            ],
            [
              106.309883,
              9.649478
            ],
            [
              106.307316,
              9.647372
            ],
            [
              106.304325,
              9.645973
            ],
            [
              106.302895,
              9.643582
            ],
            [
              106.301045,
              9.643028
            ],
            [
              106.297068,
              9.643749
            ],
            [
              106.276176,
              9.644107
            ],
            [
              106.268213,
              9.643431
            ],
            [
              106.259679,
              9.641482
            ],
            [
              106.257398,
              9.639799
            ],
            [
              106.256255,
              9.638112
            ],
            [
              106.256812,
              9.635144
            ],
            [
              106.258655,
              9.633727
            ],
            [
              106.266776,
              9.638779
            ],
            [
              106.273176,
              9.640022
            ],
            [
              106.281845,
              9.639709
            ],
            [
              106.288662,
              9.638273
            ],
            [
              106.301314,
              9.638931
            ],
            [
              106.318527,
              9.642962
            ],
            [
              106.320096,
              9.644366
            ],
            [
              106.32111,
              9.649435
            ],
            [
              106.325669,
              9.651814
            ],
            [
              106.338908,
              9.657261
            ],
            [
              106.347457,
              9.662454
            ],
            [
              106.3597,
              9.667053
            ],
            [
              106.363832,
              9.669433
            ],
            [
              106.365263,
              9.672113
            ],
            [
              106.364702,
              9.673951
            ],
            [
              106.363852,
              9.67437
            ],
            [
              106.359298,
              9.673122
            ],
            [
              106.357301,
              9.671439
            ],
            [
              106.352173,
              9.668638
            ],
            [
              106.343645,
              9.668672
            ],
            [
              106.339233,
              9.667423
            ],
            [
              106.335243,
              9.665033
            ],
            [
              106.335236,
              9.663207
            ],
            [
              106.339073,
              9.662767
            ],
            [
              106.33978,
              9.661914
            ],
            [
              106.33821,
              9.66051
            ],
            [
              106.260161,
              9.656572
            ],
            [
              106.260451,
              9.657982
            ],
            [
              106.258323,
              9.65912
            ],
            [
              106.255196,
              9.659276
            ],
            [
              106.248652,
              9.657745
            ],
            [
              106.237997,
              9.659194
            ],
            [
              106.233303,
              9.658505
            ],
            [
              106.232019,
              9.656955
            ],
            [
              106.232016,
              9.656114
            ],
            [
              106.233006,
              9.65498
            ],
            [
              106.241952,
              9.652551
            ],
            [
              106.245222,
              9.65282
            ],
            [
              106.248211,
              9.653795
            ],
            [
              106.252903,
              9.654067
            ],
            [
              106.257881,
              9.65517
            ],
            [
              106.260161,
              9.656572
            ],
            [
              106.300153,
              9.669825
            ],
            [
              106.296449,
              9.667867
            ],
            [
              106.29332,
              9.667174
            ],
            [
              106.291041,
              9.665772
            ],
            [
              106.288053,
              9.665213
            ],
            [
              106.274664,
              9.657794
            ],
            [
              106.274798,
              9.655677
            ],
            [
              106.275931,
              9.654688
            ],
            [
              106.277778,
              9.654256
            ],
            [
              106.281333,
              9.654803
            ],
            [
              106.289308,
              9.658725
            ],
            [
              106.298572,
              9.665318
            ],
            [
              106.302987,
              9.667698
            ],
            [
              106.303706,
              9.669667
            ],
            [
              106.302714,
              9.670376
            ],
            [
              106.300153,
              9.669825
            ],
            [
              106.332339,
              9.581967
            ],
            [
              106.329591,
              9.583513
            ],
            [
              106.333383,
              9.589165
            ],
            [
              106.335523,
              9.591553
            ],
            [
              106.339226,
              9.59351
            ],
            [
              106.345621,
              9.59363
            ],
            [
              106.347749,
              9.592636
            ],
            [
              106.34959,
              9.590938
            ],
            [
              106.350858,
              9.588112
            ],
            [
              106.354688,
              9.586542
            ],
            [
              106.35867,
              9.587231
            ],
            [
              106.365359,
              9.589746
            ],
            [
              106.367775,
              9.590017
            ],
            [
              106.372743,
              9.588442
            ],
            [
              106.378856,
              9.588987
            ],
            [
              106.386095,
              9.586842
            ],
            [
              106.38823,
              9.58782
            ],
            [
              106.390949,
              9.592321
            ],
            [
              106.392375,
              9.593445
            ],
            [
              106.396502,
              9.59512
            ],
            [
              106.40076,
              9.593836
            ],
            [
              106.40403,
              9.594104
            ],
            [
              106.406015,
              9.593245
            ],
            [
              106.408971,
              9.586325
            ],
            [
              106.409681,
              9.586322
            ],
            [
              106.41125,
              9.587727
            ],
            [
              106.414419,
              9.597723
            ],
            [
              106.416271,
              9.599126
            ],
            [
              106.426197,
              9.593733
            ],
            [
              106.428476,
              9.595269
            ],
            [
              106.431036,
              9.595548
            ],
            [
              106.433163,
              9.594545
            ],
            [
              106.435847,
              9.590872
            ],
            [
              106.438972,
              9.590289
            ],
            [
              106.445935,
              9.590549
            ],
            [
              106.45332,
              9.589388
            ],
            [
              106.458287,
              9.587957
            ],
            [
              106.461274,
              9.588505
            ],
            [
              106.461992,
              9.590193
            ],
            [
              106.461431,
              9.59203
            ],
            [
              106.454622,
              9.59488
            ],
            [
              106.453635,
              9.59672
            ],
            [
              106.454066,
              9.597704
            ],
            [
              106.455205,
              9.59826
            ],
            [
              106.460173,
              9.596837
            ],
            [
              106.461882,
              9.597815
            ],
            [
              106.464598,
              9.601611
            ],
            [
              106.466022,
              9.60231
            ],
            [
              106.470705,
              9.600735
            ],
            [
              106.477253,
              9.603248
            ],
            [
              106.480093,
              9.602811
            ],
            [
              106.481935,
              9.601672
            ],
            [
              106.480217,
              9.598578
            ],
            [
              106.473236,
              9.594521
            ],
            [
              106.471382,
              9.592838
            ],
            [
              106.469801,
              9.588613
            ],
            [
              106.466662,
              9.585806
            ],
            [
              106.459965,
              9.581602
            ],
            [
              106.46067,
              9.580189
            ],
            [
              106.469611,
              9.577755
            ],
            [
              106.469027,
              9.573806
            ],
            [
              106.469727,
              9.571407
            ],
            [
              106.467016,
              9.568877
            ],
            [
              106.461761,
              9.569469
            ],
            [
              106.457186,
              9.563141
            ],
            [
              106.455334,
              9.561874
            ],
            [
              106.447089,
              9.560923
            ],
            [
              106.442963,
              9.559674
            ],
            [
              106.437546,
              9.55532
            ],
            [
              106.435971,
              9.552505
            ],
            [
              106.433403,
              9.55012
            ],
            [
              106.429275,
              9.548446
            ],
            [
              106.426009,
              9.548604
            ],
            [
              106.419464,
              9.546515
            ],
            [
              106.419461,
              9.545945
            ],
            [
              106.416331,
              9.544972
            ],
            [
              106.40951,
              9.54472
            ],
            [
              106.401679,
              9.54052
            ],
            [
              106.397417,
              9.540962
            ],
            [
              106.397137,
              9.542084
            ],
            [
              106.398281,
              9.54349
            ],
            [
              106.402552,
              9.545734
            ],
            [
              106.40526,
              9.547838
            ],
            [
              106.406123,
              9.550376
            ],
            [
              106.40571,
              9.553615
            ],
            [
              106.398605,
              9.553363
            ],
            [
              106.396193,
              9.554223
            ],
            [
              106.394362,
              9.558182
            ],
            [
              106.391249,
              9.561295
            ],
            [
              106.388405,
              9.560882
            ],
            [
              106.385296,
              9.565126
            ],
            [
              106.383871,
              9.564001
            ],
            [
              106.383555,
              9.556109
            ],
            [
              106.38226,
              9.552298
            ],
            [
              106.379841,
              9.551186
            ],
            [
              106.378278,
              9.551328
            ],
            [
              106.376151,
              9.552467
            ],
            [
              106.37417,
              9.554591
            ],
            [
              106.373183,
              9.556566
            ],
            [
              106.373907,
              9.559809
            ],
            [
              106.381751,
              9.566976
            ],
            [
              106.382611,
              9.568799
            ],
            [
              106.382618,
              9.570499
            ],
            [
              106.380207,
              9.57163
            ],
            [
              106.378368,
              9.573617
            ],
            [
              106.376666,
              9.57461
            ],
            [
              106.374391,
              9.574049
            ],
            [
              106.373386,
              9.571521
            ],
            [
              106.372512,
              9.566162
            ],
            [
              106.370932,
              9.561937
            ],
            [
              106.366065,
              9.552932
            ],
            [
              106.364222,
              9.554205
            ],
            [
              106.362381,
              9.555487
            ],
            [
              106.36054,
              9.557321
            ],
            [
              106.357707,
              9.559448
            ],
            [
              106.354452,
              9.562852
            ],
            [
              106.352612,
              9.564685
            ],
            [
              106.351485,
              9.567095
            ],
            [
              106.350784,
              9.569349
            ],
            [
              106.34838,
              9.57246
            ],
            [
              106.345121,
              9.575014
            ],
            [
              106.341151,
              9.577145
            ],
            [
              106.33959,
              9.577712
            ],
            [
              106.337464,
              9.57913
            ],
            [
              106.334567,
              9.580294
            ],
            [
              106.332339,
              9.581967
            ],
            [
              106.327001,
              9.737703
            ],
            [
              106.332686,
              9.737401
            ],
            [
              106.345912,
              9.738054
            ],
            [
              106.34605,
              9.737348
            ],
            [
              106.34405,
              9.73496
            ],
            [
              106.327392,
              9.728677
            ],
            [
              106.319554,
              9.723915
            ],
            [
              106.316858,
              9.725191
            ],
            [
              106.309185,
              9.726071
            ],
            [
              106.302636,
              9.723835
            ],
            [
              106.300931,
              9.723986
            ],
            [
              106.298092,
              9.725408
            ],
            [
              106.292971,
              9.724577
            ],
            [
              106.291974,
              9.723876
            ],
            [
              106.291257,
              9.722188
            ],
            [
              106.292245,
              9.720628
            ],
            [
              106.293663,
              9.719637
            ],
            [
              106.299065,
              9.719617
            ],
            [
              106.304747,
              9.718465
            ],
            [
              106.303019,
              9.712413
            ],
            [
              106.301154,
              9.708188
            ],
            [
              106.301287,
              9.705927
            ],
            [
              106.303411,
              9.703803
            ],
            [
              106.306962,
              9.702949
            ],
            [
              106.316068,
              9.705165
            ],
            [
              106.323329,
              9.707814
            ],
            [
              106.329171,
              9.711182
            ],
            [
              106.332587,
              9.712435
            ],
            [
              106.336138,
              9.71158
            ],
            [
              106.335992,
              9.71045
            ],
            [
              106.334562,
              9.70834
            ],
            [
              106.323159,
              9.700626
            ],
            [
              106.306509,
              9.696178
            ],
            [
              106.293414,
              9.691851
            ],
            [
              106.286865,
              9.689054
            ],
            [
              106.277613,
              9.685987
            ],
            [
              106.276614,
              9.685005
            ],
            [
              106.276468,
              9.68402
            ],
            [
              106.277177,
              9.683312
            ],
            [
              106.279306,
              9.682734
            ],
            [
              106.284424,
              9.68258
            ],
            [
              106.284172,
              9.682444
            ],
            [
              106.275874,
              9.677114
            ],
            [
              106.269198,
              9.678404
            ],
            [
              106.256264,
              9.679013
            ],
            [
              106.248729,
              9.678479
            ],
            [
              106.239903,
              9.675129
            ],
            [
              106.230084,
              9.672343
            ],
            [
              106.227955,
              9.673056
            ],
            [
              106.222264,
              9.671802
            ],
            [
              106.218989,
              9.670122
            ],
            [
              106.215007,
              9.669576
            ],
            [
              106.203781,
              9.670736
            ],
            [
              106.197951,
              9.670196
            ],
            [
              106.194834,
              9.673028
            ],
            [
              106.191291,
              9.676007
            ],
            [
              106.189307,
              9.67784
            ],
            [
              106.18619,
              9.680672
            ],
            [
              106.183923,
              9.682796
            ],
            [
              106.182505,
              9.683932
            ],
            [
              106.181796,
              9.684639
            ],
            [
              106.180095,
              9.686056
            ],
            [
              106.177828,
              9.688324
            ],
            [
              106.174429,
              9.691863
            ],
            [
              106.167915,
              9.699074
            ],
            [
              106.166076,
              9.701622
            ],
            [
              106.163243,
              9.704588
            ],
            [
              106.171485,
              9.703719
            ],
            [
              106.176452,
              9.701016
            ],
            [
              106.183268,
              9.698741
            ],
            [
              106.187104,
              9.698303
            ],
            [
              106.193929,
              9.698704
            ],
            [
              106.205155,
              9.697254
            ],
            [
              106.211554,
              9.697792
            ],
            [
              106.217106,
              9.700033
            ],
            [
              106.22791,
              9.699995
            ],
            [
              106.24469,
              9.7012
            ],
            [
              106.250943,
              9.700897
            ],
            [
              106.265857,
              9.697316
            ],
            [
              106.268133,
              9.697868
            ],
            [
              106.269989,
              9.699841
            ],
            [
              106.269851,
              9.700972
            ],
            [
              106.26886,
              9.702097
            ],
            [
              106.266306,
              9.703237
            ],
            [
              106.248826,
              9.704712
            ],
            [
              106.241297,
              9.706295
            ],
            [
              106.232626,
              9.706326
            ],
            [
              106.228072,
              9.705348
            ],
            [
              106.229938,
              9.710278
            ],
            [
              106.229377,
              9.712396
            ],
            [
              106.227678,
              9.714383
            ],
            [
              106.219874,
              9.718218
            ],
            [
              106.218176,
              9.720475
            ],
            [
              106.218749,
              9.721748
            ],
            [
              106.220032,
              9.722585
            ],
            [
              106.227998,
              9.724112
            ],
            [
              106.239798,
              9.723924
            ],
            [
              106.245204,
              9.724899
            ],
            [
              106.246772,
              9.72616
            ],
            [
              106.259728,
              9.731049
            ],
            [
              106.252347,
              9.734178
            ],
            [
              106.26543,
              9.73498
            ],
            [
              106.273682,
              9.73664
            ],
            [
              106.281373,
              9.740138
            ],
            [
              106.284645,
              9.740686
            ],
            [
              106.289349,
              9.74377
            ],
            [
              106.306623,
              9.762043
            ],
            [
              106.320283,
              9.764531
            ],
            [
              106.322846,
              9.765787
            ],
            [
              106.327415,
              9.770562
            ],
            [
              106.332989,
              9.777593
            ],
            [
              106.334409,
              9.777162
            ],
            [
              106.33469,
              9.776456
            ],
            [
              106.333972,
              9.774632
            ],
            [
              106.33523,
              9.769265
            ],
            [
              106.329241,
              9.764776
            ],
            [
              106.32453,
              9.760002
            ],
            [
              106.323665,
              9.756895
            ],
            [
              106.327769,
              9.751942
            ],
            [
              106.328322,
              9.748133
            ],
            [
              106.323339,
              9.746461
            ],
            [
              106.320199,
              9.743227
            ],
            [
              106.319623,
              9.741539
            ],
            [
              106.319903,
              9.740407
            ],
            [
              106.321604,
              9.73899
            ],
            [
              106.327001,
              9.737703
            ],
            [
              106.100042,
              9.76743
            ],
            [
              106.097487,
              9.768849
            ],
            [
              106.09621,
              9.769414
            ],
            [
              106.095357,
              9.769977
            ],
            [
              106.095358,
              9.770266
            ],
            [
              106.087973,
              9.772967
            ],
            [
              106.086554,
              9.773677
            ],
            [
              106.080456,
              9.779059
            ],
            [
              106.076624,
              9.781042
            ],
            [
              106.074072,
              9.783592
            ],
            [
              106.068551,
              9.791368
            ],
            [
              106.065159,
              9.797863
            ],
            [
              106.057939,
              9.808186
            ],
            [
              106.038944,
              9.82813
            ],
            [
              106.035831,
              9.833078
            ],
            [
              106.028888,
              9.841563
            ],
            [
              106.025207,
              9.847218
            ],
            [
              106.022656,
              9.850047
            ],
            [
              106.023653,
              9.85046
            ],
            [
              106.028203,
              9.850166
            ],
            [
              106.031898,
              9.849313
            ],
            [
              106.035022,
              9.847468
            ],
            [
              106.036435,
              9.844217
            ],
            [
              106.040286,
              9.848012
            ],
            [
              106.051543,
              9.854606
            ],
            [
              106.061098,
              9.862616
            ],
            [
              106.060826,
              9.866008
            ],
            [
              106.05855,
              9.866295
            ],
            [
              106.053143,
              9.865607
            ],
            [
              106.049292,
              9.862517
            ],
            [
              106.04872,
              9.861388
            ],
            [
              106.045442,
              9.859138
            ],
            [
              106.038179,
              9.856203
            ],
            [
              106.035328,
              9.854376
            ],
            [
              106.035039,
              9.852966
            ],
            [
              106.035035,
              9.8517
            ],
            [
              106.027516,
              9.857927
            ],
            [
              106.022265,
              9.861614
            ],
            [
              106.020138,
              9.864017
            ],
            [
              106.020148,
              9.867119
            ],
            [
              106.032523,
              9.867081
            ],
            [
              106.036084,
              9.868762
            ],
            [
              106.036941,
              9.869745
            ],
            [
              106.036251,
              9.87652
            ],
            [
              106.037262,
              9.88131
            ],
            [
              106.041535,
              9.883277
            ],
            [
              106.048079,
              9.883673
            ],
            [
              106.049933,
              9.884798
            ],
            [
              106.050649,
              9.886486
            ],
            [
              106.051232,
              9.890861
            ],
            [
              106.054084,
              9.893104
            ],
            [
              106.06162,
              9.891959
            ],
            [
              106.06377,
              9.89717
            ],
            [
              106.066189,
              9.897163
            ],
            [
              106.070892,
              9.899824
            ],
            [
              106.08702,
              9.916141
            ],
            [
              106.088444,
              9.916697
            ],
            [
              106.093565,
              9.916535
            ],
            [
              106.096415,
              9.917801
            ],
            [
              106.096721,
              9.924284
            ],
            [
              106.099289,
              9.926672
            ],
            [
              106.102133,
              9.926382
            ],
            [
              106.103568,
              9.930185
            ],
            [
              106.105138,
              9.931455
            ],
            [
              106.107829,
              9.927774
            ],
            [
              106.109094,
              9.923113
            ],
            [
              106.109634,
              9.914656
            ],
            [
              106.11062,
              9.911967
            ],
            [
              106.115436,
              9.905747
            ],
            [
              106.118132,
              9.903767
            ],
            [
              106.122967,
              9.903326
            ],
            [
              106.128505,
              9.900341
            ],
            [
              106.126486,
              9.892173
            ],
            [
              106.126759,
              9.888926
            ],
            [
              106.130005,
              9.881292
            ],
            [
              106.126436,
              9.877361
            ],
            [
              106.120885,
              9.876529
            ],
            [
              106.117182,
              9.875131
            ],
            [
              106.110781,
              9.875152
            ],
            [
              106.097828,
              9.872373
            ],
            [
              106.089444,
              9.874661
            ],
            [
              106.08119,
              9.873702
            ],
            [
              106.079912,
              9.874267
            ],
            [
              106.077636,
              9.874129
            ],
            [
              106.07763,
              9.872303
            ],
            [
              106.079326,
              9.869051
            ],
            [
              106.080875,
              9.864389
            ],
            [
              106.07859,
              9.861575
            ],
            [
              106.078583,
              9.859458
            ],
            [
              106.079572,
              9.857204
            ],
            [
              106.079138,
              9.855089
            ],
            [
              106.07743,
              9.854389
            ],
            [
              106.073446,
              9.854121
            ],
            [
              106.074999,
              9.850445
            ],
            [
              106.077412,
              9.849026
            ],
            [
              106.077834,
              9.847614
            ],
            [
              106.077398,
              9.844659
            ],
            [
              106.075827,
              9.842548
            ],
            [
              106.076816,
              9.840709
            ],
            [
              106.079801,
              9.840274
            ],
            [
              106.086049,
              9.837288
            ],
            [
              106.079617,
              9.827153
            ],
            [
              106.07705,
              9.825335
            ],
            [
              106.071199,
              9.81914
            ],
            [
              106.078458,
              9.820953
            ],
            [
              106.081745,
              9.825455
            ],
            [
              106.086165,
              9.829248
            ],
            [
              106.09102,
              9.834875
            ],
            [
              106.094442,
              9.837406
            ],
            [
              106.096449,
              9.842337
            ],
            [
              106.096883,
              9.844307
            ],
            [
              106.098026,
              9.846139
            ],
            [
              106.100875,
              9.84754
            ],
            [
              106.103437,
              9.848092
            ],
            [
              106.107418,
              9.847663
            ],
            [
              106.113543,
              9.8506
            ],
            [
              106.117811,
              9.850731
            ],
            [
              106.121936,
              9.850998
            ],
            [
              106.122221,
              9.850997
            ],
            [
              106.131487,
              9.857169
            ],
            [
              106.13418,
              9.854483
            ],
            [
              106.137012,
              9.850522
            ],
            [
              106.131739,
              9.847863
            ],
            [
              106.128306,
              9.841951
            ],
            [
              106.121593,
              9.833509
            ],
            [
              106.122015,
              9.832097
            ],
            [
              106.123295,
              9.832093
            ],
            [
              106.127009,
              9.836593
            ],
            [
              106.128297,
              9.839266
            ],
            [
              106.137012,
              9.850522
            ],
            [
              106.142549,
              9.847827
            ],
            [
              106.145534,
              9.847247
            ],
            [
              106.147671,
              9.84837
            ],
            [
              106.145258,
              9.849509
            ],
            [
              106.144834,
              9.85064
            ],
            [
              106.146974,
              9.852604
            ],
            [
              106.145986,
              9.854869
            ],
            [
              106.144,
              9.856422
            ],
            [
              106.143296,
              9.858115
            ],
            [
              106.143728,
              9.859949
            ],
            [
              106.146285,
              9.85881
            ],
            [
              106.150548,
              9.857955
            ],
            [
              106.157926,
              9.852567
            ],
            [
              106.164882,
              9.848736
            ],
            [
              106.16729,
              9.845762
            ],
            [
              106.166286,
              9.843658
            ],
            [
              106.171824,
              9.840953
            ],
            [
              106.171104,
              9.838559
            ],
            [
              106.16854,
              9.837158
            ],
            [
              106.168537,
              9.836452
            ],
            [
              106.169813,
              9.835462
            ],
            [
              106.173938,
              9.835873
            ],
            [
              106.175643,
              9.835162
            ],
            [
              106.17635,
              9.834164
            ],
            [
              106.176345,
              9.832618
            ],
            [
              106.173199,
              9.827836
            ],
            [
              106.170206,
              9.826011
            ],
            [
              106.166224,
              9.82588
            ],
            [
              106.159973,
              9.827882
            ],
            [
              106.155565,
              9.828033
            ],
            [
              106.148448,
              9.82651
            ],
            [
              106.143179,
              9.824123
            ],
            [
              106.137496,
              9.826122
            ],
            [
              106.131055,
              9.813728
            ],
            [
              106.133619,
              9.81513
            ],
            [
              106.147995,
              9.818608
            ],
            [
              106.150836,
              9.817758
            ],
            [
              106.155644,
              9.809983
            ],
            [
              106.159336,
              9.808134
            ],
            [
              106.16559,
              9.807263
            ],
            [
              106.167991,
              9.802742
            ],
            [
              106.174645,
              9.794255
            ],
            [
              106.167511,
              9.787516
            ],
            [
              106.160678,
              9.785423
            ],
            [
              106.151726,
              9.787
            ],
            [
              106.149449,
              9.786591
            ],
            [
              106.147027,
              9.785189
            ],
            [
              106.145732,
              9.780961
            ],
            [
              106.146296,
              9.779549
            ],
            [
              106.149569,
              9.780243
            ],
            [
              106.149134,
              9.777703
            ],
            [
              106.145427,
              9.774894
            ],
            [
              106.140442,
              9.772515
            ],
            [
              106.137028,
              9.771956
            ],
            [
              106.135318,
              9.770976
            ],
            [
              106.139577,
              9.769126
            ],
            [
              106.144126,
              9.768831
            ],
            [
              106.146958,
              9.765159
            ],
            [
              106.157338,
              9.765259
            ],
            [
              106.159619,
              9.766662
            ],
            [
              106.160477,
              9.76807
            ],
            [
              106.160054,
              9.769057
            ],
            [
              106.154798,
              9.770775
            ],
            [
              106.153813,
              9.7736
            ],
            [
              106.154102,
              9.775426
            ],
            [
              106.156099,
              9.776974
            ],
            [
              106.161792,
              9.778366
            ],
            [
              106.16549,
              9.778633
            ],
            [
              106.169326,
              9.777634
            ],
            [
              106.172589,
              9.775787
            ],
            [
              106.174572,
              9.773529
            ],
            [
              106.175839,
              9.769853
            ],
            [
              106.173976,
              9.765772
            ],
            [
              106.172121,
              9.763663
            ],
            [
              106.167278,
              9.761283
            ],
            [
              106.159026,
              9.759756
            ],
            [
              106.152325,
              9.754561
            ],
            [
              106.148623,
              9.753018
            ],
            [
              106.144941,
              9.757127
            ],
            [
              106.144087,
              9.757129
            ],
            [
              106.142373,
              9.755019
            ],
            [
              106.143643,
              9.752049
            ],
            [
              106.146049,
              9.748659
            ],
            [
              106.147164,
              9.742026
            ],
            [
              106.143328,
              9.74316
            ],
            [
              106.145016,
              9.737657
            ],
            [
              106.144718,
              9.733851
            ],
            [
              106.138885,
              9.732604
            ],
            [
              106.136054,
              9.73614
            ],
            [
              106.133218,
              9.738682
            ],
            [
              106.130952,
              9.741511
            ],
            [
              106.129819,
              9.742645
            ],
            [
              106.127693,
              9.744488
            ],
            [
              106.126276,
              9.746183
            ],
            [
              106.123869,
              9.748868
            ],
            [
              106.12231,
              9.750709
            ],
            [
              106.120894,
              9.752124
            ],
            [
              106.119192,
              9.753541
            ],
            [
              106.116213,
              9.755811
            ],
            [
              106.114086,
              9.757229
            ],
            [
              106.110115,
              9.760479
            ],
            [
              106.106994,
              9.762605
            ],
            [
              106.102879,
              9.765585
            ],
            [
              106.100042,
              9.76743
            ],
            [
              106.071088,
              9.828455
            ],
            [
              106.068096,
              9.827054
            ],
            [
              106.063677,
              9.823677
            ],
            [
              106.056418,
              9.821873
            ],
            [
              106.059106,
              9.817487
            ],
            [
              106.07121,
              9.822387
            ],
            [
              106.074492,
              9.825759
            ],
            [
              106.074923,
              9.827168
            ],
            [
              106.073505,
              9.828303
            ],
            [
              106.071088,
              9.828455
            ],
            [
              106.074085,
              9.875977
            ],
            [
              106.07853,
              9.886687
            ],
            [
              106.083674,
              9.89358
            ],
            [
              106.083975,
              9.898652
            ],
            [
              106.083128,
              9.900771
            ],
            [
              106.080709,
              9.900498
            ],
            [
              106.077004,
              9.898394
            ],
            [
              106.076993,
              9.895148
            ],
            [
              106.076131,
              9.892474
            ],
            [
              106.070574,
              9.88967
            ],
            [
              106.071281,
              9.888257
            ],
            [
              106.074123,
              9.887407
            ],
            [
              106.074829,
              9.885994
            ],
            [
              106.067974,
              9.877551
            ],
            [
              106.066242,
              9.869798
            ],
            [
              106.069084,
              9.868658
            ],
            [
              106.071222,
              9.869918
            ],
            [
              106.072795,
              9.872879
            ],
            [
              106.074085,
              9.875977
            ],
            [
              106.231362,
              9.94145
            ],
            [
              106.228242,
              9.944138
            ],
            [
              106.223266,
              9.945006
            ],
            [
              106.219441,
              9.949388
            ],
            [
              106.21731,
              9.950101
            ],
            [
              106.216595,
              9.949398
            ],
            [
              106.216285,
              9.942065
            ],
            [
              106.214293,
              9.942073
            ],
            [
              106.210873,
              9.940819
            ],
            [
              106.209445,
              9.938989
            ],
            [
              106.209008,
              9.936449
            ],
            [
              106.20758,
              9.935044
            ],
            [
              106.203885,
              9.935907
            ],
            [
              106.202186,
              9.938174
            ],
            [
              106.20191,
              9.940426
            ],
            [
              106.20364,
              9.946624
            ],
            [
              106.202103,
              9.954668
            ],
            [
              106.203817,
              9.956498
            ],
            [
              106.20724,
              9.958466
            ],
            [
              106.210096,
              9.961557
            ],
            [
              106.210958,
              9.96395
            ],
            [
              106.210965,
              9.965786
            ],
            [
              106.209419,
              9.970864
            ],
            [
              106.209858,
              9.974109
            ],
            [
              106.211145,
              9.97594
            ],
            [
              106.213285,
              9.977478
            ],
            [
              106.217428,
              9.981976
            ],
            [
              106.21786,
              9.983529
            ],
            [
              106.216323,
              9.991149
            ],
            [
              106.217754,
              9.993124
            ],
            [
              106.221178,
              9.995643
            ],
            [
              106.224037,
              9.999024
            ],
            [
              106.225458,
              9.998594
            ],
            [
              106.226876,
              9.997178
            ],
            [
              106.226727,
              9.995343
            ],
            [
              106.225581,
              9.993511
            ],
            [
              106.225285,
              9.990411
            ],
            [
              106.226562,
              9.989276
            ],
            [
              106.227099,
              9.980674
            ],
            [
              106.230347,
              9.974459
            ],
            [
              106.22975,
              9.966983
            ],
            [
              106.228317,
              9.964167
            ],
            [
              106.227874,
              9.959937
            ],
            [
              106.228865,
              9.958667
            ],
            [
              106.230856,
              9.958379
            ],
            [
              106.233148,
              9.962458
            ],
            [
              106.23661,
              9.974996
            ],
            [
              106.238037,
              9.976257
            ],
            [
              106.241595,
              9.976533
            ],
            [
              106.242023,
              9.976948
            ],
            [
              106.24234,
              9.98541
            ],
            [
              106.243055,
              9.986258
            ],
            [
              106.245902,
              9.986808
            ],
            [
              106.251495,
              9.998072
            ],
            [
              106.2532,
              9.99764
            ],
            [
              106.255612,
              9.995805
            ],
            [
              106.255294,
              9.986917
            ],
            [
              106.256556,
              9.98212
            ],
            [
              106.255395,
              9.976337
            ],
            [
              106.255671,
              9.97394
            ],
            [
              106.259619,
              9.964756
            ],
            [
              106.259311,
              9.958689
            ],
            [
              106.261277,
              9.951773
            ],
            [
              106.261979,
              9.949374
            ],
            [
              106.254568,
              9.94602
            ],
            [
              106.253564,
              9.943908
            ],
            [
              106.250582,
              9.94533
            ],
            [
              106.248876,
              9.945472
            ],
            [
              106.247024,
              9.944918
            ],
            [
              106.244168,
              9.941963
            ],
            [
              106.240151,
              9.933234
            ],
            [
              106.237159,
              9.931979
            ],
            [
              106.234315,
              9.932414
            ],
            [
              106.230914,
              9.935809
            ],
            [
              106.231362,
              9.94145
            ],
            [
              106.525599,
              9.578354
            ],
            [
              106.523896,
              9.578786
            ],
            [
              106.522056,
              9.580485
            ],
            [
              106.520646,
              9.582752
            ],
            [
              106.519936,
              9.583035
            ],
            [
              106.518511,
              9.582056
            ],
            [
              106.516648,
              9.578538
            ],
            [
              106.515512,
              9.578543
            ],
            [
              106.514238,
              9.579679
            ],
            [
              106.513818,
              9.581227
            ],
            [
              106.514402,
              9.58475
            ],
            [
              106.516692,
              9.588547
            ],
            [
              106.520685,
              9.59164
            ],
            [
              106.526669,
              9.59514
            ],
            [
              106.530387,
              9.60034
            ],
            [
              106.532808,
              9.60174
            ],
            [
              106.534657,
              9.601868
            ],
            [
              106.536498,
              9.600449
            ],
            [
              106.53706,
              9.599036
            ],
            [
              106.536342,
              9.597493
            ],
            [
              106.536895,
              9.593964
            ],
            [
              106.536174,
              9.591852
            ],
            [
              106.533892,
              9.589746
            ],
            [
              106.53303,
              9.587634
            ],
            [
              106.532588,
              9.58411
            ],
            [
              106.531013,
              9.581576
            ],
            [
              106.527448,
              9.578635
            ],
            [
              106.525599,
              9.578354
            ],
            [
              106.517958,
              9.617177
            ],
            [
              106.517091,
              9.614359
            ],
            [
              106.517368,
              9.612667
            ],
            [
              106.518505,
              9.612662
            ],
            [
              106.520797,
              9.616739
            ],
            [
              106.519966,
              9.621535
            ],
            [
              106.520119,
              9.62393
            ],
            [
              106.521121,
              9.625626
            ],
            [
              106.524538,
              9.627021
            ],
            [
              106.527379,
              9.626584
            ],
            [
              106.53007,
              9.624736
            ],
            [
              106.532185,
              9.62092
            ],
            [
              106.532456,
              9.618098
            ],
            [
              106.530446,
              9.613595
            ],
            [
              106.527876,
              9.610786
            ],
            [
              106.525869,
              9.606843
            ],
            [
              106.525706,
              9.602332
            ],
            [
              106.525277,
              9.601629
            ],
            [
              106.521725,
              9.601644
            ],
            [
              106.517183,
              9.60293
            ],
            [
              106.515331,
              9.601953
            ],
            [
              106.511618,
              9.597737
            ],
            [
              106.510757,
              9.59605
            ],
            [
              106.50905,
              9.595353
            ],
            [
              106.506219,
              9.598041
            ],
            [
              106.506102,
              9.603684
            ],
            [
              106.504549,
              9.605951
            ],
            [
              106.502562,
              9.606385
            ],
            [
              106.501849,
              9.605963
            ],
            [
              106.501267,
              9.602864
            ],
            [
              106.502672,
              9.599187
            ],
            [
              106.501957,
              9.598204
            ],
            [
              106.499966,
              9.597933
            ],
            [
              106.498547,
              9.5985
            ],
            [
              106.493033,
              9.604871
            ],
            [
              106.484957,
              9.610267
            ],
            [
              106.484118,
              9.613372
            ],
            [
              106.486683,
              9.614772
            ],
            [
              106.488814,
              9.614763
            ],
            [
              106.491652,
              9.613901
            ],
            [
              106.500335,
              9.617254
            ],
            [
              106.503882,
              9.615683
            ],
            [
              106.510703,
              9.615653
            ],
            [
              106.511411,
              9.614945
            ],
            [
              106.511404,
              9.613534
            ],
            [
              106.509264,
              9.611708
            ],
            [
              106.508688,
              9.61002
            ],
            [
              106.509819,
              9.608605
            ],
            [
              106.511527,
              9.609302
            ],
            [
              106.512673,
              9.611413
            ],
            [
              106.514119,
              9.617049
            ],
            [
              106.51555,
              9.619158
            ],
            [
              106.516545,
              9.619154
            ],
            [
              106.517677,
              9.618308
            ],
            [
              106.517958,
              9.617177
            ],
            [
              106.490006,
              9.65975
            ],
            [
              106.496404,
              9.660283
            ],
            [
              106.500382,
              9.65984
            ],
            [
              106.499516,
              9.657023
            ],
            [
              106.496235,
              9.654216
            ],
            [
              106.48826,
              9.650309
            ],
            [
              106.483422,
              9.649335
            ],
            [
              106.454284,
              9.648618
            ],
            [
              106.45428,
              9.647768
            ],
            [
              106.455414,
              9.647058
            ],
            [
              106.460102,
              9.646614
            ],
            [
              106.46977,
              9.647278
            ],
            [
              106.476301,
              9.645984
            ],
            [
              106.482414,
              9.646102
            ],
            [
              106.484397,
              9.644683
            ],
            [
              106.477133,
              9.641188
            ],
            [
              106.470425,
              9.634725
            ],
            [
              106.466016,
              9.633758
            ],
            [
              106.462748,
              9.633916
            ],
            [
              106.455625,
              9.629851
            ],
            [
              106.4468,
              9.626931
            ],
            [
              106.444957,
              9.62778
            ],
            [
              106.443967,
              9.628914
            ],
            [
              106.442434,
              9.636118
            ],
            [
              106.440308,
              9.637537
            ],
            [
              106.439313,
              9.637541
            ],
            [
              106.438598,
              9.63627
            ],
            [
              106.435463,
              9.634447
            ],
            [
              106.433478,
              9.63573
            ],
            [
              106.432337,
              9.634605
            ],
            [
              106.432187,
              9.63277
            ],
            [
              106.433169,
              9.629945
            ],
            [
              106.434269,
              9.620916
            ],
            [
              106.433122,
              9.618805
            ],
            [
              106.428707,
              9.616427
            ],
            [
              106.423729,
              9.615317
            ],
            [
              106.421598,
              9.615326
            ],
            [
              106.418338,
              9.6176
            ],
            [
              106.415642,
              9.618741
            ],
            [
              106.414783,
              9.616909
            ],
            [
              106.416049,
              9.613803
            ],
            [
              106.414623,
              9.612678
            ],
            [
              106.414198,
              9.61296
            ],
            [
              106.412494,
              9.613392
            ],
            [
              106.411503,
              9.614527
            ],
            [
              106.411083,
              9.616074
            ],
            [
              106.408389,
              9.617496
            ],
            [
              106.401688,
              9.612161
            ],
            [
              106.399839,
              9.611753
            ],
            [
              106.397993,
              9.612176
            ],
            [
              106.396293,
              9.613313
            ],
            [
              106.383231,
              9.616612
            ],
            [
              106.382953,
              9.618168
            ],
            [
              106.385093,
              9.620276
            ],
            [
              106.387656,
              9.621251
            ],
            [
              106.394757,
              9.620237
            ],
            [
              106.396325,
              9.621216
            ],
            [
              106.397056,
              9.62615
            ],
            [
              106.399335,
              9.627262
            ],
            [
              106.401894,
              9.627541
            ],
            [
              106.406436,
              9.626248
            ],
            [
              106.409278,
              9.626101
            ],
            [
              106.423934,
              9.630408
            ],
            [
              106.425364,
              9.632382
            ],
            [
              106.424798,
              9.633081
            ],
            [
              106.421959,
              9.633662
            ],
            [
              106.420831,
              9.636063
            ],
            [
              106.421975,
              9.637613
            ],
            [
              106.424541,
              9.639574
            ],
            [
              106.428833,
              9.646329
            ],
            [
              106.430687,
              9.647732
            ],
            [
              106.433246,
              9.648137
            ],
            [
              106.436224,
              9.646434
            ],
            [
              106.440348,
              9.646986
            ],
            [
              106.442484,
              9.647818
            ],
            [
              106.449478,
              9.654841
            ],
            [
              106.456622,
              9.663835
            ],
            [
              106.459462,
              9.662982
            ],
            [
              106.459883,
              9.661706
            ],
            [
              106.459017,
              9.658753
            ],
            [
              106.462277,
              9.656478
            ],
            [
              106.460991,
              9.655073
            ],
            [
              106.460988,
              9.654368
            ],
            [
              106.462832,
              9.653374
            ],
            [
              106.46981,
              9.656591
            ],
            [
              106.472226,
              9.65658
            ],
            [
              106.477902,
              9.65444
            ],
            [
              106.481172,
              9.654851
            ],
            [
              106.486582,
              9.656654
            ],
            [
              106.490006,
              9.65975
            ],
            [
              106.501813,
              9.629942
            ],
            [
              106.506213,
              9.628793
            ],
            [
              106.508773,
              9.629062
            ],
            [
              106.510198,
              9.630041
            ],
            [
              106.510632,
              9.631875
            ],
            [
              106.509371,
              9.635831
            ],
            [
              106.50982,
              9.640766
            ],
            [
              106.511406,
              9.646112
            ],
            [
              106.518697,
              9.655529
            ],
            [
              106.51985,
              9.65905
            ],
            [
              106.519861,
              9.66159
            ],
            [
              106.518473,
              9.668929
            ],
            [
              106.518908,
              9.670899
            ],
            [
              106.520338,
              9.672728
            ],
            [
              106.524177,
              9.67328
            ],
            [
              106.527319,
              9.676648
            ],
            [
              106.529456,
              9.677769
            ],
            [
              106.53528,
              9.676893
            ],
            [
              106.53137,
              9.660834
            ],
            [
              106.524211,
              9.649157
            ],
            [
              106.523197,
              9.64465
            ],
            [
              106.523031,
              9.639713
            ],
            [
              106.522155,
              9.634365
            ],
            [
              106.521009,
              9.632254
            ],
            [
              106.518724,
              9.629868
            ],
            [
              106.513313,
              9.627351
            ],
            [
              106.505457,
              9.618497
            ],
            [
              106.503043,
              9.618788
            ],
            [
              106.499502,
              9.621489
            ],
            [
              106.499239,
              9.626562
            ],
            [
              106.50039,
              9.629659
            ],
            [
              106.501813,
              9.629942
            ],
            [
              106.560177,
              9.651256
            ],
            [
              106.563459,
              9.653918
            ],
            [
              106.564593,
              9.653497
            ],
            [
              106.565292,
              9.650953
            ],
            [
              106.564425,
              9.647711
            ],
            [
              106.56171,
              9.644622
            ],
            [
              106.558004,
              9.642378
            ],
            [
              106.551889,
              9.64142
            ],
            [
              106.547612,
              9.638483
            ],
            [
              106.546035,
              9.635524
            ],
            [
              106.543753,
              9.633563
            ],
            [
              106.540909,
              9.633287
            ],
            [
              106.532253,
              9.636146
            ],
            [
              106.531137,
              9.640808
            ],
            [
              106.534434,
              9.646996
            ],
            [
              106.537865,
              9.651357
            ],
            [
              106.538741,
              9.65657
            ],
            [
              106.537353,
              9.663773
            ],
            [
              106.538504,
              9.667005
            ],
            [
              106.541799,
              9.672632
            ],
            [
              106.5421,
              9.676302
            ],
            [
              106.548654,
              9.679934
            ],
            [
              106.552795,
              9.684011
            ],
            [
              106.555498,
              9.684415
            ],
            [
              106.557059,
              9.683992
            ],
            [
              106.557766,
              9.683139
            ],
            [
              106.558324,
              9.68074
            ],
            [
              106.55788,
              9.677071
            ],
            [
              106.555585,
              9.672434
            ],
            [
              106.554268,
              9.664402
            ],
            [
              106.554946,
              9.657202
            ],
            [
              106.554058,
              9.649593
            ],
            [
              106.555325,
              9.646766
            ],
            [
              106.55646,
              9.646336
            ],
            [
              106.558171,
              9.647594
            ],
            [
              106.560177,
              9.651256
            ],
            [
              106.564698,
              9.676199
            ],
            [
              106.565848,
              9.67887
            ],
            [
              106.572562,
              9.686172
            ],
            [
              106.572469,
              9.666146
            ],
            [
              106.570323,
              9.662919
            ],
            [
              106.567755,
              9.66095
            ],
            [
              106.564914,
              9.661388
            ],
            [
              106.564494,
              9.66252
            ],
            [
              106.564646,
              9.66506
            ],
            [
              106.566081,
              9.667866
            ],
            [
              106.569941,
              9.672649
            ],
            [
              106.570662,
              9.674762
            ],
            [
              106.570383,
              9.675893
            ],
            [
              106.567105,
              9.674208
            ],
            [
              106.565398,
              9.673936
            ],
            [
              106.564698,
              9.676199
            ],
            [
              106.39676,
              9.726565
            ],
            [
              106.397754,
              9.726136
            ],
            [
              106.398739,
              9.723736
            ],
            [
              106.39676,
              9.726565
            ],
            [
              106.440712,
              9.831035
            ],
            [
              106.443566,
              9.833419
            ],
            [
              106.446841,
              9.83439
            ],
            [
              106.447976,
              9.83396
            ],
            [
              106.448816,
              9.830855
            ],
            [
              106.448097,
              9.829023
            ],
            [
              106.444101,
              9.825658
            ],
            [
              106.444656,
              9.82241
            ],
            [
              106.446794,
              9.823667
            ],
            [
              106.449235,
              9.829018
            ],
            [
              106.450372,
              9.829013
            ],
            [
              106.45093,
              9.82647
            ],
            [
              106.448913,
              9.820421
            ],
            [
              106.449469,
              9.817597
            ],
            [
              106.450462,
              9.816888
            ],
            [
              106.452177,
              9.819132
            ],
            [
              106.454477,
              9.824628
            ],
            [
              106.452511,
              9.830415
            ],
            [
              106.45198,
              9.839025
            ],
            [
              106.448147,
              9.840587
            ],
            [
              106.447159,
              9.842427
            ],
            [
              106.447449,
              9.843692
            ],
            [
              106.450163,
              9.846221
            ],
            [
              106.451032,
              9.849744
            ],
            [
              106.452173,
              9.850444
            ],
            [
              106.453591,
              9.849733
            ],
            [
              106.454018,
              9.849875
            ],
            [
              106.454578,
              9.847757
            ],
            [
              106.453862,
              9.846766
            ],
            [
              106.453711,
              9.84465
            ],
            [
              106.45327,
              9.841415
            ],
            [
              106.454543,
              9.839855
            ],
            [
              106.457382,
              9.838712
            ],
            [
              106.458514,
              9.837297
            ],
            [
              106.460598,
              9.826148
            ],
            [
              106.458721,
              9.819673
            ],
            [
              106.45469,
              9.808406
            ],
            [
              106.451965,
              9.802776
            ],
            [
              106.451098,
              9.799814
            ],
            [
              106.450796,
              9.795728
            ],
            [
              106.451208,
              9.792345
            ],
            [
              106.445103,
              9.794342
            ],
            [
              106.444386,
              9.793079
            ],
            [
              106.445229,
              9.790535
            ],
            [
              106.44451,
              9.788702
            ],
            [
              106.43298,
              9.785794
            ],
            [
              106.427267,
              9.779896
            ],
            [
              106.422991,
              9.777228
            ],
            [
              106.418132,
              9.771606
            ],
            [
              106.415137,
              9.769367
            ],
            [
              106.414427,
              9.76965
            ],
            [
              106.414591,
              9.774722
            ],
            [
              106.415745,
              9.778533
            ],
            [
              106.423595,
              9.785834
            ],
            [
              106.42731,
              9.79005
            ],
            [
              106.426885,
              9.790332
            ],
            [
              106.419762,
              9.787116
            ],
            [
              106.418199,
              9.787402
            ],
            [
              106.417918,
              9.788109
            ],
            [
              106.419494,
              9.790923
            ],
            [
              106.425056,
              9.794852
            ],
            [
              106.428627,
              9.798643
            ],
            [
              106.427348,
              9.798929
            ],
            [
              106.423499,
              9.796694
            ],
            [
              106.422221,
              9.796979
            ],
            [
              106.421945,
              9.798816
            ],
            [
              106.423812,
              9.80332
            ],
            [
              106.429099,
              9.809356
            ],
            [
              106.437235,
              9.816519
            ],
            [
              106.439245,
              9.820742
            ],
            [
              106.439563,
              9.828634
            ],
            [
              106.440712,
              9.831035
            ],
            [
              106.289131,
              9.944334
            ],
            [
              106.289848,
              9.945742
            ],
            [
              106.28701,
              9.947443
            ],
            [
              106.28317,
              9.947739
            ],
            [
              106.278483,
              9.949872
            ],
            [
              106.278204,
              9.951148
            ],
            [
              106.283762,
              9.953659
            ],
            [
              106.276829,
              9.96356
            ],
            [
              106.275411,
              9.964551
            ],
            [
              106.272139,
              9.964708
            ],
            [
              106.270863,
              9.965843
            ],
            [
              106.27158,
              9.967251
            ],
            [
              106.285998,
              9.979747
            ],
            [
              106.291868,
              9.989174
            ],
            [
              106.293292,
              9.989448
            ],
            [
              106.297559,
              9.988871
            ],
            [
              106.301394,
              9.987301
            ],
            [
              106.305375,
              9.986444
            ],
            [
              106.311213,
              9.987687
            ],
            [
              106.312207,
              9.987259
            ],
            [
              106.314604,
              9.981896
            ],
            [
              106.316591,
              9.980613
            ],
            [
              106.326571,
              9.985791
            ],
            [
              106.328307,
              9.992837
            ],
            [
              106.329456,
              9.995229
            ],
            [
              106.330453,
              9.99565
            ],
            [
              106.333285,
              9.992257
            ],
            [
              106.336688,
              9.989557
            ],
            [
              106.337535,
              9.987727
            ],
            [
              106.33481,
              9.982657
            ],
            [
              106.330829,
              9.983098
            ],
            [
              106.329401,
              9.981693
            ],
            [
              106.331097,
              9.979145
            ],
            [
              106.333938,
              9.978003
            ],
            [
              106.341048,
              9.976854
            ],
            [
              106.342748,
              9.975436
            ],
            [
              106.347548,
              9.966248
            ],
            [
              106.347824,
              9.964267
            ],
            [
              106.343963,
              9.959209
            ],
            [
              106.338996,
              9.962331
            ],
            [
              106.337999,
              9.962055
            ],
            [
              106.336137,
              9.958961
            ],
            [
              106.335267,
              9.955013
            ],
            [
              106.333699,
              9.954033
            ],
            [
              106.328297,
              9.955185
            ],
            [
              106.326867,
              9.953355
            ],
            [
              106.326856,
              9.950534
            ],
            [
              106.327699,
              9.948134
            ],
            [
              106.326554,
              9.946303
            ],
            [
              106.32043,
              9.944637
            ],
            [
              106.318147,
              9.942955
            ],
            [
              106.316431,
              9.940846
            ],
            [
              106.315993,
              9.938026
            ],
            [
              106.31299,
              9.933942
            ],
            [
              106.308857,
              9.932131
            ],
            [
              106.305157,
              9.931721
            ],
            [
              106.302022,
              9.930322
            ],
            [
              106.299027,
              9.928218
            ],
            [
              106.296889,
              9.927376
            ],
            [
              106.291499,
              9.931349
            ],
            [
              106.288098,
              9.934744
            ],
            [
              106.285965,
              9.934897
            ],
            [
              106.281539,
              9.930962
            ],
            [
              106.277124,
              9.929433
            ],
            [
              106.27313,
              9.926762
            ],
            [
              106.26812,
              9.918607
            ],
            [
              106.268119,
              9.918317
            ],
            [
              106.267996,
              9.923255
            ],
            [
              106.269151,
              9.927627
            ],
            [
              106.267887,
              9.932
            ],
            [
              106.268321,
              9.933978
            ],
            [
              106.270178,
              9.935662
            ],
            [
              106.266355,
              9.940614
            ],
            [
              106.266646,
              9.942304
            ],
            [
              106.270342,
              9.941584
            ],
            [
              106.272193,
              9.941858
            ],
            [
              106.275755,
              9.943535
            ],
            [
              106.278602,
              9.943669
            ],
            [
              106.281869,
              9.942246
            ],
            [
              106.285425,
              9.942377
            ],
            [
              106.289131,
              9.944334
            ],
            [
              106.01126,
              9.844438
            ],
            [
              106.011119,
              9.844719
            ],
            [
              106.010979,
              9.845425
            ],
            [
              106.010553,
              9.845851
            ],
            [
              106.01027,
              9.846412
            ],
            [
              106.009844,
              9.846694
            ],
            [
              106.007999,
              9.84755
            ],
            [
              106.005442,
              9.848823
            ],
            [
              106.003752,
              9.849878
            ],
            [
              106.003469,
              9.850231
            ],
            [
              105.997647,
              9.864578
            ],
            [
              105.982236,
              9.882834
            ],
            [
              105.978378,
              9.890883
            ],
            [
              105.977865,
              9.891954
            ],
            [
              105.954313,
              9.921466
            ],
            [
              105.954901,
              9.921388
            ],
            [
              105.955724,
              9.920628
            ],
            [
              105.960264,
              9.916383
            ],
            [
              105.965233,
              9.912561
            ],
            [
              105.971193,
              9.907742
            ],
            [
              105.976158,
              9.902799
            ],
            [
              105.980978,
              9.896997
            ],
            [
              105.985368,
              9.890356
            ],
            [
              105.99047,
              9.884137
            ],
            [
              105.995006,
              9.87848
            ],
            [
              106.001378,
              9.869147
            ],
            [
              106.00435,
              9.86392
            ],
            [
              106.005759,
              9.859548
            ],
            [
              106.007596,
              9.855446
            ],
            [
              106.009286,
              9.850223
            ],
            [
              106.010838,
              9.84613
            ],
            [
              106.01126,
              9.844438
            ]
          ]
        ]
      }
    },
    {
      "type": "Feature",
      "properties": {
        "id": 4,
        "name": "Đất cát",
        "name_en": "Sandy soil",
        "year": 2015
      },
      "geometry": {
        "type": "Polygon",
        "coordinates": [
          [
            [
              106.571978,
              9.695847
            ],
            [
              106.573031,
              9.69495
            ],
            [
              106.574183,
              9.694144
            ],
            [
              106.575794,
              9.695071
            ],
            [
              106.576526,
              9.695493
            ],
            [
              106.576724,
              9.694761
            ],
            [
              106.577711,
              9.693056
            ],
            [
              106.578841,
              9.691505
            ],
            [
              106.578828,
              9.688684
            ],
            [
              106.579251,
              9.687977
            ],
            [
              106.579669,
              9.68614
            ],
            [
              106.579223,
              9.68191
            ],
            [
              106.578775,
              9.677401
            ],
            [
              106.578476,
              9.674156
            ],
            [
              106.578745,
              9.670918
            ],
            [
              106.57874,
              9.669924
            ],
            [
              106.578727,
              9.667112
            ],
            [
              106.578421,
              9.662457
            ],
            [
              106.57755,
              9.65851
            ],
            [
              106.57682,
              9.654426
            ],
            [
              106.575847,
              9.649054
            ],
            [
              106.574982,
              9.646993
            ],
            [
              106.568222,
              9.632264
            ],
            [
              106.559367,
              9.615647
            ],
            [
              106.559366,
              9.615647
            ],
            [
              106.559366,
              9.615647
            ],
            [
              106.531664,
              9.579531
            ],
            [
              106.531664,
              9.579531
            ],
            [
              106.522424,
              9.572402
            ],
            [
              106.521819,
              9.57202
            ],
            [
              106.519159,
              9.573095
            ],
            [
              106.518307,
              9.572469
            ],
            [
              106.517504,
              9.57188
            ],
            [
              106.518267,
              9.568142
            ],
            [
              106.518267,
              9.568142
            ],
            [
              106.503131,
              9.557814
            ],
            [
              106.495412,
              9.553033
            ],
            [
              106.482363,
              9.54636
            ],
            [
              106.482363,
              9.54636
            ],
            [
              106.463711,
              9.539998
            ],
            [
              106.459791,
              9.538661
            ],
            [
              106.459071,
              9.538593
            ],
            [
              106.455662,
              9.538743
            ],
            [
              106.453532,
              9.539032
            ],
            [
              106.452538,
              9.539326
            ],
            [
              106.452114,
              9.539463
            ],
            [
              106.451689,
              9.540035
            ],
            [
              106.452543,
              9.540447
            ],
            [
              106.45425,
              9.540729
            ],
            [
              106.456379,
              9.540431
            ],
            [
              106.458368,
              9.540423
            ],
            [
              106.460783,
              9.540132
            ],
            [
              106.462346,
              9.540126
            ],
            [
              106.464478,
              9.540397
            ],
            [
              106.464763,
              9.540685
            ],
            [
              106.464765,
              9.541101
            ],
            [
              106.464197,
              9.541104
            ],
            [
              106.462351,
              9.541401
            ],
            [
              106.460505,
              9.541544
            ],
            [
              106.45724,
              9.542263
            ],
            [
              106.453688,
              9.542278
            ],
            [
              106.451415,
              9.542287
            ],
            [
              106.449283,
              9.542296
            ],
            [
              106.448434,
              9.543005
            ],
            [
              106.447867,
              9.543288
            ],
            [
              106.44858,
              9.54399
            ],
            [
              106.451139,
              9.544124
            ],
            [
              106.452559,
              9.544118
            ],
            [
              106.454406,
              9.54411
            ],
            [
              106.456252,
              9.543678
            ],
            [
              106.457246,
              9.543674
            ],
            [
              106.458241,
              9.54395
            ],
            [
              106.457249,
              9.544379
            ],
            [
              106.454977,
              9.544669
            ],
            [
              106.451712,
              9.545532
            ],
            [
              106.449296,
              9.545262
            ],
            [
              106.447448,
              9.545125
            ],
            [
              106.446028,
              9.545276
            ],
            [
              106.445321,
              9.545984
            ],
            [
              106.443899,
              9.545845
            ],
            [
              106.439776,
              9.545157
            ],
            [
              106.435792,
              9.543907
            ],
            [
              106.432521,
              9.543071
            ],
            [
              106.429247,
              9.541818
            ],
            [
              106.425266,
              9.541129
            ],
            [
              106.423561,
              9.541136
            ],
            [
              106.42086,
              9.540722
            ],
            [
              106.417301,
              9.539046
            ],
            [
              106.414169,
              9.537503
            ],
            [
              106.413315,
              9.537227
            ],
            [
              106.41189,
              9.536247
            ],
            [
              106.410894,
              9.535826
            ],
            [
              106.410325,
              9.535828
            ],
            [
              106.409243,
              9.535495
            ],
            [
              106.408129,
              9.53654
            ],
            [
              106.405276,
              9.536133
            ],
            [
              106.398921,
              9.532846
            ],
            [
              106.390545,
              9.529486
            ],
            [
              106.387268,
              9.528692
            ],
            [
              106.384096,
              9.528626
            ],
            [
              106.384582,
              9.529159
            ],
            [
              106.384588,
              9.530569
            ],
            [
              106.384307,
              9.53142
            ],
            [
              106.383882,
              9.531702
            ],
            [
              106.383176,
              9.532691
            ],
            [
              106.38204,
              9.53312
            ],
            [
              106.379913,
              9.534259
            ],
            [
              106.379631,
              9.53454
            ],
            [
              106.379634,
              9.535246
            ],
            [
              106.379357,
              9.536802
            ],
            [
              106.379221,
              9.538493
            ],
            [
              106.378655,
              9.539201
            ],
            [
              106.378235,
              9.540469
            ],
            [
              106.37781,
              9.541176
            ],
            [
              106.377534,
              9.542868
            ],
            [
              106.376828,
              9.544001
            ],
            [
              106.375697,
              9.545416
            ],
            [
              106.373573,
              9.547115
            ],
            [
              106.37173,
              9.548397
            ],
            [
              106.369181,
              9.550379
            ],
            [
              106.366772,
              9.551943
            ],
            [
              106.366065,
              9.552932
            ],
            [
              106.370932,
              9.561937
            ],
            [
              106.372512,
              9.566162
            ],
            [
              106.373386,
              9.571521
            ],
            [
              106.374391,
              9.574049
            ],
            [
              106.376667,
              9.57461
            ],
            [
              106.378368,
              9.573617
            ],
            [
              106.380208,
              9.57163
            ],
            [
              106.382618,
              9.570499
            ],
            [
              106.382611,
              9.568799
            ],
            [
              106.381751,
              9.566976
            ],
            [
              106.373907,
              9.559809
            ],
            [
              106.373183,
              9.556566
            ],
            [
              106.37417,
              9.554591
            ],
            [
              106.376151,
              9.552467
            ],
            [
              106.378278,
              9.551328
            ],
            [
              106.382261,
              9.552298
            ],
            [
              106.383555,
              9.556109
            ],
            [
              106.383871,
              9.564001
            ],
            [
              106.385297,
              9.565126
            ],
            [
              106.388405,
              9.560882
            ],
            [
              106.391249,
              9.561296
            ],
            [
              106.394362,
              9.558182
            ],
            [
              106.396194,
              9.554223
            ],
            [
              106.398605,
              9.553363
            ],
            [
              106.405711,
              9.553615
            ],
            [
              106.406124,
              9.550376
            ],
            [
              106.405261,
              9.547839
            ],
            [
              106.402552,
              9.545734
            ],
            [
              106.398281,
              9.54349
            ],
            [
              106.397137,
              9.542084
            ],
            [
              106.397417,
              9.540962
            ],
            [
              106.401678,
              9.54052
            ],
            [
              106.40951,
              9.54472
            ],
            [
              106.416332,
              9.544973
            ],
            [
              106.419461,
              9.545945
            ],
            [
              106.419463,
              9.546515
            ],
            [
              106.426008,
              9.548604
            ],
            [
              106.429275,
              9.548446
            ],
            [
              106.433402,
              9.55012
            ],
            [
              106.43597,
              9.552506
            ],
            [
              106.437545,
              9.55532
            ],
            [
              106.442963,
              9.559674
            ],
            [
              106.447088,
              9.560923
            ],
            [
              106.455334,
              9.561874
            ],
            [
              106.457186,
              9.563141
            ],
            [
              106.461761,
              9.56947
            ],
            [
              106.467016,
              9.568878
            ],
            [
              106.469726,
              9.571407
            ],
            [
              106.469026,
              9.573806
            ],
            [
              106.469611,
              9.577755
            ],
            [
              106.46067,
              9.580189
            ],
            [
              106.459966,
              9.581603
            ],
            [
              106.466662,
              9.585806
            ],
            [
              106.469801,
              9.588614
            ],
            [
              106.471382,
              9.592839
            ],
            [
              106.473237,
              9.594522
            ],
            [
              106.480218,
              9.598579
            ],
            [
              106.481936,
              9.601673
            ],
            [
              106.480094,
              9.60281
            ],
            [
              106.477253,
              9.603248
            ],
            [
              106.470705,
              9.600735
            ],
            [
              106.466023,
              9.60231
            ],
            [
              106.464598,
              9.601611
            ],
            [
              106.461883,
              9.597816
            ],
            [
              106.460173,
              9.596837
            ],
            [
              106.455206,
              9.59826
            ],
            [
              106.454066,
              9.597704
            ],
            [
              106.453636,
              9.59672
            ],
            [
              106.454623,
              9.594881
            ],
            [
              106.461432,
              9.592031
            ],
            [
              106.461992,
              9.590193
            ],
            [
              106.461274,
              9.588505
            ],
            [
              106.458287,
              9.587957
            ],
            [
              106.45332,
              9.589388
            ],
            [
              106.445936,
              9.59055
            ],
            [
              106.438972,
              9.590289
            ],
            [
              106.435848,
              9.590872
            ],
            [
              106.433164,
              9.594545
            ],
            [
              106.431036,
              9.595548
            ],
            [
              106.428477,
              9.59527
            ],
            [
              106.426197,
              9.593733
            ],
            [
              106.416271,
              9.599126
            ],
            [
              106.414419,
              9.597723
            ],
            [
              106.411251,
              9.587727
            ],
            [
              106.409681,
              9.586322
            ],
            [
              106.408971,
              9.586325
            ],
            [
              106.406016,
              9.593246
            ],
            [
              106.40403,
              9.594104
            ],
            [
              106.40076,
              9.593837
            ],
            [
              106.396503,
              9.59512
            ],
            [
              106.392375,
              9.593445
            ],
            [
              106.390949,
              9.592321
            ],
            [
              106.38823,
              9.58782
            ],
            [
              106.386095,
              9.586842
            ],
            [
              106.378856,
              9.588987
            ],
            [
              106.372744,
              9.588442
            ],
            [
              106.367775,
              9.590017
            ],
            [
              106.365359,
              9.589746
            ],
            [
              106.35867,
              9.587231
            ],
            [
              106.354688,
              9.586541
            ],
            [
              106.350858,
              9.588112
            ],
            [
              106.34959,
              9.590938
            ],
            [
              106.347749,
              9.592636
            ],
            [
              106.345621,
              9.59363
            ],
            [
              106.339226,
              9.59351
            ],
            [
              106.335523,
              9.591553
            ],
            [
              106.333383,
              9.589165
            ],
            [
              106.329591,
              9.583513
            ],
            [
              106.310542,
              9.594226
            ],
            [
              106.307794,
              9.591384
            ],
            [
              106.307701,
              9.591288
            ],
            [
              106.302137,
              9.594076
            ],
            [
              106.296751,
              9.597623
            ],
            [
              106.292356,
              9.600606
            ],
            [
              106.289094,
              9.602445
            ],
            [
              106.28399,
              9.60543
            ],
            [
              106.280021,
              9.608546
            ],
            [
              106.276051,
              9.610822
            ],
            [
              106.269103,
              9.615215
            ],
            [
              106.266695,
              9.61734
            ],
            [
              106.264852,
              9.618477
            ],
            [
              106.279937,
              9.623639
            ],
            [
              106.281921,
              9.622221
            ],
            [
              106.297841,
              9.622586
            ],
            [
              106.31193,
              9.62775
            ],
            [
              106.333299,
              9.640644
            ],
            [
              106.349665,
              9.645798
            ],
            [
              106.356216,
              9.648874
            ],
            [
              106.3723,
              9.654733
            ],
            [
              106.390517,
              9.660447
            ],
            [
              106.397701,
              9.661872
            ],
            [
              106.418398,
              9.665975
            ],
            [
              106.437332,
              9.673085
            ],
            [
              106.440887,
              9.673495
            ],
            [
              106.453665,
              9.670195
            ],
            [
              106.456513,
              9.671169
            ],
            [
              106.457369,
              9.67216
            ],
            [
              106.457373,
              9.673146
            ],
            [
              106.456538,
              9.673702
            ],
            [
              106.453972,
              9.675411
            ],
            [
              106.448993,
              9.67626
            ],
            [
              106.448859,
              9.676283
            ],
            [
              106.455834,
              9.678514
            ],
            [
              106.457972,
              9.680051
            ],
            [
              106.458098,
              9.680904
            ],
            [
              106.458118,
              9.681036
            ],
            [
              106.457411,
              9.681889
            ],
            [
              106.455991,
              9.682175
            ],
            [
              106.451582,
              9.681633
            ],
            [
              106.4325,
              9.673105
            ],
            [
              106.405751,
              9.666868
            ],
            [
              106.374874,
              9.658674
            ],
            [
              106.373391,
              9.658398
            ],
            [
              106.36449,
              9.656744
            ],
            [
              106.359646,
              9.653797
            ],
            [
              106.357466,
              9.653053
            ],
            [
              106.356372,
              9.65268
            ],
            [
              106.351964,
              9.652137
            ],
            [
              106.351969,
              9.653403
            ],
            [
              106.364219,
              9.659982
            ],
            [
              106.376737,
              9.662473
            ],
            [
              106.383432,
              9.665837
            ],
            [
              106.398229,
              9.669584
            ],
            [
              106.411309,
              9.670236
            ],
            [
              106.417382,
              9.672355
            ],
            [
              106.427679,
              9.675947
            ],
            [
              106.440057,
              9.678716
            ],
            [
              106.457706,
              9.684284
            ],
            [
              106.46006,
              9.685806
            ],
            [
              106.467684,
              9.690734
            ],
            [
              106.486491,
              9.700807
            ],
            [
              106.488488,
              9.70254
            ],
            [
              106.488917,
              9.702912
            ],
            [
              106.490636,
              9.706006
            ],
            [
              106.499601,
              9.708218
            ],
            [
              106.491473,
              9.70233
            ],
            [
              106.491041,
              9.701067
            ],
            [
              106.491461,
              9.699655
            ],
            [
              106.492029,
              9.699507
            ],
            [
              106.501444,
              9.707079
            ],
            [
              106.504305,
              9.710883
            ],
            [
              106.508154,
              9.713541
            ],
            [
              106.509984,
              9.713771
            ],
            [
              106.511425,
              9.713952
            ],
            [
              106.51456,
              9.715629
            ],
            [
              106.520974,
              9.719262
            ],
            [
              106.519964,
              9.716165
            ],
            [
              106.523601,
              9.703039
            ],
            [
              106.522732,
              9.699236
            ],
            [
              106.519299,
              9.694595
            ],
            [
              106.515875,
              9.691789
            ],
            [
              106.51401,
              9.687991
            ],
            [
              106.514707,
              9.685022
            ],
            [
              106.515982,
              9.683886
            ],
            [
              106.520384,
              9.683026
            ],
            [
              106.524937,
              9.683991
            ],
            [
              106.527935,
              9.686799
            ],
            [
              106.530069,
              9.68735
            ],
            [
              106.531902,
              9.684105
            ],
            [
              106.534032,
              9.68367
            ],
            [
              106.537031,
              9.686758
            ],
            [
              106.542163,
              9.690117
            ],
            [
              106.544012,
              9.690398
            ],
            [
              106.559209,
              9.687788
            ],
            [
              106.563764,
              9.689314
            ],
            [
              106.572004,
              9.698576
            ],
            [
              106.571978,
              9.695847
            ],
            [
              106.519936,
              9.583035
            ],
            [
              106.520645,
              9.582752
            ],
            [
              106.522055,
              9.580485
            ],
            [
              106.523895,
              9.578786
            ],
            [
              106.525599,
              9.578354
            ],
            [
              106.527448,
              9.578635
            ],
            [
              106.531013,
              9.581576
            ],
            [
              106.532587,
              9.584109
            ],
            [
              106.53303,
              9.587634
            ],
            [
              106.533892,
              9.589746
            ],
            [
              106.536174,
              9.591851
            ],
            [
              106.536894,
              9.593964
            ],
            [
              106.536342,
              9.597493
            ],
            [
              106.537059,
              9.599036
            ],
            [
              106.536497,
              9.600449
            ],
            [
              106.534657,
              9.601867
            ],
            [
              106.532808,
              9.60174
            ],
            [
              106.530386,
              9.60034
            ],
            [
              106.526669,
              9.595139
            ],
            [
              106.520685,
              9.591639
            ],
            [
              106.516692,
              9.588547
            ],
            [
              106.514402,
              9.58475
            ],
            [
              106.513818,
              9.581226
            ],
            [
              106.514237,
              9.579678
            ],
            [
              106.515511,
              9.578542
            ],
            [
              106.516647,
              9.578538
            ],
            [
              106.51851,
              9.582056
            ],
            [
              106.519936,
              9.583035
            ],
            [
              106.502562,
              9.606384
            ],
            [
              106.50455,
              9.605951
            ],
            [
              106.506101,
              9.603683
            ],
            [
              106.50622,
              9.598041
            ],
            [
              106.509049,
              9.595352
            ],
            [
              106.510758,
              9.59605
            ],
            [
              106.511617,
              9.597737
            ],
            [
              106.51533,
              9.601952
            ],
            [
              106.517183,
              9.60293
            ],
            [
              106.521725,
              9.601644
            ],
            [
              106.525276,
              9.601629
            ],
            [
              106.525706,
              9.602332
            ],
            [
              106.525869,
              9.606843
            ],
            [
              106.527877,
              9.610785
            ],
            [
              106.530447,
              9.613595
            ],
            [
              106.532457,
              9.618098
            ],
            [
              106.532185,
              9.62092
            ],
            [
              106.53007,
              9.624736
            ],
            [
              106.527379,
              9.626583
            ],
            [
              106.524538,
              9.627021
            ],
            [
              106.521122,
              9.625626
            ],
            [
              106.520119,
              9.62393
            ],
            [
              106.519966,
              9.621535
            ],
            [
              106.520798,
              9.616739
            ],
            [
              106.518506,
              9.612662
            ],
            [
              106.517368,
              9.612667
            ],
            [
              106.517092,
              9.614359
            ],
            [
              106.517958,
              9.617176
            ],
            [
              106.517678,
              9.618308
            ],
            [
              106.516545,
              9.619154
            ],
            [
              106.515551,
              9.619158
            ],
            [
              106.51412,
              9.617048
            ],
            [
              106.512674,
              9.611413
            ],
            [
              106.511527,
              9.609302
            ],
            [
              106.509819,
              9.608604
            ],
            [
              106.508689,
              9.61002
            ],
            [
              106.509265,
              9.611708
            ],
            [
              106.511405,
              9.613534
            ],
            [
              106.511411,
              9.614944
            ],
            [
              106.510703,
              9.615653
            ],
            [
              106.503882,
              9.615683
            ],
            [
              106.500336,
              9.617253
            ],
            [
              106.491653,
              9.6139
            ],
            [
              106.488814,
              9.614762
            ],
            [
              106.486683,
              9.614772
            ],
            [
              106.484118,
              9.613372
            ],
            [
              106.484958,
              9.610267
            ],
            [
              106.493034,
              9.60487
            ],
            [
              106.498548,
              9.598499
            ],
            [
              106.499966,
              9.597932
            ],
            [
              106.501957,
              9.598204
            ],
            [
              106.502672,
              9.599187
            ],
            [
              106.501267,
              9.602864
            ],
            [
              106.50185,
              9.605962
            ],
            [
              106.502562,
              9.606384
            ],
            [
              106.460988,
              9.654368
            ],
            [
              106.460991,
              9.655073
            ],
            [
              106.462277,
              9.656479
            ],
            [
              106.459017,
              9.658753
            ],
            [
              106.459883,
              9.661706
            ],
            [
              106.459462,
              9.662983
            ],
            [
              106.456622,
              9.663836
            ],
            [
              106.449478,
              9.654842
            ],
            [
              106.442484,
              9.647818
            ],
            [
              106.440348,
              9.646986
            ],
            [
              106.436224,
              9.646434
            ],
            [
              106.433246,
              9.648137
            ],
            [
              106.430687,
              9.647732
            ],
            [
              106.428833,
              9.646329
            ],
            [
              106.424541,
              9.639574
            ],
            [
              106.421975,
              9.637614
            ],
            [
              106.420831,
              9.636063
            ],
            [
              106.421959,
              9.633662
            ],
            [
              106.424798,
              9.633081
            ],
            [
              106.425364,
              9.632382
            ],
            [
              106.423934,
              9.630408
            ],
            [
              106.409278,
              9.626101
            ],
            [
              106.406436,
              9.626248
            ],
            [
              106.401894,
              9.627541
            ],
            [
              106.399335,
              9.627262
            ],
            [
              106.397056,
              9.62615
            ],
            [
              106.396325,
              9.621216
            ],
            [
              106.394758,
              9.620237
            ],
            [
              106.387656,
              9.621251
            ],
            [
              106.385093,
              9.620276
            ],
            [
              106.382953,
              9.618168
            ],
            [
              106.383231,
              9.616612
            ],
            [
              106.396293,
              9.613313
            ],
            [
              106.397993,
              9.612176
            ],
            [
              106.399839,
              9.611753
            ],
            [
              106.401688,
              9.612161
            ],
            [
              106.408389,
              9.617496
            ],
            [
              106.411084,
              9.616075
            ],
            [
              106.411504,
              9.614527
            ],
            [
              106.412494,
              9.613392
            ],
            [
              106.414198,
              9.61296
            ],
            [
              106.414623,
              9.612678
            ],
            [
              106.416049,
              9.613803
            ],
            [
              106.414783,
              9.616909
            ],
            [
              106.415642,
              9.618741
            ],
            [
              106.418338,
              9.6176
            ],
            [
              106.421598,
              9.615326
            ],
            [
              106.423729,
              9.615317
            ],
            [
              106.428707,
              9.616427
            ],
            [
              106.433123,
              9.618805
            ],
            [
              106.43427,
              9.620916
            ],
            [
              106.43317,
              9.629945
            ],
            [
              106.432187,
              9.63277
            ],
            [
              106.432337,
              9.634605
            ],
            [
              106.433478,
              9.63573
            ],
            [
              106.435463,
              9.634447
            ],
            [
              106.438598,
              9.63627
            ],
            [
              106.439313,
              9.637542
            ],
            [
              106.440308,
              9.637538
            ],
            [
              106.442434,
              9.636118
            ],
            [
              106.443967,
              9.628914
            ],
            [
              106.444957,
              9.62778
            ],
            [
              106.446801,
              9.626931
            ],
            [
              106.455625,
              9.629851
            ],
            [
              106.462748,
              9.633917
            ],
            [
              106.466016,
              9.633758
            ],
            [
              106.470426,
              9.634725
            ],
            [
              106.477133,
              9.641189
            ],
            [
              106.484397,
              9.644684
            ],
            [
              106.482414,
              9.646103
            ],
            [
              106.476301,
              9.645984
            ],
            [
              106.46977,
              9.647278
            ],
            [
              106.460102,
              9.646614
            ],
            [
              106.455414,
              9.647059
            ],
            [
              106.45428,
              9.647769
            ],
            [
              106.454284,
              9.648619
            ],
            [
              106.483422,
              9.649334
            ],
            [
              106.48826,
              9.650308
            ],
            [
              106.496235,
              9.654216
            ],
            [
              106.499516,
              9.657023
            ],
            [
              106.500382,
              9.65984
            ],
            [
              106.496404,
              9.660282
            ],
            [
              106.490006,
              9.659749
            ],
            [
              106.486582,
              9.656655
            ],
            [
              106.481172,
              9.654852
            ],
            [
              106.477902,
              9.654441
            ],
            [
              106.472226,
              9.656581
            ],
            [
              106.469811,
              9.656591
            ],
            [
              106.462832,
              9.653375
            ],
            [
              106.460988,
              9.654368
            ],
            [
              106.400926,
              9.599614
            ],
            [
              106.419274,
              9.603491
            ],
            [
              106.421402,
              9.602777
            ],
            [
              106.424154,
              9.602848
            ],
            [
              106.426235,
              9.602901
            ],
            [
              106.431219,
              9.605277
            ],
            [
              106.436768,
              9.606945
            ],
            [
              106.437361,
              9.606778
            ],
            [
              106.443865,
              9.604944
            ],
            [
              106.446142,
              9.605776
            ],
            [
              106.447572,
              9.607885
            ],
            [
              106.448011,
              9.610849
            ],
            [
              106.449865,
              9.612532
            ],
            [
              106.456404,
              9.61293
            ],
            [
              106.456864,
              9.61289
            ],
            [
              106.463223,
              9.612332
            ],
            [
              106.471046,
              9.613854
            ],
            [
              106.472407,
              9.614683
            ],
            [
              106.474039,
              9.615676
            ],
            [
              106.477179,
              9.619045
            ],
            [
              106.478947,
              9.620149
            ],
            [
              106.480315,
              9.621002
            ],
            [
              106.488001,
              9.623791
            ],
            [
              106.499882,
              9.633888
            ],
            [
              106.500554,
              9.634459
            ],
            [
              106.504854,
              9.642903
            ],
            [
              106.510141,
              9.649083
            ],
            [
              106.512147,
              9.652881
            ],
            [
              106.512585,
              9.655005
            ],
            [
              106.512874,
              9.656404
            ],
            [
              106.512609,
              9.660772
            ],
            [
              106.513626,
              9.665704
            ],
            [
              106.515484,
              9.667957
            ],
            [
              106.517194,
              9.668935
            ],
            [
              106.518339,
              9.670901
            ],
            [
              106.518619,
              9.675376
            ],
            [
              106.518799,
              9.678241
            ],
            [
              106.51767,
              9.680217
            ],
            [
              106.514823,
              9.679099
            ],
            [
              106.513679,
              9.677558
            ],
            [
              106.513235,
              9.673609
            ],
            [
              106.512627,
              9.672768
            ],
            [
              106.508659,
              9.667281
            ],
            [
              106.50936,
              9.665163
            ],
            [
              106.508502,
              9.664319
            ],
            [
              106.506933,
              9.662777
            ],
            [
              106.502945,
              9.660814
            ],
            [
              106.5018,
              9.659129
            ],
            [
              106.500645,
              9.655191
            ],
            [
              106.500427,
              9.655002
            ],
            [
              106.499504,
              9.654202
            ],
            [
              106.492667,
              9.650705
            ],
            [
              106.492471,
              9.650512
            ],
            [
              106.489955,
              9.64804
            ],
            [
              106.48912,
              9.64569
            ],
            [
              106.488803,
              9.6448
            ],
            [
              106.489178,
              9.644276
            ],
            [
              106.48951,
              9.643812
            ],
            [
              106.492444,
              9.644262
            ],
            [
              106.493066,
              9.644356
            ],
            [
              106.49409,
              9.64342
            ],
            [
              106.494764,
              9.642803
            ],
            [
              106.492752,
              9.637595
            ],
            [
              106.490964,
              9.63601
            ],
            [
              106.489898,
              9.635066
            ],
            [
              106.48547,
              9.629868
            ],
            [
              106.477201,
              9.624117
            ],
            [
              106.473695,
              9.622166
            ],
            [
              106.46438,
              9.616983
            ],
            [
              106.455271,
              9.613495
            ],
            [
              106.44959,
              9.614369
            ],
            [
              106.445179,
              9.613113
            ],
            [
              106.445024,
              9.610292
            ],
            [
              106.441906,
              9.610113
            ],
            [
              106.440476,
              9.610031
            ],
            [
              106.437986,
              9.610482
            ],
            [
              106.43011,
              9.611909
            ],
            [
              106.419028,
              9.61266
            ],
            [
              106.39841,
              9.610059
            ],
            [
              106.386469,
              9.608986
            ],
            [
              106.384842,
              9.608184
            ],
            [
              106.382482,
              9.607021
            ],
            [
              106.379915,
              9.604916
            ],
            [
              106.375792,
              9.604371
            ],
            [
              106.373379,
              9.605231
            ],
            [
              106.37041,
              9.608905
            ],
            [
              106.367952,
              9.608871
            ],
            [
              106.362735,
              9.608799
            ],
            [
              106.359737,
              9.607719
            ],
            [
              106.358465,
              9.607261
            ],
            [
              106.350785,
              9.605736
            ],
            [
              106.343251,
              9.605204
            ],
            [
              106.342863,
              9.604951
            ],
            [
              106.342396,
              9.604647
            ],
            [
              106.341154,
              9.604424
            ],
            [
              106.331588,
              9.602708
            ],
            [
              106.32292,
              9.603167
            ],
            [
              106.321918,
              9.602839
            ],
            [
              106.320787,
              9.602469
            ],
            [
              106.31936,
              9.601064
            ],
            [
              106.321592,
              9.600694
            ],
            [
              106.327171,
              9.599769
            ],
            [
              106.33442,
              9.600157
            ],
            [
              106.337977,
              9.601418
            ],
            [
              106.348073,
              9.602645
            ],
            [
              106.357163,
              9.601479
            ],
            [
              106.366406,
              9.602718
            ],
            [
              106.376497,
              9.602958
            ],
            [
              106.390279,
              9.602198
            ],
            [
              106.400926,
              9.599614
            ],
            [
              106.518697,
              9.655528
            ],
            [
              106.511406,
              9.646112
            ],
            [
              106.50982,
              9.640766
            ],
            [
              106.509372,
              9.635831
            ],
            [
              106.510632,
              9.631874
            ],
            [
              106.510199,
              9.630041
            ],
            [
              106.508773,
              9.629061
            ],
            [
              106.506213,
              9.628792
            ],
            [
              106.501813,
              9.629942
            ],
            [
              106.50039,
              9.629658
            ],
            [
              106.49924,
              9.626562
            ],
            [
              106.499503,
              9.621488
            ],
            [
              106.503043,
              9.618788
            ],
            [
              106.505457,
              9.618497
            ],
            [
              106.513313,
              9.627351
            ],
            [
              106.518724,
              9.629868
            ],
            [
              106.521009,
              9.632254
            ],
            [
              106.522156,
              9.634364
            ],
            [
              106.523032,
              9.639713
            ],
            [
              106.523197,
              9.644649
            ],
            [
              106.524211,
              9.649157
            ],
            [
              106.53137,
              9.660834
            ],
            [
              106.53528,
              9.676892
            ],
            [
              106.529457,
              9.677768
            ],
            [
              106.527319,
              9.676648
            ],
            [
              106.524177,
              9.67328
            ],
            [
              106.520338,
              9.672727
            ],
            [
              106.518908,
              9.670898
            ],
            [
              106.518473,
              9.668929
            ],
            [
              106.519861,
              9.66159
            ],
            [
              106.51985,
              9.659049
            ],
            [
              106.518697,
              9.655528
            ],
            [
              106.540909,
              9.633287
            ],
            [
              106.543753,
              9.633563
            ],
            [
              106.546036,
              9.635524
            ],
            [
              106.547613,
              9.638483
            ],
            [
              106.551889,
              9.64142
            ],
            [
              106.558005,
              9.642378
            ],
            [
              106.561711,
              9.644622
            ],
            [
              106.564426,
              9.647711
            ],
            [
              106.565292,
              9.650953
            ],
            [
              106.564593,
              9.653496
            ],
            [
              106.563459,
              9.653918
            ],
            [
              106.560178,
              9.651256
            ],
            [
              106.558172,
              9.647594
            ],
            [
              106.55646,
              9.646336
            ],
            [
              106.555325,
              9.646766
            ],
            [
              106.554059,
              9.649593
            ],
            [
              106.554946,
              9.657202
            ],
            [
              106.554269,
              9.664402
            ],
            [
              106.555585,
              9.672434
            ],
            [
              106.55788,
              9.677071
            ],
            [
              106.558324,
              9.68074
            ],
            [
              106.557766,
              9.683139
            ],
            [
              106.55706,
              9.683992
            ],
            [
              106.555498,
              9.684415
            ],
            [
              106.552795,
              9.684011
            ],
            [
              106.548655,
              9.679934
            ],
            [
              106.5421,
              9.676301
            ],
            [
              106.541799,
              9.672632
            ],
            [
              106.538505,
              9.667005
            ],
            [
              106.537353,
              9.663773
            ],
            [
              106.538742,
              9.656569
            ],
            [
              106.537865,
              9.651356
            ],
            [
              106.534434,
              9.646995
            ],
            [
              106.531138,
              9.640808
            ],
            [
              106.532254,
              9.636146
            ],
            [
              106.540909,
              9.633287
            ],
            [
              106.564647,
              9.66506
            ],
            [
              106.564494,
              9.66252
            ],
            [
              106.564914,
              9.661388
            ],
            [
              106.567755,
              9.66095
            ],
            [
              106.570323,
              9.662919
            ],
            [
              106.572469,
              9.666146
            ],
            [
              106.572562,
              9.686172
            ],
            [
              106.565848,
              9.67887
            ],
            [
              106.564698,
              9.676199
            ],
            [
              106.565399,
              9.673936
            ],
            [
              106.567106,
              9.674208
            ],
            [
              106.570383,
              9.675893
            ],
            [
              106.570662,
              9.674762
            ],
            [
              106.569941,
              9.672649
            ],
            [
              106.566081,
              9.667866
            ],
            [
              106.564647,
              9.66506
            ],
            [
              106.457212,
              9.66849
            ],
            [
              106.462758,
              9.669316
            ],
            [
              106.466595,
              9.66901
            ],
            [
              106.472502,
              9.669443
            ],
            [
              106.475695,
              9.669677
            ],
            [
              106.48274,
              9.671871
            ],
            [
              106.485088,
              9.672602
            ],
            [
              106.499345,
              9.682413
            ],
            [
              106.50376,
              9.684365
            ],
            [
              106.509603,
              9.687865
            ],
            [
              106.512031,
              9.69054
            ],
            [
              106.514612,
              9.695456
            ],
            [
              106.516182,
              9.69686
            ],
            [
              106.519459,
              9.698545
            ],
            [
              106.520006,
              9.699696
            ],
            [
              106.520463,
              9.700657
            ],
            [
              106.520037,
              9.700961
            ],
            [
              106.518479,
              9.702076
            ],
            [
              106.516631,
              9.701939
            ],
            [
              106.509082,
              9.698447
            ],
            [
              106.506371,
              9.696198
            ],
            [
              106.504091,
              9.695087
            ],
            [
              106.498828,
              9.693981
            ],
            [
              106.486871,
              9.690362
            ],
            [
              106.473078,
              9.689011
            ],
            [
              106.471853,
              9.688364
            ],
            [
              106.471226,
              9.688033
            ],
            [
              106.47122,
              9.686686
            ],
            [
              106.471216,
              9.685917
            ],
            [
              106.475332,
              9.684353
            ],
            [
              106.481448,
              9.685313
            ],
            [
              106.489133,
              9.68753
            ],
            [
              106.503656,
              9.692973
            ],
            [
              106.503928,
              9.692914
            ],
            [
              106.505644,
              9.692539
            ],
            [
              106.506912,
              9.690138
            ],
            [
              106.500354,
              9.685655
            ],
            [
              106.496773,
              9.684324
            ],
            [
              106.495086,
              9.683698
            ],
            [
              106.489395,
              9.682312
            ],
            [
              106.480139,
              9.678546
            ],
            [
              106.459072,
              9.671583
            ],
            [
              106.4548,
              9.66963
            ],
            [
              106.445425,
              9.670936
            ],
            [
              106.433625,
              9.670424
            ],
            [
              106.428407,
              9.668522
            ],
            [
              106.426365,
              9.667778
            ],
            [
              106.417968,
              9.665127
            ],
            [
              106.416895,
              9.664992
            ],
            [
              106.414697,
              9.664716
            ],
            [
              106.413837,
              9.662893
            ],
            [
              106.414134,
              9.662397
            ],
            [
              106.41426,
              9.662186
            ],
            [
              106.415974,
              9.661784
            ],
            [
              106.416106,
              9.661753
            ],
            [
              106.424211,
              9.662561
            ],
            [
              106.441564,
              9.665599
            ],
            [
              106.445981,
              9.666084
            ],
            [
              106.453936,
              9.666957
            ],
            [
              106.45601,
              9.667928
            ],
            [
              106.457212,
              9.66849
            ],
            [
              106.54047,
              9.847376
            ],
            [
              106.541602,
              9.846096
            ],
            [
              106.542733,
              9.844825
            ],
            [
              106.545568,
              9.842696
            ],
            [
              106.54812,
              9.840994
            ],
            [
              106.549394,
              9.839858
            ],
            [
              106.549528,
              9.838022
            ],
            [
              106.549523,
              9.837036
            ],
            [
              106.548802,
              9.834924
            ],
            [
              106.547943,
              9.833662
            ],
            [
              106.546938,
              9.831686
            ],
            [
              106.545368,
              9.830283
            ],
            [
              106.543655,
              9.82888
            ],
            [
              106.54251,
              9.82734
            ],
            [
              106.540796,
              9.825512
            ],
            [
              106.536662,
              9.823415
            ],
            [
              106.534522,
              9.822014
            ],
            [
              106.532385,
              9.820894
            ],
            [
              106.530819,
              9.82062
            ],
            [
              106.529114,
              9.820628
            ],
            [
              106.527693,
              9.820915
            ],
            [
              106.526558,
              9.82149
            ],
            [
              106.526132,
              9.821772
            ],
            [
              106.523584,
              9.824324
            ],
            [
              106.523021,
              9.825312
            ],
            [
              106.521185,
              9.828277
            ],
            [
              106.520056,
              9.830117
            ],
            [
              106.519773,
              9.830399
            ],
            [
              106.517094,
              9.835492
            ],
            [
              106.514271,
              9.840162
            ],
            [
              106.51116,
              9.843837
            ],
            [
              106.507766,
              9.848085
            ],
            [
              106.514458,
              9.850025
            ],
            [
              106.518277,
              9.845361
            ],
            [
              106.519824,
              9.841547
            ],
            [
              106.520378,
              9.838434
            ],
            [
              106.527207,
              9.838973
            ],
            [
              106.528352,
              9.840659
            ],
            [
              106.527249,
              9.848141
            ],
            [
              106.527968,
              9.849964
            ],
            [
              106.533952,
              9.852623
            ],
            [
              106.536503,
              9.850351
            ],
            [
              106.539052,
              9.848088
            ],
            [
              106.54047,
              9.847376
            ]
          ]
        ]
      }
    },
    {
      "type": "Feature",
      "properties": {
        "id": 5,
        "name": "Đất xám",
        "name_en": "Grey soil",
        "year": 2015
      },
      "geometry": {
        "type": "Polygon",
        "coordinates": [
          [
            [
              106.314927,
              9.920542
            ],
            [
              106.313503,
              9.919843
            ],
            [
              106.313634,
              9.917021
            ],
            [
              106.315198,
              9.91687
            ],
            [
              106.319904,
              9.919953
            ],
            [
              106.324311,
              9.91923
            ],
            [
              106.326451,
              9.920777
            ],
            [
              106.330155,
              9.922173
            ],
            [
              106.33115,
              9.922025
            ],
            [
              106.330426,
              9.918926
            ],
            [
              106.319033,
              9.915444
            ],
            [
              106.316039,
              9.913765
            ],
            [
              106.312624,
              9.913498
            ],
            [
              106.308644,
              9.914219
            ],
            [
              106.304657,
              9.913385
            ],
            [
              106.30394,
              9.911977
            ],
            [
              106.304076,
              9.910141
            ],
            [
              106.307626,
              9.908581
            ],
            [
              106.307906,
              9.907449
            ],
            [
              106.307331,
              9.906041
            ],
            [
              106.304337,
              9.904081
            ],
            [
              106.30319,
              9.90225
            ],
            [
              106.303757,
              9.901262
            ],
            [
              106.305604,
              9.90111
            ],
            [
              106.30646,
              9.901532
            ],
            [
              106.310178,
              9.906455
            ],
            [
              106.310884,
              9.905177
            ],
            [
              106.310307,
              9.903208
            ],
            [
              106.307452,
              9.900678
            ],
            [
              106.306735,
              9.89927
            ],
            [
              106.307011,
              9.897153
            ],
            [
              106.312143,
              9.899955
            ],
            [
              106.311568,
              9.89813
            ],
            [
              106.302283,
              9.888428
            ],
            [
              106.296556,
              9.878865
            ],
            [
              106.295689,
              9.875342
            ],
            [
              106.295964,
              9.8728
            ],
            [
              106.296671,
              9.871811
            ],
            [
              106.298095,
              9.872086
            ],
            [
              106.301374,
              9.874189
            ],
            [
              106.309093,
              9.883889
            ],
            [
              106.313814,
              9.890788
            ],
            [
              106.319531,
              9.89781
            ],
            [
              106.322955,
              9.900482
            ],
            [
              106.330508,
              9.903834
            ],
            [
              106.330334,
              9.896076
            ],
            [
              106.33089,
              9.892828
            ],
            [
              106.334005,
              9.889434
            ],
            [
              106.337284,
              9.891112
            ],
            [
              106.338849,
              9.891395
            ],
            [
              106.341266,
              9.89096
            ],
            [
              106.342259,
              9.890251
            ],
            [
              106.342534,
              9.887989
            ],
            [
              106.33881,
              9.881656
            ],
            [
              106.337934,
              9.876017
            ],
            [
              106.336215,
              9.872923
            ],
            [
              106.332387,
              9.875904
            ],
            [
              106.32997,
              9.876194
            ],
            [
              106.321131,
              9.870866
            ],
            [
              106.316866,
              9.871453
            ],
            [
              106.311305,
              9.867948
            ],
            [
              106.310158,
              9.865556
            ],
            [
              106.310436,
              9.863719
            ],
            [
              106.312568,
              9.863711
            ],
            [
              106.316989,
              9.866795
            ],
            [
              106.318116,
              9.863825
            ],
            [
              106.321098,
              9.862547
            ],
            [
              106.323923,
              9.85788
            ],
            [
              106.317804,
              9.856918
            ],
            [
              106.317225,
              9.854244
            ],
            [
              106.317647,
              9.853392
            ],
            [
              106.321476,
              9.8507
            ],
            [
              106.319903,
              9.84831
            ],
            [
              106.316619,
              9.845213
            ],
            [
              106.314042,
              9.840575
            ],
            [
              106.308361,
              9.842713
            ],
            [
              106.307941,
              9.844405
            ],
            [
              106.310226,
              9.846937
            ],
            [
              106.31023,
              9.847923
            ],
            [
              106.308529,
              9.84906
            ],
            [
              106.30668,
              9.849203
            ],
            [
              106.300412,
              9.84655
            ],
            [
              106.297006,
              9.848399
            ],
            [
              106.293746,
              9.851368
            ],
            [
              106.288919,
              9.853367
            ],
            [
              106.287061,
              9.851258
            ],
            [
              106.287903,
              9.848145
            ],
            [
              106.282483,
              9.844223
            ],
            [
              106.281624,
              9.842815
            ],
            [
              106.28261,
              9.840271
            ],
            [
              106.284453,
              9.838573
            ],
            [
              106.286008,
              9.836026
            ],
            [
              106.286282,
              9.833348
            ],
            [
              106.284703,
              9.829828
            ],
            [
              106.278138,
              9.82364
            ],
            [
              106.274852,
              9.819565
            ],
            [
              106.274418,
              9.818021
            ],
            [
              106.287062,
              9.814727
            ],
            [
              106.281794,
              9.813056
            ],
            [
              106.283055,
              9.807969
            ],
            [
              106.284043,
              9.805994
            ],
            [
              106.285744,
              9.804713
            ],
            [
              106.289305,
              9.80611
            ],
            [
              106.291023,
              9.809214
            ],
            [
              106.295406,
              9.802705
            ],
            [
              106.298098,
              9.800018
            ],
            [
              106.304906,
              9.79576
            ],
            [
              106.310714,
              9.79023
            ],
            [
              106.315824,
              9.787814
            ],
            [
              106.319378,
              9.78752
            ],
            [
              106.325212,
              9.788628
            ],
            [
              106.333738,
              9.787184
            ],
            [
              106.336576,
              9.785762
            ],
            [
              106.338559,
              9.783783
            ],
            [
              106.339112,
              9.779965
            ],
            [
              106.338673,
              9.77701
            ],
            [
              106.33523,
              9.769265
            ],
            [
              106.333972,
              9.774632
            ],
            [
              106.33469,
              9.776456
            ],
            [
              106.334409,
              9.777162
            ],
            [
              106.332989,
              9.777593
            ],
            [
              106.327415,
              9.770562
            ],
            [
              106.322846,
              9.765787
            ],
            [
              106.320283,
              9.764531
            ],
            [
              106.306623,
              9.762043
            ],
            [
              106.289349,
              9.74377
            ],
            [
              106.285516,
              9.745195
            ],
            [
              106.27783,
              9.743108
            ],
            [
              106.267022,
              9.742443
            ],
            [
              106.270031,
              9.748644
            ],
            [
              106.281579,
              9.75692
            ],
            [
              106.284298,
              9.761422
            ],
            [
              106.283603,
              9.765512
            ],
            [
              106.285607,
              9.768896
            ],
            [
              106.284904,
              9.771014
            ],
            [
              106.283484,
              9.77158
            ],
            [
              106.280633,
              9.769755
            ],
            [
              106.276646,
              9.768224
            ],
            [
              106.274373,
              9.768648
            ],
            [
              106.269979,
              9.772336
            ],
            [
              106.268128,
              9.771638
            ],
            [
              106.264277,
              9.76855
            ],
            [
              106.258853,
              9.763064
            ],
            [
              106.24873,
              9.755487
            ],
            [
              106.245596,
              9.753952
            ],
            [
              106.242181,
              9.753259
            ],
            [
              106.237353,
              9.754968
            ],
            [
              106.231679,
              9.75837
            ],
            [
              106.230258,
              9.758656
            ],
            [
              106.216309,
              9.754619
            ],
            [
              106.214177,
              9.754906
            ],
            [
              106.21205,
              9.756469
            ],
            [
              106.210501,
              9.760843
            ],
            [
              106.214097,
              9.77226
            ],
            [
              106.216376,
              9.773237
            ],
            [
              106.223199,
              9.772652
            ],
            [
              106.22562,
              9.773485
            ],
            [
              106.226475,
              9.774331
            ],
            [
              106.226765,
              9.775741
            ],
            [
              106.221818,
              9.783798
            ],
            [
              106.221827,
              9.786339
            ],
            [
              106.222826,
              9.787321
            ],
            [
              106.22752,
              9.78772
            ],
            [
              106.232207,
              9.785876
            ],
            [
              106.234212,
              9.790101
            ],
            [
              106.237215,
              9.794602
            ],
            [
              106.245035,
              9.794294
            ],
            [
              106.247875,
              9.793288
            ],
            [
              106.250995,
              9.791025
            ],
            [
              106.25127,
              9.788483
            ],
            [
              106.247982,
              9.783838
            ],
            [
              106.248261,
              9.782146
            ],
            [
              106.249254,
              9.781582
            ],
            [
              106.251528,
              9.781574
            ],
            [
              106.255232,
              9.783251
            ],
            [
              106.25766,
              9.786063
            ],
            [
              106.26208,
              9.789004
            ],
            [
              106.26407,
              9.788997
            ],
            [
              106.266339,
              9.787442
            ],
            [
              106.268178,
              9.784894
            ],
            [
              106.271297,
              9.782341
            ],
            [
              106.273711,
              9.781627
            ],
            [
              106.278407,
              9.782459
            ],
            [
              106.282807,
              9.780472
            ],
            [
              106.284512,
              9.78032
            ],
            [
              106.289638,
              9.781992
            ],
            [
              106.291484,
              9.78128
            ],
            [
              106.29701,
              9.776321
            ],
            [
              106.299564,
              9.774901
            ],
            [
              106.303121,
              9.775457
            ],
            [
              106.304284,
              9.781936
            ],
            [
              106.300892,
              9.787311
            ],
            [
              106.29848,
              9.788451
            ],
            [
              106.295352,
              9.788743
            ],
            [
              106.293223,
              9.789882
            ],
            [
              106.292803,
              9.791574
            ],
            [
              106.297223,
              9.794659
            ],
            [
              106.297228,
              9.796069
            ],
            [
              106.296664,
              9.796922
            ],
            [
              106.291978,
              9.798766
            ],
            [
              106.285861,
              9.797948
            ],
            [
              106.268661,
              9.799704
            ],
            [
              106.263407,
              9.801695
            ],
            [
              106.261138,
              9.803394
            ],
            [
              106.258723,
              9.803973
            ],
            [
              106.253741,
              9.802716
            ],
            [
              106.250755,
              9.802727
            ],
            [
              106.24394,
              9.805574
            ],
            [
              106.238802,
              9.800655
            ],
            [
              106.234386,
              9.7987
            ],
            [
              106.230547,
              9.798569
            ],
            [
              106.226145,
              9.800421
            ],
            [
              106.226128,
              9.795773
            ],
            [
              106.217878,
              9.795233
            ],
            [
              106.209766,
              9.793426
            ],
            [
              106.207209,
              9.794005
            ],
            [
              106.204513,
              9.795706
            ],
            [
              106.202391,
              9.79867
            ],
            [
              106.201831,
              9.801213
            ],
            [
              106.199705,
              9.803201
            ],
            [
              106.196156,
              9.80476
            ],
            [
              106.189606,
              9.802531
            ],
            [
              106.185766,
              9.802545
            ],
            [
              106.18306,
              9.801144
            ],
            [
              106.174645,
              9.794255
            ],
            [
              106.167991,
              9.802742
            ],
            [
              106.16559,
              9.807263
            ],
            [
              106.159336,
              9.808134
            ],
            [
              106.155644,
              9.809983
            ],
            [
              106.150836,
              9.817758
            ],
            [
              106.147995,
              9.818608
            ],
            [
              106.133619,
              9.81513
            ],
            [
              106.131055,
              9.813728
            ],
            [
              106.137496,
              9.826122
            ],
            [
              106.143179,
              9.824123
            ],
            [
              106.148448,
              9.82651
            ],
            [
              106.155565,
              9.828033
            ],
            [
              106.159973,
              9.827882
            ],
            [
              106.166224,
              9.82588
            ],
            [
              106.170206,
              9.826011
            ],
            [
              106.173199,
              9.827836
            ],
            [
              106.176345,
              9.832618
            ],
            [
              106.17635,
              9.834164
            ],
            [
              106.175643,
              9.835162
            ],
            [
              106.173938,
              9.835873
            ],
            [
              106.169813,
              9.835462
            ],
            [
              106.168537,
              9.836452
            ],
            [
              106.16854,
              9.837158
            ],
            [
              106.171104,
              9.838559
            ],
            [
              106.171824,
              9.840953
            ],
            [
              106.166286,
              9.843658
            ],
            [
              106.16729,
              9.845762
            ],
            [
              106.164882,
              9.848736
            ],
            [
              106.157926,
              9.852567
            ],
            [
              106.150548,
              9.857955
            ],
            [
              106.146285,
              9.85881
            ],
            [
              106.143728,
              9.859949
            ],
            [
              106.143296,
              9.858115
            ],
            [
              106.144,
              9.856422
            ],
            [
              106.145986,
              9.854869
            ],
            [
              106.146974,
              9.852604
            ],
            [
              106.144834,
              9.85064
            ],
            [
              106.145258,
              9.849509
            ],
            [
              106.147671,
              9.84837
            ],
            [
              106.145534,
              9.847247
            ],
            [
              106.142549,
              9.847827
            ],
            [
              106.137012,
              9.850522
            ],
            [
              106.13418,
              9.854483
            ],
            [
              106.131487,
              9.857169
            ],
            [
              106.134073,
              9.864639
            ],
            [
              106.133381,
              9.87042
            ],
            [
              106.136512,
              9.870699
            ],
            [
              106.139224,
              9.873791
            ],
            [
              106.1388,
              9.874353
            ],
            [
              106.142783,
              9.874765
            ],
            [
              106.147468,
              9.871927
            ],
            [
              106.150014,
              9.867967
            ],
            [
              106.15285,
              9.865425
            ],
            [
              106.156541,
              9.863432
            ],
            [
              106.158248,
              9.863426
            ],
            [
              106.159678,
              9.865402
            ],
            [
              106.159116,
              9.867375
            ],
            [
              106.156986,
              9.868368
            ],
            [
              106.153867,
              9.871481
            ],
            [
              106.149056,
              9.878695
            ],
            [
              106.147951,
              9.888004
            ],
            [
              106.148104,
              9.89125
            ],
            [
              106.149543,
              9.895902
            ],
            [
              106.152406,
              9.901246
            ],
            [
              106.154548,
              9.903644
            ],
            [
              106.164815,
              9.910517
            ],
            [
              106.165392,
              9.912912
            ],
            [
              106.158563,
              9.912791
            ],
            [
              106.157145,
              9.913645
            ],
            [
              106.157579,
              9.91604
            ],
            [
              106.16114,
              9.917439
            ],
            [
              106.161294,
              9.920685
            ],
            [
              106.167401,
              9.917562
            ],
            [
              106.173517,
              9.917676
            ],
            [
              106.17665,
              9.91837
            ],
            [
              106.179647,
              9.921326
            ],
            [
              106.179223,
              9.921752
            ],
            [
              106.170264,
              9.922769
            ],
            [
              106.168278,
              9.924612
            ],
            [
              106.166867,
              9.927574
            ],
            [
              106.166596,
              9.931527
            ],
            [
              106.162158,
              9.923783
            ],
            [
              106.158445,
              9.919709
            ],
            [
              106.157598,
              9.921403
            ],
            [
              106.157473,
              9.926476
            ],
            [
              106.162206,
              9.93732
            ],
            [
              106.161648,
              9.940288
            ],
            [
              106.153712,
              9.949205
            ],
            [
              106.154309,
              9.957097
            ],
            [
              106.15361,
              9.960626
            ],
            [
              106.154045,
              9.962886
            ],
            [
              106.160867,
              9.960746
            ],
            [
              106.169105,
              9.95719
            ],
            [
              106.178068,
              9.95687
            ],
            [
              106.18403,
              9.953186
            ],
            [
              106.184315,
              9.953185
            ],
            [
              106.181596,
              9.948963
            ],
            [
              106.169901,
              9.94082
            ],
            [
              106.166616,
              9.937169
            ],
            [
              106.171595,
              9.937152
            ],
            [
              106.174729,
              9.938127
            ],
            [
              106.181145,
              9.942191
            ],
            [
              106.201138,
              9.962855
            ],
            [
              106.200997,
              9.963281
            ],
            [
              106.203856,
              9.967077
            ],
            [
              106.206723,
              9.972854
            ],
            [
              106.211032,
              9.983835
            ],
            [
              106.213052,
              9.991306
            ],
            [
              106.217754,
              9.993124
            ],
            [
              106.216323,
              9.991149
            ],
            [
              106.21786,
              9.983529
            ],
            [
              106.217428,
              9.981976
            ],
            [
              106.213285,
              9.977478
            ],
            [
              106.211145,
              9.97594
            ],
            [
              106.209858,
              9.974109
            ],
            [
              106.209419,
              9.970864
            ],
            [
              106.210965,
              9.965786
            ],
            [
              106.210958,
              9.96395
            ],
            [
              106.210096,
              9.961557
            ],
            [
              106.20724,
              9.958466
            ],
            [
              106.203817,
              9.956498
            ],
            [
              106.202103,
              9.954668
            ],
            [
              106.20364,
              9.946624
            ],
            [
              106.20191,
              9.940426
            ],
            [
              106.202186,
              9.938174
            ],
            [
              106.203885,
              9.935907
            ],
            [
              106.20758,
              9.935044
            ],
            [
              106.209008,
              9.936449
            ],
            [
              106.209445,
              9.938989
            ],
            [
              106.210873,
              9.940819
            ],
            [
              106.214293,
              9.942073
            ],
            [
              106.216285,
              9.942065
            ],
            [
              106.216595,
              9.949398
            ],
            [
              106.21731,
              9.950101
            ],
            [
              106.219441,
              9.949388
            ],
            [
              106.223266,
              9.945006
            ],
            [
              106.228242,
              9.944138
            ],
            [
              106.231362,
              9.94145
            ],
            [
              106.230914,
              9.935809
            ],
            [
              106.234315,
              9.932414
            ],
            [
              106.237159,
              9.931979
            ],
            [
              106.240151,
              9.933234
            ],
            [
              106.244168,
              9.941963
            ],
            [
              106.247024,
              9.944918
            ],
            [
              106.248876,
              9.945472
            ],
            [
              106.250582,
              9.94533
            ],
            [
              106.253564,
              9.943908
            ],
            [
              106.254568,
              9.94602
            ],
            [
              106.261979,
              9.949374
            ],
            [
              106.261277,
              9.951773
            ],
            [
              106.259311,
              9.958689
            ],
            [
              106.27158,
              9.967251
            ],
            [
              106.270863,
              9.965843
            ],
            [
              106.272139,
              9.964708
            ],
            [
              106.275411,
              9.964551
            ],
            [
              106.276829,
              9.96356
            ],
            [
              106.283762,
              9.953659
            ],
            [
              106.278204,
              9.951148
            ],
            [
              106.278483,
              9.949872
            ],
            [
              106.28317,
              9.947739
            ],
            [
              106.28701,
              9.947443
            ],
            [
              106.289848,
              9.945742
            ],
            [
              106.289131,
              9.944334
            ],
            [
              106.285425,
              9.942377
            ],
            [
              106.281869,
              9.942246
            ],
            [
              106.278602,
              9.943669
            ],
            [
              106.275755,
              9.943535
            ],
            [
              106.272193,
              9.941858
            ],
            [
              106.270342,
              9.941584
            ],
            [
              106.266646,
              9.942304
            ],
            [
              106.266355,
              9.940614
            ],
            [
              106.270178,
              9.935662
            ],
            [
              106.268321,
              9.933978
            ],
            [
              106.267887,
              9.932
            ],
            [
              106.269151,
              9.927627
            ],
            [
              106.267996,
              9.923255
            ],
            [
              106.268119,
              9.918317
            ],
            [
              106.268664,
              9.912112
            ],
            [
              106.270218,
              9.909565
            ],
            [
              106.270476,
              9.90252
            ],
            [
              106.272454,
              9.898841
            ],
            [
              106.274159,
              9.898274
            ],
            [
              106.276012,
              9.899678
            ],
            [
              106.283584,
              9.908104
            ],
            [
              106.289141,
              9.910343
            ],
            [
              106.291138,
              9.911746
            ],
            [
              106.296693,
              9.913696
            ],
            [
              106.310234,
              9.920416
            ],
            [
              106.31382,
              9.928016
            ],
            [
              106.313819,
              9.927735
            ],
            [
              106.315091,
              9.925614
            ],
            [
              106.31864,
              9.924054
            ],
            [
              106.320774,
              9.924181
            ],
            [
              106.322193,
              9.92319
            ],
            [
              106.32219,
              9.922485
            ],
            [
              106.320619,
              9.9208
            ],
            [
              106.318913,
              9.921087
            ],
            [
              106.314927,
              9.920542
            ],
            [
              106.184146,
              9.866438
            ],
            [
              106.182435,
              9.865323
            ],
            [
              106.180728,
              9.865464
            ],
            [
              106.179877,
              9.866173
            ],
            [
              106.177314,
              9.865196
            ],
            [
              106.17929,
              9.860957
            ],
            [
              106.184399,
              9.857838
            ],
            [
              106.185664,
              9.853746
            ],
            [
              106.187081,
              9.852041
            ],
            [
              106.19191,
              9.850052
            ],
            [
              106.19304,
              9.848077
            ],
            [
              106.193166,
              9.843564
            ],
            [
              106.191595,
              9.841454
            ],
            [
              106.187009,
              9.831875
            ],
            [
              106.18129,
              9.823431
            ],
            [
              106.178867,
              9.821884
            ],
            [
              106.174739,
              9.820777
            ],
            [
              106.172174,
              9.819231
            ],
            [
              106.170603,
              9.817401
            ],
            [
              106.170028,
              9.815712
            ],
            [
              106.170592,
              9.814299
            ],
            [
              106.173427,
              9.811893
            ],
            [
              106.179399,
              9.811447
            ],
            [
              106.189923,
              9.811835
            ],
            [
              106.194194,
              9.812951
            ],
            [
              106.198756,
              9.816181
            ],
            [
              106.200892,
              9.816734
            ],
            [
              106.204723,
              9.81446
            ],
            [
              106.208573,
              9.817267
            ],
            [
              106.213558,
              9.81923
            ],
            [
              106.217552,
              9.822598
            ],
            [
              106.220421,
              9.82936
            ],
            [
              106.223667,
              9.82272
            ],
            [
              106.225939,
              9.821582
            ],
            [
              106.230652,
              9.827207
            ],
            [
              106.231792,
              9.827764
            ],
            [
              106.235056,
              9.825916
            ],
            [
              106.237496,
              9.831839
            ],
            [
              106.243026,
              9.827442
            ],
            [
              106.245157,
              9.827009
            ],
            [
              106.246155,
              9.827711
            ],
            [
              106.247018,
              9.830249
            ],
            [
              106.242077,
              9.839997
            ],
            [
              106.238657,
              9.838038
            ],
            [
              106.23653,
              9.839737
            ],
            [
              106.233965,
              9.83848
            ],
            [
              106.232686,
              9.838485
            ],
            [
              106.232263,
              9.839897
            ],
            [
              106.23783,
              9.84523
            ],
            [
              106.240679,
              9.846495
            ],
            [
              106.242672,
              9.846768
            ],
            [
              106.243815,
              9.848174
            ],
            [
              106.243678,
              9.849585
            ],
            [
              106.241545,
              9.849729
            ],
            [
              106.23956,
              9.851572
            ],
            [
              106.236294,
              9.852714
            ],
            [
              106.233302,
              9.851459
            ],
            [
              106.233172,
              9.854561
            ],
            [
              106.235753,
              9.86033
            ],
            [
              106.234765,
              9.86245
            ],
            [
              106.227212,
              9.858526
            ],
            [
              106.214542,
              9.855054
            ],
            [
              106.205426,
              9.851415
            ],
            [
              106.202154,
              9.851146
            ],
            [
              106.199595,
              9.851581
            ],
            [
              106.19151,
              9.857813
            ],
            [
              106.187405,
              9.863325
            ],
            [
              106.184146,
              9.866438
            ],
            [
              106.176953,
              9.883817
            ],
            [
              106.179216,
              9.880137
            ],
            [
              106.184328,
              9.877868
            ],
            [
              106.188437,
              9.873341
            ],
            [
              106.19337,
              9.860763
            ],
            [
              106.195777,
              9.857653
            ],
            [
              106.197905,
              9.856235
            ],
            [
              106.207007,
              9.855922
            ],
            [
              106.210139,
              9.856616
            ],
            [
              106.211281,
              9.857878
            ],
            [
              106.211001,
              9.859289
            ],
            [
              106.2093,
              9.860851
            ],
            [
              106.199362,
              9.865824
            ],
            [
              106.19838,
              9.86949
            ],
            [
              106.202091,
              9.873003
            ],
            [
              106.202096,
              9.874414
            ],
            [
              106.20068,
              9.876254
            ],
            [
              106.200121,
              9.879078
            ],
            [
              106.198422,
              9.881344
            ],
            [
              106.195583,
              9.882765
            ],
            [
              106.191317,
              9.883061
            ],
            [
              106.185198,
              9.882097
            ],
            [
              106.18449,
              9.88322
            ],
            [
              106.18535,
              9.885333
            ],
            [
              106.187489,
              9.886737
            ],
            [
              106.191477,
              9.888278
            ],
            [
              106.192336,
              9.889685
            ],
            [
              106.192061,
              9.891947
            ],
            [
              106.189933,
              9.893781
            ],
            [
              106.188239,
              9.897459
            ],
            [
              106.186111,
              9.899013
            ],
            [
              106.176282,
              9.895104
            ],
            [
              106.172585,
              9.895398
            ],
            [
              106.17116,
              9.894833
            ],
            [
              106.171423,
              9.888629
            ],
            [
              106.173119,
              9.885376
            ],
            [
              106.175103,
              9.883678
            ],
            [
              106.176953,
              9.883817
            ]
          ]
        ]
      }
    }
  ]
}