  0
SECTION
  2
ENTITIES
  0
POLYLINE
  8
0
 66
     1
 10
0.0
 20
0.0
 30
0.0
 70
     1
  0
VERTEX
  8
0
 10
608609.7653000001
 20
1094952.3726000004
 30
1.0
  0
VERTEX
  8
0
 10
608790.4335000003
 20
1095239.7528000008
 30
1.0
  0
VERTEX
  8
0
 10
609163.5761000002
 20
1095160.6526999995
 30
1.0
  0
VERTEX
  8
0
 10
609283.4517000001
 20
1095135.2411000002
 30
1.0
  0
VERTEX
  8
0
 10
610518.2103000004
 20
1095905.6657999996
 30
1.0
  0
VERTEX
  8
0
 10
610844.2154000001
 20
1096019.7778999992
 30
1.0
  0
VERTEX
  8
0
 10
610927.0961999996
 20
1096160.7892000005
 30
1.0
  0
VERTEX
  8
0
 10
611271.4175000004
 20
1096375.6278000008
 30
1.0
  0
VERTEX
  8
0
 10
611338.0652000001
 20
1096738.5000999998
 30
1.0
  0
VERTEX
  8
0
 10
611122.7648000000
 20
1097094.1238000002
 30
1.0
  0
VERTEX
  8
0
 10
611077.3891000003
 20
1097215.4246999994
 30
1.0
  0
VERTEX
  8
0
 10
611522.0595000004
 20
1097549.8841999993
 30
1.0
  0
VERTEX
  8
0
 10
611522.1182000004
 20
1097549.9278999995
 30
1.0
  0
VERTEX
  8
0
 10
611690.5521999998
 20
1097870.9515000004
 30
1.0
  0
VERTEX
  8
0
 10
611843.1146999998
 20
1098161.7249999996
 30
1.0
  0
VERTEX
  8
0
 10
612050.9707000004
 20
1098061.8081999999
 30
1.0
  0
VERTEX
  8
0
 10
612174.2544999998
 20
1097921.0330999997
 30
1.0
  0
VERTEX
  8
0
 10
612573.5872999998
 20
1097810.5854000002
 30
1.0
  0
VERTEX
  8
0
 10
612618.1848999998
 20
1097681.1524000000
 30
1.0
  0
VERTEX
  8
0
 10
612647.0188999996
 20
1097597.4706999995
 30
1.0
  0
VERTEX
  8
0
 10
613169.6014999999
 20
1097575.9529999998
 30
1.0
  0
VERTEX
  8
0
 10
613446.1026999997
 20
1097514.6349000000
 30
1.0
  0
VERTEX
  8
0
 10
613577.7032000003
 20
1097559.1490000002
 30
1.0
  0
VERTEX
  8
0
 10
613780.5779999997
 20
1097550.7954999991
 30
1.0
  0
VERTEX
  8
0
 10
613894.8260000004
 20
1097662.5164999999
 30
1.0
  0
VERTEX
  8
0
 10
613974.7516000001
 20
1098049.6942999996
 30
1.0
  0
VERTEX
  8
0
 10
614276.2817000002
 20
1098187.3138999995
 30
1.0
  0
VERTEX
  8
0
 10
614281.7728000004
 20
1098250.6240999997
 30
1.0
  0
VERTEX
  8
0
 10
614297.2701000003
 20
1098429.3021000009
 30
1.0
  0
VERTEX
  8
0
 10
614640.8399999999
 20
1098762.1560999993
 30
1.0
  0
VERTEX
  8
0
 10
614640.8432999998
 20
1098762.1577000003
 30
1.0
  0
VERTEX
  8
0
 10
615715.0799000002
 20
1099211.7548999991
 30
1.0
  0
VERTEX
  8
0
 10
615745.8778999997
 20
1099528.6638999991
 30
1.0
  0
VERTEX
  8
0
 10
615798.4296000004
 20
1099566.8897999991
 30
1.0
  0
VERTEX
  8
0
 10
615764.4841000000
 20
1099720.1199999992
 30
1.0
  0
VERTEX
  8
0
 10
616490.0872999998
 20
1099588.7152999993
 30
1.0
  0
VERTEX
  8
0
 10
616545.4544000002
 20
1099798.9678000007
 30
1.0
  0
VERTEX
  8
0
 10
616545.4691000003
 20
1099798.9689000007
 30
1.0
  0
VERTEX
  8
0
 10
616763.2133999998
 20
1099809.3875999991
 30
1.0
  0
VERTEX
  8
0
 10
618031.8975999998
 20
1099507.1044999994
 30
1.0
  0
VERTEX
  8
0
 10
619034.0032000002
 20
1101067.0320999995
 30
1.0
  0
VERTEX
  8
0
 10
619737.2900000000
 20
1100580.0500000007
 30
1.0
  0
VERTEX
  8
0
 10
621421.7900000000
 20
1099223.0500000008
 30
1.0
  0
VERTEX
  8
0
 10
623043.9900000002
 20
1097819.0500000007
 30
1.0
  0
VERTEX
  8
0
 10
623730.2900000000
 20
1097148.0500000008
 30
1.0
  0
VERTEX
  8
0
 10
624853.2900000000
 20
1096415.0500000007
 30
1.0
  0
VERTEX
  8
0
 10
625835.9900000002
 20
1096228.0500000008
 30
1.0
  0
VERTEX
  8
0
 10
625867.1900000004
 20
1096384.0500000008
 30
1.0
  0
VERTEX
  8
0
 10
625570.7800000003
 20
1096774.0399999991
 30
1.0
  0
VERTEX
  8
0
 10
624010.9900000002
 20
1097788.0500000007
 30
1.0
  0
VERTEX
  8
0
 10
623340.2900000000
 20
1098443.0500000008
 30
1.0
  0
VERTEX
  8
0
 10
623012.7900000000
 20
1098677.0500000008
 30
1.0
  0
VERTEX
  8
0
 10
622156.2045999998
 20
1099011.6872000005
 30
1.0
  0
VERTEX
  8
0
 10
623489.3627000004
 20
1100589.2323000003
 30
1.0
  0
VERTEX
  8
0
 10
624053.7131000003
 20
1101393.4046999998
 30
1.0
  0
VERTEX
  8
0
 10
624054.9181000004
 20
1101406.8916999996
 30
1.0
  0
VERTEX
  8
0
 10
624061.1673999997
 20
1101414.7335999999
 30
1.0
  0
VERTEX
  8
0
 10
624245.4265999999
 20
1103539.0556000006
 30
1.0
  0
VERTEX
  8
0
 10
623924.6818000004
 20
1104638.9820000008
 30
1.0
  0
VERTEX
  8
0
 10
623925.3196000000
 20
1104640.9598999992
 30
1.0
  0
VERTEX
  8
0
 10
624082.7414999995
 20
1105129.0797000006
 30
1.0
  0
VERTEX
  8
0
 10
624344.0264999997
 20
1105939.5480000004
 30
1.0
  0
VERTEX
  8
0
 10
624345.8849999998
 20
1105945.3125999998
 30
1.0
  0
VERTEX
  8
0
 10
624367.1298000002
 20
1108275.5797000006
 30
1.0
  0
VERTEX
  8
0
 10
626112.3062000005
 20
1107581.9965000004
 30
1.0
  0
VERTEX
  8
0
 10
628440.3307999996
 20
1108098.3314999994
 30
1.0
  0
VERTEX
  8
0
 10
629150.4090000000
 20
1108264.6488000006
 30
1.0
  0
VERTEX
  8
0
 10
630410.0497000003
 20
1108547.6861000005
 30
1.0
  0
VERTEX
  8
0
 10
630731.3315000003
 20
1108433.5012999997
 30
1.0
  0
VERTEX
  8
0
 10
630964.8295999998
 20
1108382.9879000001
 30
1.0
  0
VERTEX
  8
0
 10
630964.8337000003
 20
1108382.9868000001
 30
1.0
  0
VERTEX
  8
0
 10
631350.8962000003
 20
1107314.7651000004
 30
1.0
  0
VERTEX
  8
0
 10
631351.0048000002
 20
1107314.6583999991
 30
1.0
  0
VERTEX
  8
0
 10
631897.2840999998
 20
1106777.9361000005
 30
1.0
  0
VERTEX
  8
0
 10
632002.9187000003
 20
1106706.9229000006
 30
1.0
  0
VERTEX
  8
0
 10
632302.5096000005
 20
1106941.1817000005
 30
1.0
  0
VERTEX
  8
0
 10
632327.8559999997
 20
1106939.3881000001
 30
1.0
  0
VERTEX
  8
0
 10
632293.2900000000
 20
1106663.0500000008
 30
1.0
  0
VERTEX
  8
0
 10
632355.7900000000
 20
1106226.0500000008
 30
1.0
  0
VERTEX
  8
0
 10
632215.3799999999
 20
1105290.0500000008
 30
1.0
  0
VERTEX
  8
0
 10
632043.7900000000
 20
1104776.0500000008
 30
1.0
  0
VERTEX
  8
0
 10
631622.6900000004
 20
1104043.0500000008
 30
1.0
  0
VERTEX
  8
0
 10
631326.2800000003
 20
1103341.0500000007
 30
1.0
  0
VERTEX
  8
0
 10
631014.2900000000
 20
1102951.0500000008
 30
1.0
  0
VERTEX
  8
0
 10
630671.1900000004
 20
1102452.0500000008
 30
1.0
  0
VERTEX
  8
0
 10
630421.6900000004
 20
1102218.0500000007
 30
1.0
  0
VERTEX
  8
0
 10
630031.6900000004
 20
1101126.0500000008
 30
1.0
  0
VERTEX
  8
0
 10
629626.1900000004
 20
1100580.0500000007
 30
1.0
  0
VERTEX
  8
0
 10
629594.9900000002
 20
1100580.0500000007
 30
1.0
  0
VERTEX
  8
0
 10
628939.8899999997
 20
1100985.0500000008
 30
1.0
  0
VERTEX
  8
0
 10
627957.1900000004
 20
1101017.0500000007
 30
1.0
  0
VERTEX
  8
0
 10
627052.5899999999
 20
1101407.0500000008
 30
1.0
  0
VERTEX
  8
0
 10
626303.8899999997
 20
1101641.0500000008
 30
1.0
  0
VERTEX
  8
0
 10
626257.0899999999
 20
1101391.0500000008
 30
1.0
  0
VERTEX
  8
0
 10
626335.0899999999
 20
1101001.0500000008
 30
1.0
  0
VERTEX
  8
0
 10
626272.6900000004
 20
1100128.0500000008
 30
1.0
  0
VERTEX
  8
0
 10
627146.1900000004
 20
1099145.0500000008
 30
1.0
  0
VERTEX
  8
0
 10
627208.4900000002
 20
1098817.0500000008
 30
1.0
  0
VERTEX
  8
0
 10
626693.7900000000
 20
1097616.0500000008
 30
1.0
  0
VERTEX
  8
0
 10
626709.3899999997
 20
1097055.0500000008
 30
1.0
  0
VERTEX
  8
0
 10
626802.9900000002
 20
1096868.0500000008
 30
1.0
  0
VERTEX
  8
0
 10
627208.4900000002
 20
1097320.0500000007
 30
1.0
  0
VERTEX
  8
0
 10
627692.0899999999
 20
1098178.0500000008
 30
1.0
  0
VERTEX
  8
0
 10
627723.2900000000
 20
1097741.0500000008
 30
1.0
  0
VERTEX
  8
0
 10
627879.1900000004
 20
1097414.0500000007
 30
1.0
  0
VERTEX
  8
0
 10
628097.5899999999
 20
1097211.0500000008
 30
1.0
  0
VERTEX
  8
0
 10
629080.2900000000
 20
1097102.0500000007
 30
1.0
  0
VERTEX
  8
0
 10
629126.9900000002
 20
1097055.0500000008
 30
1.0
  0
VERTEX
  8
0
 10
628799.4900000002
 20
1096727.0500000007
 30
1.0
  0
VERTEX
  8
0
 10
628456.2900000000
 20
1096649.0500000008
 30
1.0
  0
VERTEX
  8
0
 10
627785.6900000004
 20
1096634.0500000008
 30
1.0
  0
VERTEX
  8
0
 10
627114.9900000002
 20
1096977.0500000007
 30
1.0
  0
VERTEX
  8
0
 10
627099.2900000000
 20
1096618.0500000008
 30
1.0
  0
VERTEX
  8
0
 10
626709.3899999997
 20
1096462.0500000008
 30
1.0
  0
VERTEX
  8
0
 10
626662.6900000004
 20
1096197.0500000008
 30
1.0
  0
VERTEX
  8
0
 10
626818.5899999999
 20
1096103.0500000008
 30
1.0
  0
VERTEX
  8
0
 10
627567.2800000003
 20
1096119.0500000008
 30
1.0
  0
VERTEX
  8
0
 10
627504.8899999997
 20
1095854.0500000008
 30
1.0
  0
VERTEX
  8
0
 10
626381.7900000000
 20
1095090.0500000007
 30
1.0
  0
VERTEX
  8
0
 10
626147.8899999997
 20
1094824.0500000008
 30
1.0
  0
VERTEX
  8
0
 10
625835.9900000002
 20
1094232.0500000008
 30
1.0
  0
VERTEX
  8
0
 10
625679.9900000002
 20
1093717.0500000008
 30
1.0
  0
VERTEX
  8
0
 10
625664.3899999997
 20
1093358.0500000008
 30
1.0
  0
VERTEX
  8
0
 10
625789.1900000004
 20
1092329.0500000007
 30
1.0
  0
VERTEX
  8
0
 10
626319.4900000002
 20
1091533.0500000008
 30
1.0
  0
VERTEX
  8
0
 10
626662.6900000004
 20
1091190.0500000008
 30
1.0
  0
VERTEX
  8
0
 10
626896.5800000001
 20
1091081.0500000008
 30
1.0
  0
VERTEX
  8
0
 10
626958.9900000002
 20
1090863.0500000008
 30
1.0
  0
VERTEX
  8
0
 10
626802.9900000002
 20
1090644.0500000008
 30
1.0
  0
VERTEX
  8
0
 10
626615.7900000000
 20
1090644.0500000008
 30
1.0
  0
VERTEX
  8
0
 10
626210.2900000000
 20
1090863.0500000008
 30
1.0
  0
VERTEX
  8
0
 10
625898.2800000003
 20
1091143.0500000008
 30
1.0
  0
VERTEX
  8
0
 10
625617.5899999999
 20
1091580.0500000007
 30
1.0
  0
VERTEX
  8
0
 10
625102.7900000000
 20
1091892.0500000007
 30
1.0
  0
VERTEX
  8
0
 10
624666.1900000004
 20
1091845.0500000008
 30
1.0
  0
VERTEX
  8
0
 10
624712.8899999997
 20
1091783.0500000008
 30
1.0
  0
VERTEX
  8
0
 10
624416.5899999999
 20
1091440.0500000008
 30
1.0
  0
VERTEX
  8
0
 10
624073.3899999997
 20
1091408.0500000008
 30
1.0
  0
VERTEX
  8
0
 10
624151.3899999997
 20
1090769.0500000008
 30
1.0
  0
VERTEX
  8
0
 10
623870.6900000004
 20
1089942.0500000007
 30
1.0
  0
VERTEX
  8
0
 10
622856.7900000000
 20
1089256.0500000007
 30
1.0
  0
VERTEX
  8
0
 10
622825.5899999999
 20
1089256.0500000007
 30
1.0
  0
VERTEX
  8
0
 10
622373.2900000000
 20
1089225.0500000008
 30
1.0
  0
VERTEX
  8
0
 10
621905.2900000000
 20
1089209.0500000008
 30
1.0
  0
VERTEX
  8
0
 10
621234.6900000004
 20
1088882.0500000008
 30
1.0
  0
VERTEX
  8
0
 10
620797.8899999997
 20
1088928.0500000008
 30
1.0
  0
VERTEX
  8
0
 10
620517.1900000004
 20
1088866.0500000008
 30
1.0
  0
VERTEX
  8
0
 10
620205.1900000004
 20
1088710.0500000008
 30
1.0
  0
VERTEX
  8
0
 10
620080.4900000002
 20
1088507.0500000008
 30
1.0
  0
VERTEX
  8
0
 10
620033.6900000004
 20
1088289.0500000008
 30
1.0
  0
VERTEX
  8
0
 10
619784.0899999999
 20
1088336.0500000007
 30
1.0
  0
VERTEX
  8
0
 10
619347.2900000000
 20
1088211.0500000007
 30
1.0
  0
VERTEX
  8
0
 10
619035.3899999997
 20
1088024.0500000007
 30
1.0
  0
VERTEX
  8
0
 10
618894.9900000002
 20
1087727.0500000008
 30
1.0
  0
VERTEX
  8
0
 10
618208.6900000004
 20
1088055.0500000007
 30
1.0
  0
VERTEX
  8
0
 10
617881.1900000004
 20
1088102.0500000008
 30
1.0
  0
VERTEX
  8
0
 10
617771.9900000002
 20
1088305.0500000007
 30
1.0
  0
VERTEX
  8
0
 10
617943.5800000001
 20
1088539.0500000008
 30
1.0
  0
VERTEX
  8
0
 10
617990.2900000000
 20
1088866.0500000008
 30
1.0
  0
VERTEX
  8
0
 10
617943.5800000001
 20
1089022.0500000008
 30
1.0
  0
VERTEX
  8
0
 10
617678.3899999997
 20
1089178.0500000008
 30
1.0
  0
VERTEX
  8
0
 10
617506.7900000000
 20
1089584.0500000008
 30
1.0
  0
VERTEX
  8
0
 10
617943.5800000001
 20
1089615.0500000008
 30
1.0
  0
VERTEX
  8
0
 10
618130.6900000004
 20
1089693.0500000007
 30
1.0
  0
VERTEX
  8
0
 10
618177.4900000002
 20
1089927.0500000008
 30
1.0
  0
VERTEX
  8
0
 10
618068.2900000000
 20
1090176.0500000008
 30
1.0
  0
VERTEX
  8
0
 10
618068.2900000000
 20
1090410.0500000007
 30
1.0
  0
VERTEX
  8
0
 10
618317.8899999997
 20
1090722.0500000008
 30
1.0
  0
VERTEX
  8
0
 10
618146.2900000000
 20
1091237.0500000008
 30
1.0
  0
VERTEX
  8
0
 10
617959.1900000004
 20
1091596.0500000008
 30
1.0
  0
VERTEX
  8
0
 10
617959.1900000004
 20
1091798.0500000007
 30
1.0
  0
VERTEX
  8
0
 10
618208.6900000004
 20
1091814.0500000008
 30
1.0
  0
VERTEX
  8
0
 10
618349.0899999999
 20
1091752.0500000008
 30
1.0
  0
VERTEX
  8
0
 10
619253.7900000000
 20
1091861.0399999991
 30
1.0
  0
VERTEX
  8
0
 10
620173.9900000002
 20
1091611.0500000007
 30
1.0
  0
VERTEX
  8
0
 10
621593.3799999999
 20
1091923.0500000007
 30
1.0
  0
VERTEX
  8
0
 10
622295.2900000000
 20
1091923.0500000007
 30
1.0
  0
VERTEX
  8
0
 10
622700.7900000000
 20
1092079.0500000007
 30
1.0
  0
VERTEX
  8
0
 10
623309.1900000004
 20
1092173.0500000007
 30
1.0
  0
VERTEX
  8
0
 10
623699.0800000001
 20
1092609.0500000007
 30
1.0
  0
VERTEX
  8
0
 10
623340.2900000000
 20
1093452.0500000007
 30
1.0
  0
VERTEX
  8
0
 10
623309.1900000004
 20
1093811.0500000008
 30
1.0
  0
VERTEX
  8
0
 10
623527.4900000002
 20
1094715.0500000007
 30
1.0
  0
VERTEX
  8
0
 10
622919.1799999997
 20
1095043.0500000008
 30
1.0
  0
VERTEX
  8
0
 10
622388.8899999997
 20
1095090.0500000007
 30
1.0
  0
VERTEX
  8
0
 10
622092.4900000002
 20
1095308.0500000007
 30
1.0
  0
VERTEX
  8
0
 10
621562.1900000004
 20
1095994.0500000008
 30
1.0
  0
VERTEX
  8
0
 10
621452.9900000002
 20
1096291.0500000008
 30
1.0
  0
VERTEX
  8
0
 10
621390.6900000004
 20
1097226.0500000007
 30
1.0
  0
VERTEX
  8
0
 10
621250.2900000000
 20
1097741.0500000008
 30
1.0
  0
VERTEX
  8
0
 10
620953.8899999997
 20
1098147.0500000008
 30
1.0
  0
VERTEX
  8
0
 10
620782.2900000000
 20
1098006.0500000008
 30
1.0
  0
VERTEX
  8
0
 10
620626.2900000000
 20
1097585.0500000008
 30
1.0
  0
VERTEX
  8
0
 10
620314.3899999997
 20
1097616.0500000008
 30
1.0
  0
VERTEX
  8
0
 10
620033.6900000004
 20
1097351.0500000007
 30
1.0
  0
VERTEX
  8
0
 10
620002.4900000002
 20
1096634.0500000008
 30
1.0
  0
VERTEX
  8
0
 10
619690.4900000002
 20
1096493.0500000008
 30
1.0
  0
VERTEX
  8
0
 10
619128.9900000002
 20
1096509.0500000008
 30
1.0
  0
VERTEX
  8
0
 10
618972.9900000002
 20
1096447.0500000008
 30
1.0
  0
VERTEX
  8
0
 10
617210.4900000002
 20
1094637.0500000008
 30
1.0
  0
VERTEX
  8
0
 10
616695.7900000000
 20
1094341.0500000007
 30
1.0
  0
VERTEX
  8
0
 10
616430.5899999999
 20
1094341.0500000007
 30
1.0
  0
VERTEX
  8
0
 10
616196.6900000004
 20
1093764.0500000008
 30
1.0
  0
VERTEX
  8
0
 10
615369.9900000002
 20
1093888.0500000008
 30
1.0
  0
VERTEX
  8
0
 10
615057.9800000004
 20
1093639.0500000008
 30
1.0
  0
VERTEX
  8
0
 10
614995.5899999999
 20
1093155.0500000008
 30
1.0
  0
VERTEX
  8
0
 10
614917.6900000004
 20
1092968.0500000008
 30
1.0
  0
VERTEX
  8
0
 10
614714.7900000000
 20
1092843.0399999991
 30
1.0
  0
VERTEX
  8
0
 10
613997.3899999997
 20
1092797.0500000007
 30
1.0
  0
VERTEX
  8
0
 10
613529.4900000002
 20
1092578.0500000007
 30
1.0
  0
VERTEX
  8
0
 10
613420.2900000000
 20
1092048.0500000007
 30
1.0
  0
VERTEX
  8
0
 10
613498.2900000000
 20
1091299.0500000007
 30
1.0
  0
VERTEX
  8
0
 10
613404.6799999997
 20
1091190.0500000008
 30
1.0
  0
VERTEX
  8
0
 10
613014.6900000004
 20
1091003.0500000008
 30
1.0
  0
VERTEX
  8
0
 10
611657.6900000004
 20
1091003.0500000008
 30
1.0
  0
VERTEX
  8
0
 10
611657.6900000004
 20
1090660.0500000007
 30
1.0
  0
VERTEX
  8
0
 10
611891.6900000004
 20
1090395.0500000008
 30
1.0
  0
VERTEX
  8
0
 10
612468.7900000000
 20
1089989.0500000008
 30
1.0
  0
VERTEX
  8
0
 10
613295.4800000004
 20
1089303.0500000008
 30
1.0
  0
VERTEX
  8
0
 10
613295.4800000004
 20
1088866.0500000008
 30
1.0
  0
VERTEX
  8
0
 10
613295.4800000004
 20
1088835.0500000008
 30
1.0
  0
VERTEX
  8
0
 10
612952.2800000003
 20
1089038.0500000008
 30
1.0
  0
VERTEX
  8
0
 10
612546.7900000000
 20
1089131.0500000007
 30
1.0
  0
VERTEX
  8
0
 10
612047.6900000004
 20
1089162.0500000007
 30
1.0
  0
VERTEX
  8
0
 10
611938.4900000002
 20
1089116.0500000008
 30
1.0
  0
VERTEX
  8
0
 10
611501.7900000000
 20
1089630.0500000007
 30
1.0
  0
VERTEX
  8
0
 10
611158.5899999999
 20
1090036.0500000007
 30
1.0
  0
VERTEX
  8
0
 10
610784.2900000000
 20
1090629.0500000007
 30
1.0
  0
VERTEX
  8
0
 10
610706.2900000000
 20
1090738.0500000008
 30
1.0
  0
VERTEX
  8
0
 10
610565.8899999997
 20
1090909.0500000008
 30
1.0
  0
VERTEX
  8
0
 10
610550.2900000000
 20
1090972.0500000007
 30
1.0
  0
VERTEX
  8
0
 10
610487.8899999997
 20
1091034.0500000008
 30
1.0
  0
VERTEX
  8
0
 10
610441.0899999999
 20
1091143.0500000008
 30
1.0
  0
VERTEX
  8
0
 10
610394.2900000000
 20
1091253.0500000007
 30
1.0
  0
VERTEX
  8
0
 10
610347.4900000002
 20
1091346.0500000008
 30
1.0
  0
VERTEX
  8
0
 10
610347.4900000002
 20
1091377.0500000008
 30
1.0
  0
VERTEX
  8
0
 10
610269.4900000002
 20
1091533.0500000008
 30
1.0
  0
VERTEX
  8
0
 10
610207.1900000004
 20
1091658.0500000008
 30
1.0
  0
VERTEX
  8
0
 10
610191.4800000004
 20
1091814.0500000008
 30
1.0
  0
VERTEX
  8
0
 10
610129.1900000004
 20
1091908.0500000008
 30
1.0
  0
VERTEX
  8
0
 10
610113.5899999999
 20
1092017.0500000007
 30
1.0
  0
VERTEX
  8
0
 10
610082.3899999997
 20
1092095.0500000008
 30
1.0
  0
VERTEX
  8
0
 10
610051.1900000004
 20
1092095.0500000008
 30
1.0
  0
VERTEX
  8
0
 10
609973.1799999997
 20
1092266.0500000007
 30
1.0
  0
VERTEX
  8
0
 10
609957.5899999999
 20
1092391.0500000007
 30
1.0
  0
VERTEX
  8
0
 10
609879.5899999999
 20
1092547.0500000007
 30
1.0
  0
VERTEX
  8
0
 10
609879.5899999999
 20
1092578.0500000007
 30
1.0
  0
VERTEX
  8
0
 10
609848.3899999997
 20
1092656.0500000008
 30
1.0
  0
VERTEX
  8
0
 10
609817.1900000004
 20
1092703.0500000007
 30
1.0
  0
VERTEX
  8
0
 10
609692.3899999997
 20
1092968.0500000008
 30
1.0
  0
VERTEX
  8
0
 10
609676.7900000000
 20
1093015.0500000007
 30
1.0
  0
VERTEX
  8
0
 10
609645.6799999997
 20
1093062.0500000008
 30
1.0
  0
VERTEX
  8
0
 10
609614.4900000002
 20
1093093.0500000008
 30
1.0
  0
VERTEX
  8
0
 10
609333.6900000004
 20
1093655.0500000008
 30
1.0
  0
VERTEX
  8
0
 10
609208.8899999997
 20
1093779.0500000007
 30
1.0
  0
VERTEX
  8
0
 10
609146.4900000002
 20
1093888.0500000008
 30
1.0
  0
VERTEX
  8
0
 10
609130.8899999997
 20
1093935.0500000007
 30
1.0
  0
VERTEX
  8
0
 10
609099.6900000004
 20
1093982.0500000008
 30
1.0
  0
VERTEX
  8
0
 10
609006.1900000004
 20
1094091.0500000007
 30
1.0
  0
VERTEX
  8
0
 10
608928.1900000004
 20
1094216.0500000007
 30
1.0
  0
VERTEX
  8
0
 10
608850.1900000004
 20
1094325.0500000008
 30
1.0
  0
VERTEX
  8
0
 10
608709.7900000000
 20
1094450.0500000008
 30
1.0
  0
VERTEX
  8
0
 10
608631.7900000000
 20
1094544.0500000008
 30
1.0
  0
VERTEX
  8
0
 10
608553.7900000000
 20
1094606.0500000008
 30
1.0
  0
VERTEX
  8
0
 10
608382.1900000004
 20
1094824.0500000008
 30
1.0
  0
VERTEX
  8
0
 10
608374.7225000001
 20
1094831.5271000005
 30
1.0
  0
VERTEX
  8
0
 10
608436.4501000000
 20
1094892.1432000008
 30
1.0
  0
VERTEX
  8
0
 10
608609.7653000001
 20
1094952.3726000004
 30
1.0
  0
VERTEX
  8
0
 10
611829.2900000000
 20
1093530.0500000008
 30
1.0
  0
VERTEX
  8
0
 10
611688.8899999997
 20
1093015.0500000007
 30
1.0
  0
VERTEX
  8
0
 10
611985.2900000000
 20
1092547.0500000007
 30
1.0
  0
VERTEX
  8
0
 10
612110.0899999999
 20
1092500.0500000008
 30
1.0
  0
VERTEX
  8
0
 10
612593.5899999999
 20
1093077.0500000008
 30
1.0
  0
VERTEX
  8
0
 10
612577.9900000002
 20
1093467.0500000008
 30
1.0
  0
VERTEX
  8
0
 10
612702.7900000000
 20
1093795.0500000008
 30
1.0
  0
VERTEX
  8
0
 10
612983.4900000002
 20
1094200.0500000008
 30
1.0
  0
VERTEX
  8
0
 10
612983.4900000002
 20
1094497.0500000007
 30
1.0
  0
VERTEX
  8
0
 10
612921.1900000004
 20
1094528.0500000007
 30
1.0
  0
VERTEX
  8
0
 10
612671.5899999999
 20
1094466.0500000008
 30
1.0
  0
VERTEX
  8
0
 10
612297.1799999997
 20
1093873.0500000008
 30
1.0
  0
VERTEX
  8
0
 10
612063.2900000000
 20
1093655.0500000008
 30
1.0
  0
VERTEX
  8
0
 10
611829.2900000000
 20
1093530.0500000008
 30
1.0
  0
VERTEX
  8
0
 10
633122.3443000000
 20
1107267.5714999996
 30
1.0
  0
VERTEX
  8
0
 10
633855.7758999998
 20
1107268.5956999995
 30
1.0
  0
VERTEX
  8
0
 10
633855.7816000003
 20
1107268.6039000005
 30
1.0
  0
VERTEX
  8
0
 10
633992.8898000000
 20
1107451.6196999997
 30
1.0
  0
VERTEX
  8
0
 10
634162.4837999996
 20
1107641.0253999997
 30
1.0
  0
VERTEX
  8
0
 10
634639.7626000000
 20
1107841.4494000003
 30
1.0
  0
VERTEX
  8
0
 10
634841.0850000000
 20
1108050.8687999994
 30
1.0
  0
VERTEX
  8
0
 10
634898.1900000004
 20
1107942.0500000008
 30
1.0
  0
VERTEX
  8
0
 10
634601.7900000000
 20
1107162.0500000008
 30
1.0
  0
VERTEX
  8
0
 10
634320.9900000002
 20
1106725.0500000008
 30
1.0
  0
VERTEX
  8
0
 10
634352.1900000004
 20
1106523.0500000008
 30
1.0
  0
VERTEX
  8
0
 10
634430.1900000004
 20
1106476.0500000008
 30
1.0
  0
VERTEX
  8
0
 10
634710.9900000002
 20
1106507.0500000008
 30
1.0
  0
VERTEX
  8
0
 10
634913.7900000000
 20
1106679.0500000008
 30
1.0
  0
VERTEX
  8
0
 10
635444.0899999999
 20
1107630.0500000008
 30
1.0
  0
VERTEX
  8
0
 10
635646.7900000000
 20
1107864.0500000007
 30
1.0
  0
VERTEX
  8
0
 10
635724.7900000000
 20
1108067.0500000008
 30
1.0
  0
VERTEX
  8
0
 10
635927.5899999999
 20
1110328.0500000008
 30
1.0
  0
VERTEX
  8
0
 10
636192.7900000000
 20
1111155.0500000008
 30
1.0
  0
VERTEX
  8
0
 10
636489.0899999999
 20
1110890.0500000008
 30
1.0
  0
VERTEX
  8
0
 10
636629.4900000002
 20
1110453.0500000008
 30
1.0
  0
VERTEX
  8
0
 10
636769.8899999997
 20
1109393.0500000008
 30
1.0
  0
VERTEX
  8
0
 10
636910.2900000000
 20
1109190.0500000008
 30
1.0
  0
VERTEX
  8
0
 10
637502.9900000002
 20
1109159.0500000008
 30
1.0
  0
VERTEX
  8
0
 10
638173.6900000004
 20
1108987.0500000008
 30
1.0
  0
VERTEX
  8
0
 10
638469.9900000002
 20
1108737.0500000008
 30
1.0
  0
VERTEX
  8
0
 10
638594.7900000000
 20
1108332.0500000008
 30
1.0
  0
VERTEX
  8
0
 10
639031.4900000002
 20
1109112.0500000008
 30
1.0
  0
VERTEX
  8
0
 10
640029.7900000000
 20
1109268.0500000008
 30
1.0
  0
VERTEX
  8
0
 10
640497.6900000004
 20
1109268.0500000008
 30
1.0
  0
VERTEX
  8
0
 10
640622.4800000004
 20
1109143.0500000008
 30
1.0
  0
VERTEX
  8
0
 10
641027.9900000002
 20
1107973.0500000008
 30
1.0
  0
VERTEX
  8
0
 10
641495.9900000002
 20
1107677.0500000007
 30
1.0
  0
VERTEX
  8
0
 10
641807.8899999997
 20
1107552.0500000007
 30
1.0
  0
VERTEX
  8
0
 10
641948.2800000003
 20
1107583.0500000007
 30
1.0
  0
VERTEX
  8
0
 10
642228.9900000002
 20
1107770.0500000008
 30
1.0
  0
VERTEX
  8
0
 10
642525.3899999997
 20
1108425.0500000008
 30
1.0
  0
VERTEX
  8
0
 10
643024.4900000002
 20
1107942.0500000008
 30
1.0
  0
VERTEX
  8
0
 10
643305.2900000000
 20
1107614.0500000007
 30
1.0
  0
VERTEX
  8
0
 10
643663.9900000002
 20
1107224.0500000008
 30
1.0
  0
VERTEX
  8
0
 10
644069.4900000002
 20
1106819.0500000008
 30
1.0
  0
VERTEX
  8
0
 10
644334.6900000004
 20
1106616.0500000007
 30
1.0
  0
VERTEX
  8
0
 10
644802.6900000004
 20
1106195.0500000008
 30
1.0
  0
VERTEX
  8
0
 10
645114.5899999999
 20
1105945.0500000008
 30
1.0
  0
VERTEX
  8
0
 10
645410.9900000002
 20
1105633.0500000008
 30
1.0
  0
VERTEX
  8
0
 10
645925.6900000004
 20
1105306.0500000008
 30
1.0
  0
VERTEX
  8
0
 10
646455.9900000002
 20
1104791.0500000007
 30
1.0
  0
VERTEX
  8
0
 10
646752.2900000000
 20
1104464.0500000008
 30
1.0
  0
VERTEX
  8
0
 10
647111.0899999999
 20
1104121.0500000008
 30
1.0
  0
VERTEX
  8
0
 10
647422.9900000002
 20
1103840.0500000008
 30
1.0
  0
VERTEX
  8
0
 10
647688.1900000004
 20
1103543.0500000008
 30
1.0
  0
VERTEX
  8
0
 10
647937.7900000000
 20
1103278.0500000008
 30
1.0
  0
VERTEX
  8
0
 10
648280.8899999997
 20
1102982.0500000008
 30
1.0
  0
VERTEX
  8
0
 10
648514.7900000000
 20
1102717.0500000007
 30
1.0
  0
VERTEX
  8
0
 10
648592.7900000000
 20
1102670.0500000008
 30
1.0
  0
VERTEX
  8
0
 10
648842.3899999997
 20
1102420.0500000008
 30
1.0
  0
VERTEX
  8
0
 10
649029.5800000001
 20
1102264.0500000008
 30
1.0
  0
VERTEX
  8
0
 10
649201.1900000004
 20
1102140.0500000008
 30
1.0
  0
VERTEX
  8
0
 10
649341.4900000002
 20
1102062.0500000007
 30
1.0
  0
VERTEX
  8
0
 10
649497.4900000002
 20
1101952.0500000008
 30
1.0
  0
VERTEX
  8
0
 10
649622.2900000000
 20
1101843.0500000007
 30
1.0
  0
VERTEX
  8
0
 10
649622.2873999998
 20
1101842.9930000007
 30
1.0
  0
VERTEX
  8
0
 10
659433.1699999999
 20
1092126.0199999996
 30
1.0
  0
VERTEX
  8
0
 10
660213.0499999998
 20
1090395.0099999998
 30
1.0
  0
VERTEX
  8
0
 10
660150.6699999999
 20
1090036.0700000003
 30
1.0
  0
VERTEX
  8
0
 10
660181.9100000001
 20
1089615.0399999991
 30
1.0
  0
VERTEX
  8
0
 10
660400.2000000002
 20
1089131.0199999996
 30
1.0
  0
VERTEX
  8
0
 10
660680.9699999997
 20
1088757.0999999996
 30
1.0
  0
VERTEX
  8
0
 10
660868.1699999999
 20
1088289.0899999999
 30
1.0
  0
VERTEX
  8
0
 10
660930.6100000003
 20
1087883.0199999996
 30
1.0
  0
VERTEX
  8
0
 10
661071.0099999998
 20
1087556.0399999991
 30
1.0
  0
VERTEX
  8
0
 10
661523.2999999998
 20
1086994.0800000001
 30
1.0
  0
VERTEX
  8
0
 10
662147.1799999997
 20
1086651.0899999999
 30
1.0
  0
VERTEX
  8
0
 10
662178.2800000003
 20
1086464.0899999999
 30
1.0
  0
VERTEX
  8
0
 10
662334.2999999998
 20
1086183.0800000001
 30
1.0
  0
VERTEX
  8
0
 10
663254.6299999999
 20
1085435.0700000003
 30
1.0
  0
VERTEX
  8
0
 10
663316.9699999997
 20
1085154.0899999999
 30
1.0
  0
VERTEX
  8
0
 10
663004.9500000002
 20
1085091.0999999996
 30
1.0
  0
VERTEX
  8
0
 10
662802.3099999996
 20
1085123.0600000005
 30
1.0
  0
VERTEX
  8
0
 10
662225.1500000004
 20
1085435.0600000005
 30
1.0
  0
VERTEX
  8
0
 10
662116.0199999996
 20
1085357.0500000007
 30
1.0
  0
VERTEX
  8
0
 10
662147.1900000004
 20
1085154.0199999996
 30
1.0
  0
VERTEX
  8
0
 10
662646.2800000003
 20
1084811.0299999993
 30
1.0
  0
VERTEX
  8
0
 10
662646.3099999996
 20
1084655.0899999999
 30
1.0
  0
VERTEX
  8
0
 10
662474.6600000001
 20
1084000.0199999996
 30
1.0
  0
VERTEX
  8
0
 10
662771.0800000001
 20
1082705.0000000000
 30
1.0
  0
VERTEX
  8
0
 10
661710.4600000000
 20
1084062.0299999993
 30
1.0
  0
VERTEX
  8
0
 10
660852.6200000001
 20
1085700.0099999998
 30
1.0
  0
VERTEX
  8
0
 10
660680.9500000002
 20
1086729.0500000008
 30
1.0
  0
VERTEX
  8
0
 10
660509.4000000004
 20
1086854.0399999991
 30
1.0
  0
VERTEX
  8
0
 10
659979.0700000003
 20
1086651.0099999998
 30
1.0
  0
VERTEX
  8
0
 10
659745.2300000004
 20
1087883.0399999991
 30
1.0
  0
VERTEX
  8
0
 10
659620.2800000003
 20
1088039.0000000000
 30
1.0
  0
VERTEX
  8
0
 10
659308.3499999996
 20
1088164.0700000003
 30
1.0
  0
VERTEX
  8
0
 10
659167.9699999997
 20
1088336.0999999996
 30
1.0
  0
VERTEX
  8
0
 10
659214.7900000000
 20
1088694.0899999999
 30
1.0
  0
VERTEX
  8
0
 10
659230.3499999996
 20
1088928.0700000003
 30
1.0
  0
VERTEX
  8
0
 10
659308.4000000004
 20
1089038.0099999998
 30
1.0
  0
VERTEX
  8
0
 10
659245.9600000000
 20
1089272.0999999996
 30
1.0
  0
VERTEX
  8
0
 10
659199.1900000004
 20
1089256.0800000001
 30
1.0
  0
VERTEX
  8
0
 10
659043.3300000001
 20
1089334.0399999991
 30
1.0
  0
VERTEX
  8
0
 10
658918.5199999996
 20
1089256.0800000001
 30
1.0
  0
VERTEX
  8
0
 10
658419.6368000004
 20
1089425.0889999997
 30
1.0
  0
VERTEX
  8
0
 10
658918.4900000002
 20
1089256.0500000007
 30
1.0
  0
VERTEX
  8
0
 10
658824.8899999997
 20
1088866.0500000008
 30
1.0
  0
VERTEX
  8
0
 10
658528.4900000002
 20
1088585.0500000008
 30
1.0
  0
VERTEX
  8
0
 10
658497.2900000000
 20
1088445.0500000008
 30
1.0
  0
VERTEX
  8
0
 10
658606.4900000002
 20
1088242.0500000008
 30
1.0
  0
VERTEX
  8
0
 10
659027.6900000004
 20
1088071.0500000008
 30
1.0
  0
VERTEX
  8
0
 10
659089.9800000004
 20
1087119.0500000007
 30
1.0
  0
VERTEX
  8
0
 10
659308.3799999999
 20
1086480.0500000008
 30
1.0
  0
VERTEX
  8
0
 10
659058.7900000000
 20
1085871.0500000008
 30
1.0
  0
VERTEX
  8
0
 10
658871.6799999997
 20
1085622.0500000008
 30
1.0
  0
VERTEX
  8
0
 10
658762.4800000004
 20
1085700.0500000007
 30
1.0
  0
VERTEX
  8
0
 10
658700.0899999999
 20
1086012.0500000007
 30
1.0
  0
VERTEX
  8
0
 10
658918.4900000002
 20
1086682.0500000007
 30
1.0
  0
VERTEX
  8
0
 10
658856.0899999999
 20
1086963.0500000007
 30
1.0
  0
VERTEX
  8
0
 10
658731.2900000000
 20
1086963.0500000007
 30
1.0
  0
VERTEX
  8
0
 10
658466.1900000004
 20
1086370.0500000007
 30
1.0
  0
VERTEX
  8
0
 10
658232.1900000004
 20
1086230.0500000008
 30
1.0
  0
VERTEX
  8
0
 10
658169.7900000000
 20
1086589.0500000008
 30
1.0
  0
VERTEX
  8
0
 10
658606.4900000002
 20
1086963.0500000007
 30
1.0
  0
VERTEX
  8
0
 10
658684.4900000002
 20
1087166.0500000008
 30
1.0
  0
VERTEX
  8
0
 10
658590.8899999997
 20
1087509.0500000008
 30
1.0
  0
VERTEX
  8
0
 10
658466.1900000004
 20
1087556.0500000007
 30
1.0
  0
VERTEX
  8
0
 10
658107.3899999997
 20
1087447.0500000008
 30
1.0
  0
VERTEX
  8
0
 10
657795.4900000002
 20
1087182.0500000007
 30
1.0
  0
VERTEX
  8
0
 10
657670.6900000004
 20
1086916.0500000008
 30
1.0
  0
VERTEX
  8
0
 10
657639.4900000002
 20
1086043.0500000008
 30
1.0
  0
VERTEX
  8
0
 10
657421.0899999999
 20
1085575.0500000007
 30
1.0
  0
VERTEX
  8
0
 10
656531.9900000002
 20
1084779.0500000008
 30
1.0
  0
VERTEX
  8
0
 10
655954.8899999997
 20
1084109.0500000008
 30
1.0
  0
VERTEX
  8
0
 10
655752.1900000004
 20
1083610.0500000008
 30
1.0
  0
VERTEX
  8
0
 10
655783.2900000000
 20
1083407.0500000008
 30
1.0
  0
VERTEX
  8
0
 10
655923.6900000004
 20
1083376.0500000007
 30
1.0
  0
VERTEX
  8
0
 10
656344.7900000000
 20
1083625.0500000008
 30
1.0
  0
VERTEX
  8
0
 10
656485.1900000004
 20
1083594.0500000008
 30
1.0
  0
VERTEX
  8
0
 10
656095.2900000000
 20
1083173.0500000008
 30
1.0
  0
VERTEX
  8
0
 10
655486.9900000002
 20
1082736.0500000008
 30
1.0
  0
VERTEX
  8
0
 10
655315.3899999997
 20
1082424.0500000008
 30
1.0
  0
VERTEX
  8
0
 10
655346.5899999999
 20
1082346.0500000007
 30
1.0
  0
VERTEX
  8
0
 10
655518.1900000004
 20
1082315.0500000007
 30
1.0
  0
VERTEX
  8
0
 10
656298.0899999999
 20
1082674.0399999991
 30
1.0
  0
VERTEX
  8
0
 10
656344.7900000000
 20
1082643.0500000008
 30
1.0
  0
VERTEX
  8
0
 10
655939.2900000000
 20
1082175.0500000008
 30
1.0
  0
VERTEX
  8
0
 10
655081.4900000002
 20
1081364.0500000008
 30
1.0
  0
VERTEX
  8
0
 10
654956.6900000004
 20
1080942.0500000008
 30
1.0
  0
VERTEX
  8
0
 10
654941.0899999999
 20
1080381.0500000008
 30
1.0
  0
VERTEX
  8
0
 10
655019.0899999999
 20
1080350.0500000008
 30
1.0
  0
VERTEX
  8
0
 10
655346.5899999999
 20
1080599.0500000008
 30
1.0
  0
VERTEX
  8
0
 10
655876.9900000002
 20
1081223.0500000008
 30
1.0
  0
VERTEX
  8
0
 10
656344.7900000000
 20
1081520.0500000008
 30
1.0
  0
VERTEX
  8
0
 10
656968.7900000000
 20
1082175.0500000008
 30
1.0
  0
VERTEX
  8
0
 10
658232.1900000004
 20
1082502.0500000007
 30
1.0
  0
VERTEX
  8
0
 10
658310.1900000004
 20
1082705.0500000008
 30
1.0
  0
VERTEX
  8
0
 10
658216.5800000001
 20
1082986.0500000008
 30
1.0
  0
VERTEX
  8
0
 10
658294.5899999999
 20
1083126.0500000008
 30
1.0
  0
VERTEX
  8
0
 10
658965.2900000000
 20
1082908.0500000007
 30
1.0
  0
VERTEX
  8
0
 10
657857.7900000000
 20
1082081.0500000008
 30
1.0
  0
VERTEX
  8
0
 10
657343.0899999999
 20
1081816.0500000007
 30
1.0
  0
VERTEX
  8
0
 10
657389.8899999997
 20
1081660.0500000008
 30
1.0
  0
VERTEX
  8
0
 10
657499.0899999999
 20
1081582.0500000008
 30
1.0
  0
VERTEX
  8
0
 10
658606.4900000002
 20
1081972.0500000007
 30
1.0
  0
VERTEX
  8
0
 10
658965.2900000000
 20
1081972.0500000007
 30
1.0
  0
VERTEX
  8
0
 10
659043.2900000000
 20
1081910.0500000008
 30
1.0
  0
VERTEX
  8
0
 10
659074.4900000002
 20
1081722.0500000007
 30
1.0
  0
VERTEX
  8
0
 10
659027.6900000004
 20
1081395.0500000008
 30
1.0
  0
VERTEX
  8
0
 10
658700.0899999999
 20
1080911.0500000008
 30
1.0
  0
VERTEX
  8
0
 10
658247.7900000000
 20
1080709.0399999991
 30
1.0
  0
VERTEX
  8
0
 10
657545.8799999999
 20
1080740.0500000007
 30
1.0
  0
VERTEX
  8
0
 10
657046.7900000000
 20
1080677.0500000008
 30
1.0
  0
VERTEX
  8
0
 10
656563.1900000004
 20
1080365.0399999991
 30
1.0
  0
VERTEX
  8
0
 10
656547.6900000004
 20
1080225.0500000008
 30
1.0
  0
VERTEX
  8
0
 10
656703.5899999999
 20
1080100.0500000008
 30
1.0
  0
VERTEX
  8
0
 10
657062.2900000000
 20
1080116.0500000007
 30
1.0
  0
VERTEX
  8
0
 10
657421.0899999999
 20
1080256.0500000008
 30
1.0
  0
VERTEX
  8
0
 10
658450.4900000002
 20
1080303.0500000007
 30
1.0
  0
VERTEX
  8
0
 10
658559.6900000004
 20
1080241.0500000007
 30
1.0
  0
VERTEX
  8
0
 10
658247.7900000000
 20
1079991.0500000007
 30
1.0
  0
VERTEX
  8
0
 10
657187.1900000004
 20
1079554.0500000007
 30
1.0
  0
VERTEX
  8
0
 10
656282.4900000002
 20
1079274.0500000008
 30
1.0
  0
VERTEX
  8
0
 10
655876.9900000002
 20
1079040.0500000008
 30
1.0
  0
VERTEX
  8
0
 10
655830.1900000004
 20
1078852.0500000008
 30
1.0
  0
VERTEX
  8
0
 10
655908.1900000004
 20
1078696.0500000008
 30
1.0
  0
VERTEX
  8
0
 10
656095.2900000000
 20
1078650.0500000008
 30
1.0
  0
VERTEX
  8
0
 10
656344.7900000000
 20
1078681.0500000008
 30
1.0
  0
VERTEX
  8
0
 10
657218.2900000000
 20
1079242.0500000007
 30
1.0
  0
VERTEX
  8
0
 10
657592.6900000004
 20
1079398.0500000007
 30
1.0
  0
VERTEX
  8
0
 10
657873.3799999999
 20
1079414.0500000008
 30
1.0
  0
VERTEX
  8
0
 10
658029.3899999997
 20
1079305.0500000008
 30
1.0
  0
VERTEX
  8
0
 10
657655.0800000001
 20
1078915.0500000008
 30
1.0
  0
VERTEX
  8
0
 10
656001.6900000004
 20
1077589.0500000008
 30
1.0
  0
VERTEX
  8
0
 10
655518.1900000004
 20
1077402.0500000008
 30
1.0
  0
VERTEX
  8
0
 10
654909.8899999997
 20
1077293.0500000007
 30
1.0
  0
VERTEX
  8
0
 10
654254.7900000000
 20
1077090.0500000008
 30
1.0
  0
VERTEX
  8
0
 10
654239.1900000004
 20
1076918.0500000007
 30
1.0
  0
VERTEX
  8
0
 10
654363.9900000002
 20
1076809.0500000008
 30
1.0
  0
VERTEX
  8
0
 10
654738.2900000000
 20
1076856.0500000007
 30
1.0
  0
VERTEX
  8
0
 10
655143.7900000000
 20
1076825.0500000008
 30
1.0
  0
VERTEX
  8
0
 10
655065.7900000000
 20
1076575.0500000007
 30
1.0
  0
VERTEX
  8
0
 10
654098.7900000000
 20
1076248.0500000007
 30
1.0
  0
VERTEX
  8
0
 10
652991.3899999997
 20
1075764.0500000008
 30
1.0
  0
VERTEX
  8
0
 10
653022.5899999999
 20
1075608.0500000008
 30
1.0
  0
VERTEX
  8
0
 10
653131.7900000000
 20
1075561.0500000008
 30
1.0
  0
VERTEX
  8
0
 10
653240.9800000004
 20
1075296.0500000008
 30
1.0
  0
VERTEX
  8
0
 10
652164.6900000004
 20
1074735.0500000008
 30
1.0
  0
VERTEX
  8
0
 10
651384.7900000000
 20
1074158.0500000008
 30
1.0
  0
VERTEX
  8
0
 10
649528.6900000004
 20
1073627.0500000008
 30
1.0
  0
VERTEX
  8
0
 10
649559.8899999997
 20
1073378.0500000008
 30
1.0
  0
VERTEX
  8
0
 10
650105.7900000000
 20
1073409.0500000008
 30
1.0
  0
VERTEX
  8
0
 10
651197.6900000004
 20
1073877.0500000008
 30
1.0
  0
VERTEX
  8
0
 10
651337.9900000002
 20
1073799.0500000008
 30
1.0
  0
VERTEX
  8
0
 10
650152.5899999999
 20
1073253.0500000008
 30
1.0
  0
VERTEX
  8
0
 10
648873.5899999999
 20
1072925.0500000007
 30
1.0
  0
VERTEX
  8
0
 10
647984.4900000002
 20
1072520.0500000007
 30
1.0
  0
VERTEX
  8
0
 10
647111.0899999999
 20
1072551.0500000007
 30
1.0
  0
VERTEX
  8
0
 10
646237.5899999999
 20
1072021.0500000008
 30
1.0
  0
VERTEX
  8
0
 10
645910.0899999999
 20
1071989.0500000007
 30
1.0
  0
VERTEX
  8
0
 10
645317.2900000000
 20
1071787.0500000008
 30
1.0
  0
VERTEX
  8
0
 10
645130.1900000004
 20
1071818.0500000008
 30
1.0
  0
VERTEX
  8
0
 10
644599.7900000000
 20
1071178.0399999991
 30
1.0
  0
VERTEX
  8
0
 10
643414.4900000002
 20
1071194.0500000008
 30
1.0
  0
VERTEX
  8
0
 10
643570.3899999997
 20
1071288.0500000007
 30
1.0
  0
VERTEX
  8
0
 10
643726.3899999997
 20
1071475.0500000008
 30
1.0
  0
VERTEX
  8
0
 10
643570.3899999997
 20
1071522.0399999991
 30
1.0
  0
VERTEX
  8
0
 10
642478.5899999999
 20
1071475.0500000008
 30
1.0
  0
VERTEX
  8
0
 10
642525.3899999997
 20
1071522.0399999991
 30
1.0
  0
VERTEX
  8
0
 10
643040.0899999999
 20
1071568.0500000008
 30
1.0
  0
VERTEX
  8
0
 10
644724.6900000004
 20
1071880.0500000008
 30
1.0
  0
VERTEX
  8
0
 10
645208.1900000004
 20
1071896.0500000007
 30
1.0
  0
VERTEX
  8
0
 10
645847.6900000004
 20
1072005.0500000008
 30
1.0
  0
VERTEX
  8
0
 10
646003.6900000004
 20
1072145.0500000007
 30
1.0
  0
VERTEX
  8
0
 10
647095.4900000002
 20
1072598.0500000008
 30
1.0
  0
VERTEX
  8
0
 10
647578.9900000002
 20
1072925.0500000007
 30
1.0
  0
VERTEX
  8
0
 10
648093.6900000004
 20
1073035.0500000008
 30
1.0
  0
VERTEX
  8
0
 10
648483.6900000004
 20
1073190.0500000008
 30
1.0
  0
VERTEX
  8
0
 10
648608.4900000002
 20
1073300.0500000007
 30
1.0
  0
VERTEX
  8
0
 10
648623.9900000002
 20
1073565.0500000008
 30
1.0
  0
VERTEX
  8
0
 10
648889.1900000004
 20
1073690.0500000008
 30
1.0
  0
VERTEX
  8
0
 10
648935.9900000002
 20
1073830.0500000008
 30
1.0
  0
VERTEX
  8
0
 10
648795.6900000004
 20
1074033.0500000008
 30
1.0
  0
VERTEX
  8
0
 10
648499.2900000000
 20
1074017.0500000008
 30
1.0
  0
VERTEX
  8
0
 10
648031.2900000000
 20
1073861.0500000008
 30
1.0
  0
VERTEX
  8
0
 10
647298.2900000000
 20
1073409.0500000008
 30
1.0
  0
VERTEX
  8
0
 10
645598.0800000001
 20
1072879.0500000008
 30
1.0
  0
VERTEX
  8
0
 10
644958.5899999999
 20
1072707.0500000007
 30
1.0
  0
VERTEX
  8
0
 10
646206.3899999997
 20
1073565.0500000008
 30
1.0
  0
VERTEX
  8
0
 10
646362.3899999997
 20
1073799.0500000008
 30
1.0
  0
VERTEX
  8
0
 10
646377.9900000002
 20
1073924.0500000008
 30
1.0
  0
VERTEX
  8
0
 10
645987.9900000002
 20
1074017.0500000008
 30
1.0
  0
VERTEX
  8
0
 10
645613.6900000004
 20
1073877.0500000008
 30
1.0
  0
VERTEX
  8
0
 10
644974.1900000004
 20
1073502.0500000008
 30
1.0
  0
VERTEX
  8
0
 10
644178.6900000004
 20
1073206.0500000007
 30
1.0
  0
VERTEX
  8
0
 10
643180.4900000002
 20
1072957.0500000007
 30
1.0
  0
VERTEX
  8
0
 10
642790.4900000002
 20
1073050.0500000007
 30
1.0
  0
VERTEX
  8
0
 10
642556.5899999999
 20
1073284.0500000008
 30
1.0
  0
VERTEX
  8
0
 10
642540.9900000002
 20
1073534.0500000008
 30
1.0
  0
VERTEX
  8
0
 10
642743.7900000000
 20
1074002.0500000008
 30
1.0
  0
VERTEX
  8
0
 10
642930.8899999997
 20
1074672.0500000008
 30
1.0
  0
VERTEX
  8
0
 10
643648.3899999997
 20
1074813.0399999991
 30
1.0
  0
VERTEX
  8
0
 10
643960.2900000000
 20
1074953.0500000008
 30
1.0
  0
VERTEX
  8
0
 10
644864.9900000002
 20
1074875.0500000007
 30
1.0
  0
VERTEX
  8
0
 10
645067.7900000000
 20
1074797.0500000008
 30
1.0
  0
VERTEX
  8
0
 10
645364.1900000004
 20
1074781.0500000007
 30
1.0
  0
VERTEX
  8
0
 10
645691.6900000004
 20
1074859.0500000008
 30
1.0
  0
VERTEX
  8
0
 10
645894.4900000002
 20
1075047.0500000008
 30
1.0
  0
VERTEX
  8
0
 10
645863.2900000000
 20
1075140.0500000008
 30
1.0
  0
VERTEX
  8
0
 10
645598.0800000001
 20
1075249.0500000007
 30
1.0
  0
VERTEX
  8
0
 10
644553.0899999999
 20
1075281.0500000007
 30
1.0
  0
VERTEX
  8
0
 10
645410.9900000002
 20
1075811.0500000007
 30
1.0
  0
VERTEX
  8
0
 10
647235.7900000000
 20
1076513.0500000008
 30
1.0
  0
VERTEX
  8
0
 10
647454.1900000004
 20
1076778.0399999991
 30
1.0
  0
VERTEX
  8
0
 10
647438.6900000004
 20
1076856.0500000007
 30
1.0
  0
VERTEX
  8
0
 10
645987.9900000002
 20
1076778.0399999991
 30
1.0
  0
VERTEX
  8
0
 10
645364.1900000004
 20
1076809.0500000008
 30
1.0
  0
VERTEX
  8
0
 10
644771.4900000002
 20
1076949.0500000007
 30
1.0
  0
VERTEX
  8
0
 10
644584.2900000000
 20
1077105.0500000007
 30
1.0
  0
VERTEX
  8
0
 10
644553.0899999999
 20
1077230.0500000007
 30
1.0
  0
VERTEX
  8
0
 10
644615.4900000002
 20
1077417.0399999991
 30
1.0
  0
VERTEX
  8
0
 10
644958.5899999999
 20
1077776.0500000008
 30
1.0
  0
VERTEX
  8
0
 10
645504.4900000002
 20
1077963.0500000008
 30
1.0
  0
VERTEX
  8
0
 10
645442.1900000004
 20
1078384.0500000008
 30
1.0
  0
VERTEX
  8
0
 10
644989.7900000000
 20
1078930.0500000007
 30
1.0
  0
VERTEX
  8
0
 10
645083.3899999997
 20
1079274.0500000008
 30
1.0
  0
VERTEX
  8
0
 10
645598.0800000001
 20
1079804.0500000007
 30
1.0
  0
VERTEX
  8
0
 10
646253.1799999997
 20
1080303.0500000007
 30
1.0
  0
VERTEX
  8
0
 10
646627.4900000002
 20
1081161.0500000008
 30
1.0
  0
VERTEX
  8
0
 10
646674.2900000000
 20
1081488.0500000008
 30
1.0
  0
VERTEX
  8
0
 10
646611.9900000002
 20
1081910.0500000008
 30
1.0
  0
VERTEX
  8
0
 10
646393.5899999999
 20
1082128.0500000007
 30
1.0
  0
VERTEX
  8
0
 10
646081.6900000004
 20
1082284.0500000007
 30
1.0
  0
VERTEX
  8
0
 10
645145.7900000000
 20
1082440.0500000007
 30
1.0
  0
VERTEX
  8
0
 10
644506.2900000000
 20
1082315.0500000007
 30
1.0
  0
VERTEX
  8
0
 10
644116.2900000000
 20
1082346.0500000007
 30
1.0
  0
VERTEX
  8
0
 10
643554.7900000000
 20
1082611.0500000008
 30
1.0
  0
VERTEX
  8
0
 10
642915.2900000000
 20
1083220.0500000007
 30
1.0
  0
VERTEX
  8
0
 10
642166.6900000004
 20
1083688.0500000008
 30
1.0
  0
VERTEX
  8
0
 10
641870.2900000000
 20
1083984.0500000008
 30
1.0
  0
VERTEX
  8
0
 10
641386.7900000000
 20
1084702.0500000007
 30
1.0
  0
VERTEX
  8
0
 10
641620.6900000004
 20
1084826.0500000007
 30
1.0
  0
VERTEX
  8
0
 10
642197.7900000000
 20
1084795.0500000007
 30
1.0
  0
VERTEX
  8
0
 10
642884.1900000004
 20
1084733.0500000007
 30
1.0
  0
VERTEX
  8
0
 10
642993.2900000000
 20
1084811.0500000008
 30
1.0
  0
VERTEX
  8
0
 10
642977.6900000004
 20
1085060.0500000008
 30
1.0
  0
VERTEX
  8
0
 10
643258.4900000002
 20
1085201.0500000007
 30
1.0
  0
VERTEX
  8
0
 10
644584.2900000000
 20
1085403.0500000008
 30
1.0
  0
VERTEX
  8
0
 10
644958.5899999999
 20
1085622.0500000008
 30
1.0
  0
VERTEX
  8
0
 10
645395.2900000000
 20
1086090.0500000008
 30
1.0
  0
VERTEX
  8
0
 10
646159.6799999997
 20
1086417.0500000008
 30
1.0
  0
VERTEX
  8
0
 10
646440.3899999997
 20
1086682.0500000007
 30
1.0
  0
VERTEX
  8
0
 10
646502.7900000000
 20
1086948.0399999991
 30
1.0
  0
VERTEX
  8
0
 10
646409.1900000004
 20
1087665.0500000008
 30
1.0
  0
VERTEX
  8
0
 10
646440.3899999997
 20
1087915.0500000008
 30
1.0
  0
VERTEX
  8
0
 10
646643.1900000004
 20
1088227.0500000008
 30
1.0
  0
VERTEX
  8
0
 10
646752.2900000000
 20
1087852.0500000008
 30
1.0
  0
VERTEX
  8
0
 10
646955.0899999999
 20
1087587.0399999991
 30
1.0
  0
VERTEX
  8
0
 10
647454.1900000004
 20
1087400.0500000007
 30
1.0
  0
VERTEX
  8
0
 10
647532.1900000004
 20
1087213.0500000007
 30
1.0
  0
VERTEX
  8
0
 10
647360.6900000004
 20
1086542.0500000008
 30
1.0
  0
VERTEX
  8
0
 10
647500.9900000002
 20
1086324.0500000008
 30
1.0
  0
VERTEX
  8
0
 10
647812.9800000004
 20
1086121.0500000008
 30
1.0
  0
VERTEX
  8
0
 10
647844.1900000004
 20
1085856.0500000007
 30
1.0
  0
VERTEX
  8
0
 10
647781.7900000000
 20
1085341.0500000008
 30
1.0
  0
VERTEX
  8
0
 10
647859.7900000000
 20
1085216.0500000008
 30
1.0
  0
VERTEX
  8
0
 10
648171.6900000004
 20
1085123.0500000008
 30
1.0
  0
VERTEX
  8
0
 10
648795.6900000004
 20
1085856.0500000007
 30
1.0
  0
VERTEX
  8
0
 10
649403.8899999997
 20
1086823.0500000008
 30
1.0
  0
VERTEX
  8
0
 10
649949.7900000000
 20
1087759.0500000008
 30
1.0
  0
VERTEX
  8
0
 10
650121.3899999997
 20
1087868.0500000007
 30
1.0
  0
VERTEX
  8
0
 10
650776.4900000002
 20
1087852.0500000008
 30
1.0
  0
VERTEX
  8
0
 10
651291.1900000004
 20
1087556.0500000007
 30
1.0
  0
VERTEX
  8
0
 10
652071.0899999999
 20
1086979.0500000008
 30
1.0
  0
VERTEX
  8
0
 10
652305.0899999999
 20
1086963.0500000007
 30
1.0
  0
VERTEX
  8
0
 10
652804.1900000004
 20
1087072.0500000008
 30
1.0
  0
VERTEX
  8
0
 10
653303.2900000000
 20
1087322.0500000008
 30
1.0
  0
VERTEX
  8
0
 10
653880.4900000002
 20
1087228.0500000008
 30
1.0
  0
VERTEX
  8
0
 10
654098.7900000000
 20
1087618.0500000007
 30
1.0
  0
VERTEX
  8
0
 10
654785.0899999999
 20
1088195.0500000008
 30
1.0
  0
VERTEX
  8
0
 10
654769.4900000002
 20
1088117.0500000008
 30
1.0
  0
VERTEX
  8
0
 10
654894.2800000003
 20
1085856.0500000007
 30
1.0
  0
VERTEX
  8
0
 10
654831.8899999997
 20
1085731.0500000007
 30
1.0
  0
VERTEX
  8
0
 10
654847.4900000002
 20
1085622.0500000008
 30
1.0
  0
VERTEX
  8
0
 10
654613.4900000002
 20
1085029.0500000008
 30
1.0
  0
VERTEX
  8
0
 10
654301.5899999999
 20
1084530.0500000008
 30
1.0
  0
VERTEX
  8
0
 10
653817.9900000002
 20
1084156.0500000008
 30
1.0
  0
VERTEX
  8
0
 10
653771.2900000000
 20
1083984.0500000008
 30
1.0
  0
VERTEX
  8
0
 10
653817.9900000002
 20
1083906.0500000008
 30
1.0
  0
VERTEX
  8
0
 10
653973.9900000002
 20
1083906.0500000008
 30
1.0
  0
VERTEX
  8
0
 10
654223.5800000001
 20
1084015.0500000007
 30
1.0
  0
VERTEX
  8
0
 10
654332.7900000000
 20
1083968.0500000008
 30
1.0
  0
VERTEX
  8
0
 10
654410.7900000000
 20
1083812.0500000008
 30
1.0
  0
VERTEX
  8
0
 10
654239.1900000004
 20
1083656.0399999991
 30
1.0
  0
VERTEX
  8
0
 10
653646.4900000002
 20
1083407.0500000008
 30
1.0
  0
VERTEX
  8
0
 10
653334.4800000004
 20
1083126.0500000008
 30
1.0
  0
VERTEX
  8
0
 10
653287.6900000004
 20
1082986.0500000008
 30
1.0
  0
VERTEX
  8
0
 10
653599.6900000004
 20
1083033.0500000007
 30
1.0
  0
VERTEX
  8
0
 10
653880.4900000002
 20
1083001.0500000008
 30
1.0
  0
VERTEX
  8
0
 10
654098.7900000000
 20
1082565.0500000007
 30
1.0
  0
VERTEX
  8
0
 10
653973.9900000002
 20
1082268.0500000008
 30
1.0
  0
VERTEX
  8
0
 10
653521.6900000004
 20
1081738.0500000008
 30
1.0
  0
VERTEX
  8
0
 10
653178.4900000002
 20
1081161.0500000008
 30
1.0
  0
VERTEX
  8
0
 10
652741.7900000000
 20
1080896.0500000007
 30
1.0
  0
VERTEX
  8
0
 10
652585.7900000000
 20
1080693.0500000008
 30
1.0
  0
VERTEX
  8
0
 10
652835.3899999997
 20
1080131.0500000008
 30
1.0
  0
VERTEX
  8
0
 10
652492.2900000000
 20
1079476.0500000008
 30
1.0
  0
VERTEX
  8
0
 10
651852.7900000000
 20
1079133.0500000008
 30
1.0
  0
VERTEX
  8
0
 10
651899.4800000004
 20
1078821.0500000008
 30
1.0
  0
VERTEX
  8
0
 10
651603.1900000004
 20
1078665.0500000008
 30
1.0
  0
VERTEX
  8
0
 10
651493.9900000002
 20
1078525.0500000008
 30
1.0
  0
VERTEX
  8
0
 10
651899.4800000004
 20
1078135.0500000007
 30
1.0
  0
VERTEX
  8
0
 10
651634.3899999997
 20
1077839.0500000008
 30
1.0
  0
VERTEX
  8
0
 10
649637.8899999997
 20
1076466.0500000008
 30
1.0
  0
VERTEX
  8
0
 10
649138.7800000003
 20
1076248.0500000007
 30
1.0
  0
VERTEX
  8
0
 10
648686.4900000002
 20
1076185.0500000008
 30
1.0
  0
VERTEX
  8
0
 10
648577.2900000000
 20
1076076.0500000008
 30
1.0
  0
VERTEX
  8
0
 10
648561.6900000004
 20
1075842.0500000008
 30
1.0
  0
VERTEX
  8
0
 10
648764.3899999997
 20
1075717.0500000008
 30
1.0
  0
VERTEX
  8
0
 10
649201.1900000004
 20
1075811.0500000007
 30
1.0
  0
VERTEX
  8
0
 10
649435.1900000004
 20
1075686.0500000007
 30
1.0
  0
VERTEX
  8
0
 10
649762.6900000004
 20
1076045.0500000008
 30
1.0
  0
VERTEX
  8
0
 10
650308.5899999999
 20
1076216.0500000008
 30
1.0
  0
VERTEX
  8
0
 10
651634.3899999997
 20
1077293.0500000007
 30
1.0
  0
VERTEX
  8
0
 10
652336.2900000000
 20
1078041.0500000008
 30
1.0
  0
VERTEX
  8
0
 10
652788.5800000001
 20
1078665.0500000008
 30
1.0
  0
VERTEX
  8
0
 10
653615.2900000000
 20
1080709.0399999991
 30
1.0
  0
VERTEX
  8
0
 10
654504.2900000000
 20
1082066.0500000008
 30
1.0
  0
VERTEX
  8
0
 10
654644.6900000004
 20
1082689.0500000007
 30
1.0
  0
VERTEX
  8
0
 10
654722.6900000004
 20
1082814.0500000007
 30
1.0
  0
VERTEX
  8
0
 10
655237.4900000002
 20
1085325.0500000008
 30
1.0
  0
VERTEX
  8
0
 10
655284.1900000004
 20
1086277.0500000008
 30
1.0
  0
VERTEX
  8
0
 10
655455.7900000000
 20
1087228.0500000008
 30
1.0
  0
VERTEX
  8
0
 10
655424.5899999999
 20
1087540.0500000008
 30
1.0
  0
VERTEX
  8
0
 10
655174.9900000002
 20
1088117.0500000008
 30
1.0
  0
VERTEX
  8
0
 10
655096.9900000002
 20
1088461.0500000007
 30
1.0
  0
VERTEX
  8
0
 10
655096.9900000002
 20
1089225.0500000008
 30
1.0
  0
VERTEX
  8
0
 10
655019.0899999999
 20
1089740.0500000008
 30
1.0
  0
VERTEX
  8
0
 10
654956.6900000004
 20
1089927.0500000008
 30
1.0
  0
VERTEX
  8
0
 10
655705.2900000000
 20
1090036.0500000007
 30
1.0
  0
VERTEX
  8
0
 10
656719.1900000004
 20
1090083.0500000008
 30
1.0
  0
VERTEX
  8
0
 10
657077.9900000002
 20
1089989.0500000008
 30
1.0
  0
VERTEX
  8
0
 10
657476.8421000000
 20
1089808.7993999999
 30
1.0
  0
VERTEX
  8
0
 10
657078.0199999996
 20
1089989.0600000005
 30
1.0
  0
VERTEX
  8
0
 10
656719.2000000002
 20
1090083.0800000001
 30
1.0
  0
VERTEX
  8
0
 10
655705.3300000001
 20
1090036.0700000003
 30
1.0
  0
VERTEX
  8
0
 10
654956.7000000002
 20
1089927.0600000005
 30
1.0
  0
VERTEX
  8
0
 10
654769.5499999998
 20
1090457.0199999996
 30
1.0
  0
VERTEX
  8
0
 10
653942.7599999998
 20
1091986.0700000003
 30
1.0
  0
VERTEX
  8
0
 10
653428.0499999998
 20
1092750.0000000000
 30
1.0
  0
VERTEX
  8
0
 10
652928.9800000004
 20
1093296.0299999993
 30
1.0
  0
VERTEX
  8
0
 10
651462.8300000001
 20
1095791.0299999993
 30
1.0
  0
VERTEX
  8
0
 10
651213.2699999996
 20
1096447.0500000008
 30
1.0
  0
VERTEX
  8
0
 10
651104.1200000001
 20
1097039.0500000007
 30
1.0
  0
VERTEX
  8
0
 10
650776.4400000004
 20
1097788.0899999999
 30
1.0
  0
VERTEX
  8
0
 10
650308.6299999999
 20
1098490.0899999999
 30
1.0
  0
VERTEX
  8
0
 10
650136.9600000000
 20
1098958.0800000001
 30
1.0
  0
VERTEX
  8
0
 10
649871.7699999996
 20
1100595.0099999998
 30
1.0
  0
VERTEX
  8
0
 10
649575.5099999998
 20
1100970.0299999993
 30
1.0
  0
VERTEX
  8
0
 10
649589.4972999999
 20
1101208.0881999992
 30
1.0
  0
VERTEX
  8
0
 10
649575.4800000004
 20
1100970.0500000008
 30
1.0
  0
VERTEX
  8
0
 10
649419.4900000002
 20
1100346.0500000008
 30
1.0
  0
VERTEX
  8
0
 10
649528.6900000004
 20
1099535.0500000008
 30
1.0
  0
VERTEX
  8
0
 10
649466.2800000003
 20
1098786.0500000008
 30
1.0
  0
VERTEX
  8
0
 10
649591.0899999999
 20
1098240.0500000008
 30
1.0
  0
VERTEX
  8
0
 10
649622.2900000000
 20
1097523.0500000008
 30
1.0
  0
VERTEX
  8
0
 10
649544.2900000000
 20
1096680.0500000008
 30
1.0
  0
VERTEX
  8
0
 10
649622.2900000000
 20
1096259.0500000007
 30
1.0
  0
VERTEX
  8
0
 10
649778.2900000000
 20
1096041.0500000008
 30
1.0
  0
VERTEX
  8
0
 10
650043.3899999997
 20
1096010.0500000008
 30
1.0
  0
VERTEX
  8
0
 10
650090.1900000004
 20
1096306.0500000008
 30
1.0
  0
VERTEX
  8
0
 10
649918.6799999997
 20
1096790.0500000008
 30
1.0
  0
VERTEX
  8
0
 10
649902.9800000004
 20
1097585.0500000008
 30
1.0
  0
VERTEX
  8
0
 10
649793.7800000003
 20
1098069.0500000007
 30
1.0
  0
VERTEX
  8
0
 10
649949.7900000000
 20
1098178.0500000008
 30
1.0
  0
VERTEX
  8
0
 10
650027.7900000000
 20
1098100.0399999991
 30
1.0
  0
VERTEX
  8
0
 10
650136.9900000002
 20
1097414.0500000007
 30
1.0
  0
VERTEX
  8
0
 10
650386.5899999999
 20
1096618.0500000008
 30
1.0
  0
VERTEX
  8
0
 10
650901.2800000003
 20
1095776.0500000007
 30
1.0
  0
VERTEX
  8
0
 10
651135.2800000003
 20
1095167.0500000008
 30
1.0
  0
VERTEX
  8
0
 10
652538.9900000002
 20
1093701.0500000008
 30
1.0
  0
VERTEX
  8
0
 10
652804.1900000004
 20
1093343.0500000008
 30
1.0
  0
VERTEX
  8
0
 10
653552.8899999997
 20
1091970.0500000008
 30
1.0
  0
VERTEX
  8
0
 10
654051.9900000002
 20
1090691.0500000007
 30
1.0
  0
VERTEX
  8
0
 10
653334.4800000004
 20
1090114.0500000008
 30
1.0
  0
VERTEX
  8
0
 10
652741.7900000000
 20
1090083.0500000008
 30
1.0
  0
VERTEX
  8
0
 10
652071.0899999999
 20
1089755.0500000007
 30
1.0
  0
VERTEX
  8
0
 10
651712.3899999997
 20
1089927.0500000008
 30
1.0
  0
VERTEX
  8
0
 10
651603.1900000004
 20
1089927.0500000008
 30
1.0
  0
VERTEX
  8
0
 10
651150.7900000000
 20
1089693.0500000007
 30
1.0
  0
VERTEX
  8
0
 10
650776.4900000002
 20
1089802.0500000008
 30
1.0
  0
VERTEX
  8
0
 10
650230.5899999999
 20
1090161.0500000007
 30
1.0
  0
VERTEX
  8
0
 10
650105.7900000000
 20
1089973.0500000007
 30
1.0
  0
VERTEX
  8
0
 10
650246.1799999997
 20
1089724.0500000007
 30
1.0
  0
VERTEX
  8
0
 10
650277.3899999997
 20
1089459.0500000008
 30
1.0
  0
VERTEX
  8
0
 10
648967.1900000004
 20
1089084.0500000008
 30
1.0
  0
VERTEX
  8
0
 10
648546.0899999999
 20
1092095.0500000008
 30
1.0
  0
VERTEX
  8
0
 10
648280.8899999997
 20
1093483.0500000008
 30
1.0
  0
VERTEX
  8
0
 10
648249.6799999997
 20
1096930.0500000008
 30
1.0
  0
VERTEX
  8
0
 10
648156.1799999997
 20
1097445.0500000007
 30
1.0
  0
VERTEX
  8
0
 10
648218.4900000002
 20
1098349.0500000008
 30
1.0
  0
VERTEX
  8
0
 10
647906.5899999999
 20
1099519.0500000007
 30
1.0
  0
VERTEX
  8
0
 10
647703.7800000003
 20
1099722.0500000008
 30
1.0
  0
VERTEX
  8
0
 10
647594.5899999999
 20
1099691.0500000008
 30
1.0
  0
VERTEX
  8
0
 10
647298.2900000000
 20
1098989.0500000008
 30
1.0
  0
VERTEX
  8
0
 10
647017.4900000002
 20
1098630.0500000008
 30
1.0
  0
VERTEX
  8
0
 10
646253.1799999997
 20
1098178.0500000008
 30
1.0
  0
VERTEX
  8
0
 10
645910.0899999999
 20
1097881.0500000008
 30
1.0
  0
VERTEX
  8
0
 10
645364.1900000004
 20
1097741.0500000008
 30
1.0
  0
VERTEX
  8
0
 10
644974.1900000004
 20
1097975.0500000007
 30
1.0
  0
VERTEX
  8
0
 10
644584.2900000000
 20
1098037.0500000008
 30
1.0
  0
VERTEX
  8
0
 10
643835.5899999999
 20
1097850.0500000007
 30
1.0
  0
VERTEX
  8
0
 10
643445.6900000004
 20
1097008.0500000007
 30
1.0
  0
VERTEX
  8
0
 10
641963.8899999997
 20
1096259.0500000007
 30
1.0
  0
VERTEX
  8
0
 10
641355.5899999999
 20
1096041.0500000008
 30
1.0
  0
VERTEX
  8
0
 10
641137.1900000004
 20
1095885.0500000008
 30
1.0
  0
VERTEX
  8
0
 10
640528.8899999997
 20
1095635.0500000008
 30
1.0
  0
VERTEX
  8
0
 10
639702.1900000004
 20
1094700.0500000008
 30
1.0
  0
VERTEX
  8
0
 10
639499.4900000002
 20
1094544.0500000008
 30
1.0
  0
VERTEX
  8
0
 10
639312.2900000000
 20
1094606.0500000008
 30
1.0
  0
VERTEX
  8
0
 10
639093.8899999997
 20
1095012.0500000008
 30
1.0
  0
VERTEX
  8
0
 10
639062.6799999997
 20
1095791.0399999991
 30
1.0
  0
VERTEX
  8
0
 10
638891.1900000004
 20
1096072.0500000008
 30
1.0
  0
VERTEX
  8
0
 10
638828.7900000000
 20
1096758.0500000007
 30
1.0
  0
VERTEX
  8
0
 10
638828.7900000000
 20
1096790.0500000008
 30
1.0
  0
VERTEX
  8
0
 10
639374.6900000004
 20
1097694.0500000007
 30
1.0
  0
VERTEX
  8
0
 10
639811.3899999997
 20
1097991.0500000008
 30
1.0
  0
VERTEX
  8
0
 10
640294.8899999997
 20
1098162.0500000008
 30
1.0
  0
VERTEX
  8
0
 10
640778.4900000002
 20
1098599.0500000008
 30
1.0
  0
VERTEX
  8
0
 10
641012.3899999997
 20
1098583.0500000008
 30
1.0
  0
VERTEX
  8
0
 10
641386.7900000000
 20
1098209.0500000008
 30
1.0
  0
VERTEX
  8
0
 10
641979.4900000002
 20
1097772.0500000008
 30
1.0
  0
VERTEX
  8
0
 10
642213.4900000002
 20
1097866.0500000008
 30
1.0
  0
VERTEX
  8
0
 10
642540.9900000002
 20
1098100.0399999991
 30
1.0
  0
VERTEX
  8
0
 10
642884.1900000004
 20
1098256.0500000007
 30
1.0
  0
VERTEX
  8
0
 10
643289.6900000004
 20
1098303.0500000008
 30
1.0
  0
VERTEX
  8
0
 10
643741.9900000002
 20
1098505.0500000008
 30
1.0
  0
VERTEX
  8
0
 10
644069.4900000002
 20
1098958.0500000008
 30
1.0
  0
VERTEX
  8
0
 10
644116.2900000000
 20
1099270.0500000008
 30
1.0
  0
VERTEX
  8
0
 10
644303.4900000002
 20
1099504.0500000008
 30
1.0
  0
VERTEX
  8
0
 10
644553.0899999999
 20
1099691.0500000008
 30
1.0
  0
VERTEX
  8
0
 10
645223.7900000000
 20
1099878.0500000008
 30
1.0
  0
VERTEX
  8
0
 10
645348.4900000002
 20
1100081.0500000007
 30
1.0
  0
VERTEX
  8
0
 10
645254.9900000002
 20
1100346.0500000008
 30
1.0
  0
VERTEX
  8
0
 10
645254.9900000002
 20
1100658.0500000008
 30
1.0
  0
VERTEX
  8
0
 10
645410.9900000002
 20
1100861.0500000007
 30
1.0
  0
VERTEX
  8
0
 10
646003.6900000004
 20
1100736.0500000007
 30
1.0
  0
VERTEX
  8
0
 10
646175.1900000004
 20
1100845.0500000008
 30
1.0
  0
VERTEX
  8
0
 10
646268.7900000000
 20
1101282.0500000008
 30
1.0
  0
VERTEX
  8
0
 10
646471.5899999999
 20
1101625.0500000008
 30
1.0
  0
VERTEX
  8
0
 10
646580.7900000000
 20
1101656.0500000007
 30
1.0
  0
VERTEX
  8
0
 10
647126.6900000004
 20
1101313.0500000008
 30
1.0
  0
VERTEX
  8
0
 10
647547.7900000000
 20
1101874.0500000007
 30
1.0
  0
VERTEX
  8
0
 10
647516.5899999999
 20
1102093.0500000007
 30
1.0
  0
VERTEX
  8
0
 10
646986.2900000000
 20
1103107.0500000008
 30
1.0
  0
VERTEX
  8
0
 10
646799.1900000004
 20
1103263.0500000008
 30
1.0
  0
VERTEX
  8
0
 10
646019.2900000000
 20
1103387.0500000008
 30
1.0
  0
VERTEX
  8
0
 10
645707.2800000003
 20
1103512.0500000008
 30
1.0
  0
VERTEX
  8
0
 10
645520.1900000004
 20
1103793.0500000008
 30
1.0
  0
VERTEX
  8
0
 10
645676.0899999999
 20
1103949.0500000008
 30
1.0
  0
VERTEX
  8
0
 10
646112.7900000000
 20
1103902.0500000008
 30
1.0
  0
VERTEX
  8
0
 10
646409.1900000004
 20
1104464.0500000008
 30
1.0
  0
VERTEX
  8
0
 10
646315.5899999999
 20
1104666.0500000007
 30
1.0
  0
VERTEX
  8
0
 10
645941.2900000000
 20
1104963.0500000008
 30
1.0
  0
VERTEX
  8
0
 10
645629.2900000000
 20
1105337.0500000008
 30
1.0
  0
VERTEX
  8
0
 10
645520.1900000004
 20
1105290.0500000008
 30
1.0
  0
VERTEX
  8
0
 10
645395.2900000000
 20
1105025.0500000008
 30
1.0
  0
VERTEX
  8
0
 10
645208.1900000004
 20
1104245.0500000008
 30
1.0
  0
VERTEX
  8
0
 10
644116.2900000000
 20
1103668.0500000008
 30
1.0
  0
VERTEX
  8
0
 10
643897.9900000002
 20
1103809.0500000008
 30
1.0
  0
VERTEX
  8
0
 10
643632.7900000000
 20
1104401.0500000008
 30
1.0
  0
VERTEX
  8
0
 10
643523.6900000004
 20
1104448.0500000007
 30
1.0
  0
VERTEX
  8
0
 10
642884.1900000004
 20
1104308.0500000008
 30
1.0
  0
VERTEX
  8
0
 10
642447.3899999997
 20
1104401.0500000008
 30
1.0
  0
VERTEX
  8
0
 10
642026.2900000000
 20
1104573.0500000007
 30
1.0
  0
VERTEX
  8
0
 10
641558.2900000000
 20
1104635.0500000007
 30
1.0
  0
VERTEX
  8
0
 10
641402.2900000000
 20
1104604.0500000007
 30
1.0
  0
VERTEX
  8
0
 10
640762.7900000000
 20
1103559.0500000008
 30
1.0
  0
VERTEX
  8
0
 10
639187.4900000002
 20
1102171.0500000008
 30
1.0
  0
VERTEX
  8
0
 10
637846.0800000001
 20
1101219.0500000007
 30
1.0
  0
VERTEX
  8
0
 10
637877.2900000000
 20
1101890.0500000008
 30
1.0
  0
VERTEX
  8
0
 10
637440.5899999999
 20
1102904.0500000007
 30
1.0
  0
VERTEX
  8
0
 10
637409.3799999999
 20
1103169.0500000008
 30
1.0
  0
VERTEX
  8
0
 10
637534.1900000004
 20
1103809.0500000008
 30
1.0
  0
VERTEX
  8
0
 10
637393.7900000000
 20
1104339.0399999991
 30
1.0
  0
VERTEX
  8
0
 10
637424.9900000002
 20
1105322.0399999991
 30
1.0
  0
VERTEX
  8
0
 10
637159.7900000000
 20
1105524.0500000008
 30
1.0
  0
VERTEX
  8
0
 10
636972.6799999997
 20
1105571.0500000008
 30
1.0
  0
VERTEX
  8
0
 10
636364.2900000000
 20
1104323.0500000007
 30
1.0
  0
VERTEX
  8
0
 10
636052.3899999997
 20
1104261.0500000007
 30
1.0
  0
VERTEX
  8
0
 10
635974.3799999999
 20
1104167.0500000007
 30
1.0
  0
VERTEX
  8
0
 10
635943.1900000004
 20
1103231.0500000008
 30
1.0
  0
VERTEX
  8
0
 10
635896.3899999997
 20
1103185.0500000007
 30
1.0
  0
VERTEX
  8
0
 10
635506.4900000002
 20
1103153.0500000008
 30
1.0
  0
VERTEX
  8
0
 10
635350.4900000002
 20
1103013.0399999991
 30
1.0
  0
VERTEX
  8
0
 10
634976.1900000004
 20
1101625.0500000008
 30
1.0
  0
VERTEX
  8
0
 10
634726.5899999999
 20
1101173.0500000008
 30
1.0
  0
VERTEX
  8
0
 10
634508.1900000004
 20
1101204.0500000008
 30
1.0
  0
VERTEX
  8
0
 10
634398.9900000002
 20
1101344.0500000008
 30
1.0
  0
VERTEX
  8
0
 10
634445.7900000000
 20
1101812.0500000007
 30
1.0
  0
VERTEX
  8
0
 10
634601.7900000000
 20
1102124.0500000007
 30
1.0
  0
VERTEX
  8
0
 10
634664.1900000004
 20
1102951.0500000008
 30
1.0
  0
VERTEX
  8
0
 10
634305.4900000002
 20
1103637.0500000008
 30
1.0
  0
VERTEX
  8
0
 10
634243.0899999999
 20
1104588.0500000008
 30
1.0
  0
VERTEX
  8
0
 10
634102.6900000004
 20
1104713.0500000008
 30
1.0
  0
VERTEX
  8
0
 10
634133.8899999997
 20
1105056.0500000008
 30
1.0
  0
VERTEX
  8
0
 10
634258.6900000004
 20
1105259.0500000007
 30
1.0
  0
VERTEX
  8
0
 10
634274.2900000000
 20
1105462.0500000008
 30
1.0
  0
VERTEX
  8
0
 10
634118.2900000000
 20
1105618.0500000008
 30
1.0
  0
VERTEX
  8
0
 10
633962.2900000000
 20
1105665.0500000007
 30
1.0
  0
VERTEX
  8
0
 10
633650.2900000000
 20
1105290.0500000008
 30
1.0
  0
VERTEX
  8
0
 10
633275.9900000002
 20
1105010.0500000007
 30
1.0
  0
VERTEX
  8
0
 10
632761.2800000003
 20
1104807.0500000008
 30
1.0
  0
VERTEX
  8
0
 10
632979.6900000004
 20
1105618.0500000008
 30
1.0
  0
VERTEX
  8
0
 10
633010.7900000000
 20
1106335.0500000007
 30
1.0
  0
VERTEX
  8
0
 10
632939.4347999999
 20
1106977.8713000007
 30
1.0
  0
VERTEX
  8
0
 10
633122.3342000004
 20
1107267.5559999999
 30
1.0
  0
VERTEX
  8
0
 10
633122.3443000000
 20
1107267.5714999996
 30
1.0
  0
VERTEX
  8
0
 10
653084.9900000002
 20
1078229.0500000007
 30
1.0
  0
VERTEX
  8
0
 10
652679.3899999997
 20
1077480.0500000007
 30
1.0
  0
VERTEX
  8
0
 10
652663.7900000000
 20
1077215.0500000008
 30
1.0
  0
VERTEX
  8
0
 10
653755.6900000004
 20
1078135.0500000007
 30
1.0
  0
VERTEX
  8
0
 10
654036.3899999997
 20
1079071.0500000008
 30
1.0
  0
VERTEX
  8
0
 10
654519.9900000002
 20
1079882.0500000008
 30
1.0
  0
VERTEX
  8
0
 10
654707.0899999999
 20
1080521.0500000008
 30
1.0
  0
VERTEX
  8
0
 10
654707.0899999999
 20
1080709.0399999991
 30
1.0
  0
VERTEX
  8
0
 10
654036.3899999997
 20
1080256.0500000008
 30
1.0
  0
VERTEX
  8
0
 10
653911.6900000004
 20
1080069.0500000008
 30
1.0
  0
VERTEX
  8
0
 10
653771.2900000000
 20
1079398.0500000007
 30
1.0
  0
VERTEX
  8
0
 10
653084.9900000002
 20
1078229.0500000007
 30
1.0
  0
VERTEX
  8
0
 10
654301.5899999999
 20
1081644.0500000008
 30
1.0
  0
VERTEX
  8
0
 10
653958.3899999997
 20
1080896.0500000007
 30
1.0
  0
VERTEX
  8
0
 10
653552.8899999997
 20
1080521.0500000008
 30
1.0
  0
VERTEX
  8
0
 10
653521.6900000004
 20
1080303.0500000007
 30
1.0
  0
VERTEX
  8
0
 10
653740.0899999999
 20
1080194.0500000008
 30
1.0
  0
VERTEX
  8
0
 10
654067.5899999999
 20
1080662.0500000008
 30
1.0
  0
VERTEX
  8
0
 10
654473.1900000004
 20
1081083.0500000008
 30
1.0
  0
VERTEX
  8
0
 10
654457.4900000002
 20
1081145.0500000008
 30
1.0
  0
VERTEX
  8
0
 10
654894.2800000003
 20
1081582.0500000008
 30
1.0
  0
VERTEX
  8
0
 10
654972.2900000000
 20
1081769.0500000008
 30
1.0
  0
VERTEX
  8
0
 10
654941.0899999999
 20
1081941.0500000008
 30
1.0
  0
VERTEX
  8
0
 10
654597.8899999997
 20
1081863.0500000008
 30
1.0
  0
VERTEX
  8
0
 10
654301.5899999999
 20
1081644.0500000008
 30
1.0
  0
VERTEX
  8
0
 10
634905.7484999998
 20
1110287.3626000006
 30
1.0
  0
VERTEX
  8
0
 10
634446.9830000000
 20
1110377.8902000003
 30
1.0
  0
VERTEX
  8
0
 10
633962.6213999996
 20
1110473.4688000009
 30
1.0
  0
VERTEX
  8
0
 10
634394.7954000002
 20
1110963.0715999994
 30
1.0
  0
VERTEX
  8
0
 10
634378.8097000001
 20
1111076.3121000007
 30
1.0
  0
VERTEX
  8
0
 10
635069.6900000004
 20
1111030.0500000008
 30
1.0
  0
VERTEX
  8
0
 10
635381.6900000004
 20
1110937.0500000007
 30
1.0
  0
VERTEX
  8
0
 10
635428.4900000002
 20
1110843.0500000008
 30
1.0
  0
VERTEX
  8
0
 10
635303.6799999997
 20
1110422.0500000008
 30
1.0
  0
VERTEX
  8
0
 10
634930.2648000000
 20
1109965.3570000008
 30
1.0
  0
VERTEX
  8
0
 10
634905.7489999998
 20
1110287.3538000006
 30
1.0
  0
VERTEX
  8
0
 10
634905.7484999998
 20
1110287.3626000006
 30
1.0
  0
VERTEX
  8
0
 10
627754.4900000002
 20
1073799.0500000008
 30
1.0
  0
VERTEX
  8
0
 10
629376.5899999999
 20
1074267.0500000008
 30
1.0
  0
VERTEX
  8
0
 10
629938.1900000004
 20
1074298.0500000008
 30
1.0
  0
VERTEX
  8
0
 10
630328.0899999999
 20
1074391.0500000008
 30
1.0
  0
VERTEX
  8
0
 10
630421.6900000004
 20
1074469.0399999991
 30
1.0
  0
VERTEX
  8
0
 10
630998.7800000003
 20
1074625.0500000007
 30
1.0
  0
VERTEX
  8
0
 10
631638.2900000000
 20
1074719.0500000007
 30
1.0
  0
VERTEX
  8
0
 10
632012.5899999999
 20
1074859.0500000008
 30
1.0
  0
VERTEX
  8
0
 10
632137.3899999997
 20
1075015.0500000008
 30
1.0
  0
VERTEX
  8
0
 10
632059.3899999997
 20
1075171.0500000008
 30
1.0
  0
VERTEX
  8
0
 10
631887.7900000000
 20
1075249.0500000007
 30
1.0
  0
VERTEX
  8
0
 10
631622.6900000004
 20
1075218.0500000007
 30
1.0
  0
VERTEX
  8
0
 10
631092.2800000003
 20
1074937.0500000007
 30
1.0
  0
VERTEX
  8
0
 10
630390.4900000002
 20
1074672.0500000008
 30
1.0
  0
VERTEX
  8
0
 10
630156.4900000002
 20
1074766.0500000008
 30
1.0
  0
VERTEX
  8
0
 10
630140.8899999997
 20
1074953.0500000008
 30
1.0
  0
VERTEX
  8
0
 10
630203.2900000000
 20
1075125.0500000007
 30
1.0
  0
VERTEX
  8
0
 10
630359.2900000000
 20
1075296.0500000008
 30
1.0
  0
VERTEX
  8
0
 10
631388.6900000004
 20
1075670.0500000008
 30
1.0
  0
VERTEX
  8
0
 10
631794.1900000004
 20
1075733.0500000008
 30
1.0
  0
VERTEX
  8
0
 10
632184.1900000004
 20
1075639.0500000008
 30
1.0
  0
VERTEX
  8
0
 10
633572.2900000000
 20
1075842.0500000008
 30
1.0
  0
VERTEX
  8
0
 10
634586.1900000004
 20
1075733.0500000008
 30
1.0
  0
VERTEX
  8
0
 10
636457.8899999997
 20
1076107.0500000008
 30
1.0
  0
VERTEX
  8
0
 10
637175.3899999997
 20
1076388.0500000008
 30
1.0
  0
VERTEX
  8
0
 10
637986.4900000002
 20
1076045.0500000008
 30
1.0
  0
VERTEX
  8
0
 10
636567.0899999999
 20
1075499.0500000007
 30
1.0
  0
VERTEX
  8
0
 10
636395.4900000002
 20
1075359.0500000008
 30
1.0
  0
VERTEX
  8
0
 10
635802.7900000000
 20
1075249.0500000007
 30
1.0
  0
VERTEX
  8
0
 10
634508.1900000004
 20
1075265.0500000008
 30
1.0
  0
VERTEX
  8
0
 10
633634.7900000000
 20
1075093.0500000007
 30
1.0
  0
VERTEX
  8
0
 10
633494.3899999997
 20
1075000.0500000007
 30
1.0
  0
VERTEX
  8
0
 10
633431.9800000004
 20
1074859.0500000008
 30
1.0
  0
VERTEX
  8
0
 10
633619.1900000004
 20
1074610.0500000008
 30
1.0
  0
VERTEX
  8
0
 10
634476.9900000002
 20
1074189.0500000008
 30
1.0
  0
VERTEX
  8
0
 10
634664.1900000004
 20
1073970.0500000007
 30
1.0
  0
VERTEX
  8
0
 10
634726.5899999999
 20
1073736.0500000008
 30
1.0
  0
VERTEX
  8
0
 10
634523.7900000000
 20
1073190.0500000008
 30
1.0
  0
VERTEX
  8
0
 10
633775.1900000004
 20
1073253.0500000008
 30
1.0
  0
VERTEX
  8
0
 10
632979.6900000004
 20
1073175.0500000007
 30
1.0
  0
VERTEX
  8
0
 10
631014.2900000000
 20
1073378.0500000008
 30
1.0
  0
VERTEX
  8
0
 10
630577.6900000004
 20
1073331.0500000007
 30
1.0
  0
VERTEX
  8
0
 10
630094.0899999999
 20
1073175.0500000007
 30
1.0
  0
VERTEX
  8
0
 10
629220.6900000004
 20
1073206.0500000007
 30
1.0
  0
VERTEX
  8
0
 10
628565.4900000002
 20
1073346.0500000008
 30
1.0
  0
VERTEX
  8
0
 10
627411.2900000000
 20
1073081.0500000008
 30
1.0
  0
VERTEX
  8
0
 10
627021.2900000000
 20
1073565.0500000008
 30
1.0
  0
VERTEX
  8
0
 10
626631.3899999997
 20
1074080.0500000008
 30
1.0
  0
VERTEX
  8
0
 10
626335.0899999999
 20
1074485.0500000008
 30
1.0
  0
VERTEX
  8
0
 10
625960.6900000004
 20
1074891.0500000008
 30
1.0
  0
VERTEX
  8
0
 10
625633.1900000004
 20
1075249.0500000007
 30
1.0
  0
VERTEX
  8
0
 10
625352.3799999999
 20
1075608.0500000008
 30
1.0
  0
VERTEX
  8
0
 10
625040.4900000002
 20
1075951.0500000008
 30
1.0
  0
VERTEX
  8
0
 10
624728.4900000002
 20
1076170.0500000008
 30
1.0
  0
VERTEX
  8
0
 10
625367.9900000002
 20
1076310.0500000008
 30
1.0
  0
VERTEX
  8
0
 10
625399.1900000004
 20
1076731.0500000007
 30
1.0
  0
VERTEX
  8
0
 10
625211.9900000002
 20
1077339.0500000008
 30
1.0
  0
VERTEX
  8
0
 10
625633.1900000004
 20
1077215.0500000008
 30
1.0
  0
VERTEX
  8
0
 10
625508.3899999997
 20
1077948.0500000007
 30
1.0
  0
VERTEX
  8
0
 10
625243.1900000004
 20
1078322.0500000008
 30
1.0
  0
VERTEX
  8
0
 10
625102.7900000000
 20
1078650.0500000008
 30
1.0
  0
VERTEX
  8
0
 10
625289.9900000002
 20
1078884.0500000008
 30
1.0
  0
VERTEX
  8
0
 10
625383.6900000004
 20
1078884.0500000008
 30
1.0
  0
VERTEX
  8
0
 10
625789.1900000004
 20
1078431.0500000008
 30
1.0
  0
VERTEX
  8
0
 10
626194.6900000004
 20
1078603.0500000008
 30
1.0
  0
VERTEX
  8
0
 10
626927.7900000000
 20
1079180.0500000008
 30
1.0
  0
VERTEX
  8
0
 10
627832.4900000002
 20
1079352.0500000008
 30
1.0
  0
VERTEX
  8
0
 10
628362.7900000000
 20
1079617.0500000007
 30
1.0
  0
VERTEX
  8
0
 10
628565.4900000002
 20
1079851.0500000008
 30
1.0
  0
VERTEX
  8
0
 10
628768.2900000000
 20
1080303.0500000007
 30
1.0
  0
VERTEX
  8
0
 10
628627.8899999997
 20
1080709.0399999991
 30
1.0
  0
VERTEX
  8
0
 10
628409.4900000002
 20
1080958.0500000008
 30
1.0
  0
VERTEX
  8
0
 10
628050.7900000000
 20
1081161.0500000008
 30
1.0
  0
VERTEX
  8
0
 10
627629.6900000004
 20
1081270.0500000008
 30
1.0
  0
VERTEX
  8
0
 10
627224.1900000004
 20
1081239.0500000008
 30
1.0
  0
VERTEX
  8
0
 10
626600.1900000004
 20
1081083.0500000008
 30
1.0
  0
VERTEX
  8
0
 10
626381.7900000000
 20
1080911.0500000008
 30
1.0
  0
VERTEX
  8
0
 10
626350.6799999997
 20
1080709.0399999991
 30
1.0
  0
VERTEX
  8
0
 10
626459.7900000000
 20
1080397.0500000007
 30
1.0
  0
VERTEX
  8
0
 10
627036.9900000002
 20
1080209.0500000007
 30
1.0
  0
VERTEX
  8
0
 10
627083.7900000000
 20
1080100.0500000008
 30
1.0
  0
VERTEX
  8
0
 10
626990.1900000004
 20
1079944.0500000008
 30
1.0
  0
VERTEX
  8
0
 10
626740.5899999999
 20
1079788.0500000008
 30
1.0
  0
VERTEX
  8
0
 10
625601.9900000002
 20
1079773.0500000007
 30
1.0
  0
VERTEX
  8
0
 10
625289.9900000002
 20
1080178.0500000007
 30
1.0
  0
VERTEX
  8
0
 10
624790.8799999999
 20
1080209.0500000007
 30
1.0
  0
VERTEX
  8
0
 10
624322.9900000002
 20
1080412.0500000008
 30
1.0
  0
VERTEX
  8
0
 10
624510.1900000004
 20
1080521.0500000008
 30
1.0
  0
VERTEX
  8
0
 10
624884.4900000002
 20
1080584.0500000007
 30
1.0
  0
VERTEX
  8
0
 10
625430.3899999997
 20
1080849.0500000008
 30
1.0
  0
VERTEX
  8
0
 10
625835.9900000002
 20
1081161.0500000008
 30
1.0
  0
VERTEX
  8
0
 10
625882.6900000004
 20
1081442.0500000008
 30
1.0
  0
VERTEX
  8
0
 10
625523.9900000002
 20
1081364.0500000008
 30
1.0
  0
VERTEX
  8
0
 10
625461.5800000001
 20
1081520.0500000008
 30
1.0
  0
VERTEX
  8
0
 10
625601.9900000002
 20
1081988.0500000008
 30
1.0
  0
VERTEX
  8
0
 10
625867.1900000004
 20
1082144.0500000008
 30
1.0
  0
VERTEX
  8
0
 10
626116.6900000004
 20
1082190.0500000007
 30
1.0
  0
VERTEX
  8
0
 10
627099.2900000000
 20
1082019.0500000008
 30
1.0
  0
VERTEX
  8
0
 10
626007.4800000004
 20
1081348.0500000008
 30
1.0
  0
VERTEX
  8
0
 10
625882.6900000004
 20
1081161.0500000008
 30
1.0
  0
VERTEX
  8
0
 10
625945.1900000004
 20
1080989.0500000008
 30
1.0
  0
VERTEX
  8
0
 10
626553.4900000002
 20
1081208.0500000008
 30
1.0
  0
VERTEX
  8
0
 10
627114.9900000002
 20
1081598.0500000008
 30
1.0
  0
VERTEX
  8
0
 10
627598.4900000002
 20
1081925.0500000008
 30
1.0
  0
VERTEX
  8
0
 10
629111.4900000002
 20
1082611.0500000008
 30
1.0
  0
VERTEX
  8
0
 10
629828.9900000002
 20
1083485.0500000008
 30
1.0
  0
VERTEX
  8
0
 10
630530.7900000000
 20
1083625.0500000008
 30
1.0
  0
VERTEX
  8
0
 10
630780.3899999997
 20
1083844.0500000008
 30
1.0
  0
VERTEX
  8
0
 10
630983.1900000004
 20
1084171.0500000007
 30
1.0
  0
VERTEX
  8
0
 10
631373.0899999999
 20
1084000.0399999991
 30
1.0
  0
VERTEX
  8
0
 10
631607.0899999999
 20
1083781.0500000008
 30
1.0
  0
VERTEX
  8
0
 10
631669.4900000002
 20
1083500.0500000008
 30
1.0
  0
VERTEX
  8
0
 10
631903.3899999997
 20
1083173.0500000008
 30
1.0
  0
VERTEX
  8
0
 10
632199.7900000000
 20
1082986.0500000008
 30
1.0
  0
VERTEX
  8
0
 10
632480.4900000002
 20
1082923.0500000008
 30
1.0
  0
VERTEX
  8
0
 10
633369.5899999999
 20
1083126.0500000008
 30
1.0
  0
VERTEX
  8
0
 10
634274.2900000000
 20
1083189.0500000007
 30
1.0
  0
VERTEX
  8
0
 10
634274.2900000000
 20
1083703.0500000008
 30
1.0
  0
VERTEX
  8
0
 10
634757.7800000003
 20
1083500.0500000008
 30
1.0
  0
VERTEX
  8
0
 10
635178.8899999997
 20
1083516.0500000008
 30
1.0
  0
VERTEX
  8
0
 10
635662.4900000002
 20
1083734.0500000007
 30
1.0
  0
VERTEX
  8
0
 10
636223.9900000002
 20
1084280.0500000008
 30
1.0
  0
VERTEX
  8
0
 10
636972.6799999997
 20
1083968.0500000008
 30
1.0
  0
VERTEX
  8
0
 10
637300.1799999997
 20
1083968.0500000008
 30
1.0
  0
VERTEX
  8
0
 10
637846.0800000001
 20
1084109.0500000008
 30
1.0
  0
VERTEX
  8
0
 10
638111.2900000000
 20
1084046.0500000007
 30
1.0
  0
VERTEX
  8
0
 10
638360.7900000000
 20
1083859.0500000008
 30
1.0
  0
VERTEX
  8
0
 10
638937.9900000002
 20
1083641.0500000008
 30
1.0
  0
VERTEX
  8
0
 10
640825.2900000000
 20
1083454.0500000008
 30
1.0
  0
VERTEX
  8
0
 10
641495.9900000002
 20
1083547.0500000008
 30
1.0
  0
VERTEX
  8
0
 10
642010.6900000004
 20
1083345.0500000007
 30
1.0
  0
VERTEX
  8
0
 10
642072.9900000002
 20
1083251.0500000007
 30
1.0
  0
VERTEX
  8
0
 10
642072.9900000002
 20
1083095.0500000007
 30
1.0
  0
VERTEX
  8
0
 10
641589.4900000002
 20
1082752.0500000007
 30
1.0
  0
VERTEX
  8
0
 10
641636.2900000000
 20
1082565.0500000007
 30
1.0
  0
VERTEX
  8
0
 10
641870.2900000000
 20
1082440.0500000007
 30
1.0
  0
VERTEX
  8
0
 10
642213.4900000002
 20
1082409.0500000007
 30
1.0
  0
VERTEX
  8
0
 10
642478.5899999999
 20
1082284.0500000007
 30
1.0
  0
VERTEX
  8
0
 10
642852.9900000002
 20
1081691.0399999991
 30
1.0
  0
VERTEX
  8
0
 10
642728.1799999997
 20
1080974.0500000008
 30
1.0
  0
VERTEX
  8
0
 10
642338.1900000004
 20
1080911.0500000008
 30
1.0
  0
VERTEX
  8
0
 10
642057.4800000004
 20
1081067.0500000008
 30
1.0
  0
VERTEX
  8
0
 10
641449.1900000004
 20
1081613.0500000008
 30
1.0
  0
VERTEX
  8
0
 10
641246.3899999997
 20
1081691.0399999991
 30
1.0
  0
VERTEX
  8
0
 10
640684.7900000000
 20
1081504.0500000008
 30
1.0
  0
VERTEX
  8
0
 10
640497.6900000004
 20
1081520.0500000008
 30
1.0
  0
VERTEX
  8
0
 10
640014.1900000004
 20
1081738.0500000008
 30
1.0
  0
VERTEX
  8
0
 10
639499.4900000002
 20
1081644.0500000008
 30
1.0
  0
VERTEX
  8
0
 10
639234.2900000000
 20
1081722.0500000007
 30
1.0
  0
VERTEX
  8
0
 10
638891.1900000004
 20
1082003.0500000007
 30
1.0
  0
VERTEX
  8
0
 10
638688.3899999997
 20
1082284.0500000007
 30
1.0
  0
VERTEX
  8
0
 10
638438.7900000000
 20
1082455.0500000008
 30
1.0
  0
VERTEX
  8
0
 10
638220.4900000002
 20
1082455.0500000008
 30
1.0
  0
VERTEX
  8
0
 10
637736.8799999999
 20
1082128.0500000007
 30
1.0
  0
VERTEX
  8
0
 10
637471.7900000000
 20
1081816.0500000007
 30
1.0
  0
VERTEX
  8
0
 10
637066.1900000004
 20
1081629.0500000008
 30
1.0
  0
VERTEX
  8
0
 10
636816.6900000004
 20
1081629.0500000008
 30
1.0
  0
VERTEX
  8
0
 10
636707.4900000002
 20
1081691.0399999991
 30
1.0
  0
VERTEX
  8
0
 10
636676.2900000000
 20
1081878.0500000007
 30
1.0
  0
VERTEX
  8
0
 10
637034.9900000002
 20
1082393.0500000008
 30
1.0
  0
VERTEX
  8
0
 10
637003.7900000000
 20
1082674.0399999991
 30
1.0
  0
VERTEX
  8
0
 10
636660.6900000004
 20
1082923.0500000008
 30
1.0
  0
VERTEX
  8
0
 10
636348.6900000004
 20
1083033.0500000007
 30
1.0
  0
VERTEX
  8
0
 10
635490.7900000000
 20
1083064.0500000007
 30
1.0
  0
VERTEX
  8
0
 10
635163.2900000000
 20
1082565.0500000007
 30
1.0
  0
VERTEX
  8
0
 10
634944.9900000002
 20
1082097.0500000007
 30
1.0
  0
VERTEX
  8
0
 10
634430.1900000004
 20
1082299.0500000008
 30
1.0
  0
VERTEX
  8
0
 10
633915.4900000002
 20
1082253.0500000007
 30
1.0
  0
VERTEX
  8
0
 10
633806.2900000000
 20
1082144.0500000008
 30
1.0
  0
VERTEX
  8
0
 10
633806.2900000000
 20
1081863.0500000008
 30
1.0
  0
VERTEX
  8
0
 10
634352.1900000004
 20
1080974.0500000008
 30
1.0
  0
VERTEX
  8
0
 10
634320.9900000002
 20
1080818.0500000008
 30
1.0
  0
VERTEX
  8
0
 10
634227.4900000002
 20
1080724.0500000008
 30
1.0
  0
VERTEX
  8
0
 10
633962.2900000000
 20
1080631.0500000008
 30
1.0
  0
VERTEX
  8
0
 10
633213.5899999999
 20
1080693.0500000008
 30
1.0
  0
VERTEX
  8
0
 10
632963.9900000002
 20
1080584.0500000007
 30
1.0
  0
VERTEX
  8
0
 10
632574.0899999999
 20
1079320.0500000008
 30
1.0
  0
VERTEX
  8
0
 10
632745.6900000004
 20
1078837.0500000008
 30
1.0
  0
VERTEX
  8
0
 10
632979.6900000004
 20
1078665.0500000008
 30
1.0
  0
VERTEX
  8
0
 10
633213.5899999999
 20
1078634.0500000008
 30
1.0
  0
VERTEX
  8
0
 10
634742.1900000004
 20
1079086.0500000007
 30
1.0
  0
VERTEX
  8
0
 10
634898.1900000004
 20
1079055.0500000007
 30
1.0
  0
VERTEX
  8
0
 10
635522.0899999999
 20
1078681.0500000008
 30
1.0
  0
VERTEX
  8
0
 10
636052.3899999997
 20
1078494.0500000008
 30
1.0
  0
VERTEX
  8
0
 10
636426.6900000004
 20
1078572.0500000007
 30
1.0
  0
VERTEX
  8
0
 10
636769.8899999997
 20
1078743.0399999991
 30
1.0
  0
VERTEX
  8
0
 10
637877.2900000000
 20
1079585.0500000007
 30
1.0
  0
VERTEX
  8
0
 10
638469.9900000002
 20
1080194.0500000008
 30
1.0
  0
VERTEX
  8
0
 10
638891.1900000004
 20
1080537.0500000008
 30
1.0
  0
VERTEX
  8
0
 10
639093.8899999997
 20
1080615.0500000007
 30
1.0
  0
VERTEX
  8
0
 10
639577.4900000002
 20
1080209.0500000007
 30
1.0
  0
VERTEX
  8
0
 10
639826.9900000002
 20
1080163.0500000008
 30
1.0
  0
VERTEX
  8
0
 10
640263.6900000004
 20
1080334.0500000007
 30
1.0
  0
VERTEX
  8
0
 10
640575.6900000004
 20
1080537.0500000008
 30
1.0
  0
VERTEX
  8
0
 10
640731.6799999997
 20
1080475.0500000008
 30
1.0
  0
VERTEX
  8
0
 10
640809.6900000004
 20
1080241.0500000007
 30
1.0
  0
VERTEX
  8
0
 10
640591.2900000000
 20
1079866.0500000007
 30
1.0
  0
VERTEX
  8
0
 10
640669.2900000000
 20
1079414.0500000008
 30
1.0
  0
VERTEX
  8
0
 10
640372.8899999997
 20
1078915.0500000008
 30
1.0
  0
VERTEX
  8
0
 10
639109.4900000002
 20
1077995.0500000008
 30
1.0
  0
VERTEX
  8
0
 10
638781.9900000002
 20
1077308.0500000008
 30
1.0
  0
VERTEX
  8
0
 10
637924.0899999999
 20
1077246.0500000008
 30
1.0
  0
VERTEX
  8
0
 10
636520.2800000003
 20
1076825.0500000008
 30
1.0
  0
VERTEX
  8
0
 10
635568.7900000000
 20
1076638.0500000008
 30
1.0
  0
VERTEX
  8
0
 10
632074.9900000002
 20
1076123.0500000008
 30
1.0
  0
VERTEX
  8
0
 10
630842.7900000000
 20
1075811.0500000007
 30
1.0
  0
VERTEX
  8
0
 10
629548.1900000004
 20
1075811.0500000007
 30
1.0
  0
VERTEX
  8
0
 10
629314.1900000004
 20
1075702.0500000008
 30
1.0
  0
VERTEX
  8
0
 10
629360.9900000002
 20
1075296.0500000008
 30
1.0
  0
VERTEX
  8
0
 10
629329.7800000003
 20
1074859.0500000008
 30
1.0
  0
VERTEX
  8
0
 10
628861.8899999997
 20
1074438.0500000007
 30
1.0
  0
VERTEX
  8
0
 10
628565.4900000002
 20
1074329.0500000008
 30
1.0
  0
VERTEX
  8
0
 10
627925.9900000002
 20
1074267.0500000008
 30
1.0
  0
VERTEX
  8
0
 10
627130.4900000002
 20
1074391.0500000008
 30
1.0
  0
VERTEX
  8
0
 10
626943.3899999997
 20
1074345.0500000008
 30
1.0
  0
VERTEX
  8
0
 10
626974.5899999999
 20
1074142.0500000008
 30
1.0
  0
VERTEX
  8
0
 10
627270.8899999997
 20
1073861.0500000008
 30
1.0
  0
VERTEX
  8
0
 10
627754.4900000002
 20
1073799.0500000008
 30
1.0
  0
VERTEX
  8
0
 10
635116.4900000002
 20
1087915.0500000008
 30
1.0
  0
VERTEX
  8
0
 10
635397.2900000000
 20
1088055.0500000007
 30
1.0
  0
VERTEX
  8
0
 10
635631.2900000000
 20
1087868.0500000007
 30
1.0
  0
VERTEX
  8
0
 10
636005.5899999999
 20
1088086.0500000008
 30
1.0
  0
VERTEX
  8
0
 10
636551.4900000002
 20
1087010.0500000008
 30
1.0
  0
VERTEX
  8
0
 10
636457.8899999997
 20
1086729.0500000008
 30
1.0
  0
VERTEX
  8
0
 10
636348.6900000004
 20
1086651.0500000007
 30
1.0
  0
VERTEX
  8
0
 10
636114.7900000000
 20
1086698.0500000008
 30
1.0
  0
VERTEX
  8
0
 10
635506.4900000002
 20
1087182.0500000007
 30
1.0
  0
VERTEX
  8
0
 10
635241.2900000000
 20
1086526.0500000007
 30
1.0
  0
VERTEX
  8
0
 10
634882.5899999999
 20
1086729.0500000008
 30
1.0
  0
VERTEX
  8
0
 10
634757.7800000003
 20
1086667.0500000008
 30
1.0
  0
VERTEX
  8
0
 10
634243.0899999999
 20
1086043.0500000008
 30
1.0
  0
VERTEX
  8
0
 10
633993.4900000002
 20
1086168.0500000008
 30
1.0
  0
VERTEX
  8
0
 10
633634.7900000000
 20
1086901.0500000007
 30
1.0
  0
VERTEX
  8
0
 10
633322.7900000000
 20
1086152.0500000008
 30
1.0
  0
VERTEX
  8
0
 10
632886.0899999999
 20
1085778.0500000008
 30
1.0
  0
VERTEX
  8
0
 10
632340.1900000004
 20
1085559.0500000008
 30
1.0
  0
VERTEX
  8
0
 10
631918.9900000002
 20
1085247.0500000008
 30
1.0
  0
VERTEX
  8
0
 10
631497.8899999997
 20
1085497.0500000008
 30
1.0
  0
VERTEX
  8
0
 10
631263.8899999997
 20
1085435.0500000008
 30
1.0
  0
VERTEX
  8
0
 10
630764.7900000000
 20
1085076.0500000007
 30
1.0
  0
VERTEX
  8
0
 10
630296.7900000000
 20
1084951.0500000007
 30
1.0
  0
VERTEX
  8
0
 10
629142.6900000004
 20
1084904.0500000008
 30
1.0
  0
VERTEX
  8
0
 10
628487.4900000002
 20
1084951.0500000007
 30
1.0
  0
VERTEX
  8
0
 10
628175.5899999999
 20
1085216.0500000008
 30
1.0
  0
VERTEX
  8
0
 10
628113.1799999997
 20
1085372.0500000008
 30
1.0
  0
VERTEX
  8
0
 10
628175.5899999999
 20
1085559.0500000008
 30
1.0
  0
VERTEX
  8
0
 10
628347.1799999997
 20
1085762.0500000008
 30
1.0
  0
VERTEX
  8
0
 10
628627.8899999997
 20
1085934.0500000008
 30
1.0
  0
VERTEX
  8
0
 10
629080.2900000000
 20
1086058.0500000008
 30
1.0
  0
VERTEX
  8
0
 10
629345.3899999997
 20
1086230.0500000008
 30
1.0
  0
VERTEX
  8
0
 10
629969.2900000000
 20
1087166.0500000008
 30
1.0
  0
VERTEX
  8
0
 10
630468.4900000002
 20
1088227.0500000008
 30
1.0
  0
VERTEX
  8
0
 10
630639.9900000002
 20
1088461.0500000007
 30
1.0
  0
VERTEX
  8
0
 10
630624.3899999997
 20
1088960.0500000008
 30
1.0
  0
VERTEX
  8
0
 10
630499.6900000004
 20
1089178.0500000008
 30
1.0
  0
VERTEX
  8
0
 10
629969.2900000000
 20
1089396.0500000008
 30
1.0
  0
VERTEX
  8
0
 10
629813.2900000000
 20
1089584.0500000008
 30
1.0
  0
VERTEX
  8
0
 10
629672.9800000004
 20
1090036.0500000007
 30
1.0
  0
VERTEX
  8
0
 10
629111.4900000002
 20
1090379.0500000007
 30
1.0
  0
VERTEX
  8
0
 10
628893.0800000001
 20
1090847.0500000008
 30
1.0
  0
VERTEX
  8
0
 10
629173.7900000000
 20
1090956.0500000008
 30
1.0
  0
VERTEX
  8
0
 10
629267.3899999997
 20
1090878.0399999991
 30
1.0
  0
VERTEX
  8
0
 10
629454.5899999999
 20
1090863.0500000008
 30
1.0
  0
VERTEX
  8
0
 10
629641.7900000000
 20
1090987.0500000008
 30
1.0
  0
VERTEX
  8
0
 10
630000.4800000004
 20
1090644.0500000008
 30
1.0
  0
VERTEX
  8
0
 10
630452.7900000000
 20
1090036.0500000007
 30
1.0
  0
VERTEX
  8
0
 10
631341.8899999997
 20
1089350.0500000008
 30
1.0
  0
VERTEX
  8
0
 10
631622.6900000004
 20
1089303.0500000008
 30
1.0
  0
VERTEX
  8
0
 10
631981.3899999997
 20
1089334.0500000008
 30
1.0
  0
VERTEX
  8
0
 10
632979.6900000004
 20
1089740.0500000008
 30
1.0
  0
VERTEX
  8
0
 10
634367.7900000000
 20
1090129.0500000007
 30
1.0
  0
VERTEX
  8
0
 10
635194.4800000004
 20
1090566.0500000008
 30
1.0
  0
VERTEX
  8
0
 10
635303.6799999997
 20
1090332.0500000008
 30
1.0
  0
VERTEX
  8
0
 10
635022.9900000002
 20
1089693.0500000007
 30
1.0
  0
VERTEX
  8
0
 10
635038.4900000002
 20
1089350.0500000008
 30
1.0
  0
VERTEX
  8
0
 10
635366.0899999999
 20
1089490.0500000008
 30
1.0
  0
VERTEX
  8
0
 10
635724.7900000000
 20
1089365.0500000008
 30
1.0
  0
VERTEX
  8
0
 10
635943.1900000004
 20
1089162.0500000007
 30
1.0
  0
VERTEX
  8
0
 10
636177.1900000004
 20
1089147.0500000008
 30
1.0
  0
VERTEX
  8
0
 10
636192.7900000000
 20
1088991.0500000008
 30
1.0
  0
VERTEX
  8
0
 10
636067.9900000002
 20
1088835.0500000008
 30
1.0
  0
VERTEX
  8
0
 10
635849.5899999999
 20
1088804.0500000008
 30
1.0
  0
VERTEX
  8
0
 10
635537.6799999997
 20
1088663.0500000008
 30
1.0
  0
VERTEX
  8
0
 10
634929.2900000000
 20
1088071.0500000008
 30
1.0
  0
VERTEX
  8
0
 10
634976.1900000004
 20
1087915.0500000008
 30
1.0
  0
VERTEX
  8
0
 10
635116.4900000002
 20
1087915.0500000008
 30
1.0
  0
VERTEX
  8
0
 10
631607.0899999999
 20
1091720.0500000008
 30
1.0
  0
VERTEX
  8
0
 10
631201.4900000002
 20
1091330.0500000007
 30
1.0
  0
VERTEX
  8
0
 10
631310.6900000004
 20
1090925.0500000008
 30
1.0
  0
VERTEX
  8
0
 10
632402.4900000002
 20
1090379.0500000007
 30
1.0
  0
VERTEX
  8
0
 10
632589.6900000004
 20
1090207.0500000008
 30
1.0
  0
VERTEX
  8
0
 10
632620.8899999997
 20
1090051.0500000008
 30
1.0
  0
VERTEX
  8
0
 10
632496.1900000004
 20
1089911.0500000007
 30
1.0
  0
VERTEX
  8
0
 10
632152.9900000002
 20
1089833.0500000008
 30
1.0
  0
VERTEX
  8
0
 10
631154.6900000004
 20
1089864.0500000008
 30
1.0
  0
VERTEX
  8
0
 10
630920.7900000000
 20
1090020.0500000008
 30
1.0
  0
VERTEX
  8
0
 10
630655.5800000001
 20
1090363.0500000008
 30
1.0
  0
VERTEX
  8
0
 10
630109.6799999997
 20
1091752.0500000008
 30
1.0
  0
VERTEX
  8
0
 10
629657.2800000003
 20
1092251.0500000008
 30
1.0
  0
VERTEX
  8
0
 10
629095.7900000000
 20
1092500.0500000008
 30
1.0
  0
VERTEX
  8
0
 10
628846.2900000000
 20
1092906.0500000008
 30
1.0
  0
VERTEX
  8
0
 10
628643.4900000002
 20
1092890.0500000007
 30
1.0
  0
VERTEX
  8
0
 10
628425.1900000004
 20
1093077.0500000008
 30
1.0
  0
VERTEX
  8
0
 10
628237.9900000002
 20
1093436.0500000008
 30
1.0
  0
VERTEX
  8
0
 10
628206.7900000000
 20
1094122.0500000007
 30
1.0
  0
VERTEX
  8
0
 10
628362.7900000000
 20
1094185.0500000008
 30
1.0
  0
VERTEX
  8
0
 10
628768.2900000000
 20
1094154.0500000008
 30
1.0
  0
VERTEX
  8
0
 10
629844.4900000002
 20
1094590.0500000007
 30
1.0
  0
VERTEX
  8
0
 10
630078.4900000002
 20
1094419.0500000008
 30
1.0
  0
VERTEX
  8
0
 10
630265.6900000004
 20
1094013.0500000008
 30
1.0
  0
VERTEX
  8
0
 10
630499.6900000004
 20
1093811.0500000008
 30
1.0
  0
VERTEX
  8
0
 10
630530.7900000000
 20
1093561.0500000008
 30
1.0
  0
VERTEX
  8
0
 10
630437.1799999997
 20
1093405.0500000008
 30
1.0
  0
VERTEX
  8
0
 10
630000.4800000004
 20
1093233.0500000008
 30
1.0
  0
VERTEX
  8
0
 10
629766.4800000004
 20
1093077.0500000008
 30
1.0
  0
VERTEX
  8
0
 10
629672.9800000004
 20
1092843.0399999991
 30
1.0
  0
VERTEX
  8
0
 10
629750.9900000002
 20
1092719.0500000008
 30
1.0
  0
VERTEX
  8
0
 10
630421.6900000004
 20
1092828.0500000007
 30
1.0
  0
VERTEX
  8
0
 10
630889.5800000001
 20
1092797.0500000007
 30
1.0
  0
VERTEX
  8
0
 10
631201.4900000002
 20
1092641.0500000007
 30
1.0
  0
VERTEX
  8
0
 10
631388.6900000004
 20
1092391.0500000007
 30
1.0
  0
VERTEX
  8
0
 10
631451.0899999999
 20
1092079.0500000007
 30
1.0
  0
VERTEX
  8
0
 10
631607.0899999999
 20
1091876.0500000008
 30
1.0
  0
VERTEX
  8
0
 10
631607.0899999999
 20
1091720.0500000008
 30
1.0
  0
VERTEX
  8
0
 10
642026.2900000000
 20
1089038.0500000008
 30
1.0
  0
VERTEX
  8
0
 10
642400.5899999999
 20
1088835.0500000008
 30
1.0
  0
VERTEX
  8
0
 10
643086.8899999997
 20
1089131.0500000007
 30
1.0
  0
VERTEX
  8
0
 10
643289.6900000004
 20
1089116.0500000008
 30
1.0
  0
VERTEX
  8
0
 10
643476.7900000000
 20
1088991.0500000008
 30
1.0
  0
VERTEX
  8
0
 10
643476.7900000000
 20
1088882.0500000008
 30
1.0
  0
VERTEX
  8
0
 10
643227.2900000000
 20
1088601.0500000008
 30
1.0
  0
VERTEX
  8
0
 10
643274.0800000001
 20
1088414.0500000008
 30
1.0
  0
VERTEX
  8
0
 10
643897.9900000002
 20
1088180.0500000007
 30
1.0
  0
VERTEX
  8
0
 10
644178.6900000004
 20
1088694.0500000007
 30
1.0
  0
VERTEX
  8
0
 10
644537.4900000002
 20
1089038.0500000008
 30
1.0
  0
VERTEX
  8
0
 10
644708.9800000004
 20
1089303.0500000008
 30
1.0
  0
VERTEX
  8
0
 10
644287.8899999997
 20
1089599.0500000007
 30
1.0
  0
VERTEX
  8
0
 10
644241.1900000004
 20
1089693.0500000007
 30
1.0
  0
VERTEX
  8
0
 10
644303.4900000002
 20
1089989.0500000008
 30
1.0
  0
VERTEX
  8
0
 10
644974.1900000004
 20
1090098.0500000007
 30
1.0
  0
VERTEX
  8
0
 10
644662.2900000000
 20
1090613.0500000008
 30
1.0
  0
VERTEX
  8
0
 10
644334.6900000004
 20
1090753.0500000008
 30
1.0
  0
VERTEX
  8
0
 10
644209.8899999997
 20
1091081.0500000008
 30
1.0
  0
VERTEX
  8
0
 10
643726.3899999997
 20
1090738.0500000008
 30
1.0
  0
VERTEX
  8
0
 10
643492.4900000002
 20
1090738.0500000008
 30
1.0
  0
VERTEX
  8
0
 10
643461.1900000004
 20
1090941.0500000007
 30
1.0
  0
VERTEX
  8
0
 10
643585.9900000002
 20
1091206.0500000008
 30
1.0
  0
VERTEX
  8
0
 10
644194.2900000000
 20
1091596.0500000008
 30
1.0
  0
VERTEX
  8
0
 10
644662.2900000000
 20
1091533.0500000008
 30
1.0
  0
VERTEX
  8
0
 10
645629.2900000000
 20
1092126.0500000008
 30
1.0
  0
VERTEX
  8
0
 10
645894.4900000002
 20
1092095.0500000008
 30
1.0
  0
VERTEX
  8
0
 10
646315.5899999999
 20
1091767.0500000007
 30
1.0
  0
VERTEX
  8
0
 10
646502.7900000000
 20
1092110.0500000007
 30
1.0
  0
VERTEX
  8
0
 10
646596.2900000000
 20
1092734.0500000007
 30
1.0
  0
VERTEX
  8
0
 10
647001.8899999997
 20
1093436.0500000008
 30
1.0
  0
VERTEX
  8
0
 10
646970.6900000004
 20
1093686.0500000008
 30
1.0
  0
VERTEX
  8
0
 10
646861.4900000002
 20
1093764.0500000008
 30
1.0
  0
VERTEX
  8
0
 10
646596.2900000000
 20
1093811.0500000008
 30
1.0
  0
VERTEX
  8
0
 10
646424.7900000000
 20
1093779.0500000007
 30
1.0
  0
VERTEX
  8
0
 10
646065.9900000002
 20
1093592.0500000008
 30
1.0
  0
VERTEX
  8
0
 10
645722.8899999997
 20
1093966.0500000007
 30
1.0
  0
VERTEX
  8
0
 10
645660.4900000002
 20
1094325.0500000008
 30
1.0
  0
VERTEX
  8
0
 10
645676.0899999999
 20
1095183.0500000007
 30
1.0
  0
VERTEX
  8
0
 10
645863.2900000000
 20
1095667.0500000008
 30
1.0
  0
VERTEX
  8
0
 10
646908.2900000000
 20
1096883.0500000007
 30
1.0
  0
VERTEX
  8
0
 10
647126.6900000004
 20
1097351.0500000007
 30
1.0
  0
VERTEX
  8
0
 10
647251.4900000002
 20
1097445.0500000007
 30
1.0
  0
VERTEX
  8
0
 10
647454.1900000004
 20
1097460.0500000008
 30
1.0
  0
VERTEX
  8
0
 10
647532.1900000004
 20
1097351.0500000007
 30
1.0
  0
VERTEX
  8
0
 10
647547.7900000000
 20
1097102.0500000007
 30
1.0
  0
VERTEX
  8
0
 10
647189.0899999999
 20
1096727.0500000007
 30
1.0
  0
VERTEX
  8
0
 10
647407.4900000002
 20
1096275.0500000008
 30
1.0
  0
VERTEX
  8
0
 10
647251.4900000002
 20
1095885.0500000008
 30
1.0
  0
VERTEX
  8
0
 10
647438.6900000004
 20
1094731.0500000008
 30
1.0
  0
VERTEX
  8
0
 10
647438.6900000004
 20
1094388.0500000008
 30
1.0
  0
VERTEX
  8
0
 10
647329.4900000002
 20
1093748.0500000008
 30
1.0
  0
VERTEX
  8
0
 10
647547.7900000000
 20
1092875.0500000008
 30
1.0
  0
VERTEX
  8
0
 10
647953.2900000000
 20
1091986.0500000008
 30
1.0
  0
VERTEX
  8
0
 10
648343.2900000000
 20
1090941.0500000007
 30
1.0
  0
VERTEX
  8
0
 10
648343.2900000000
 20
1090629.0500000007
 30
1.0
  0
VERTEX
  8
0
 10
648187.2900000000
 20
1090582.0500000008
 30
1.0
  0
VERTEX
  8
0
 10
647922.1799999997
 20
1091065.0500000008
 30
1.0
  0
VERTEX
  8
0
 10
647625.7900000000
 20
1091330.0500000007
 30
1.0
  0
VERTEX
  8
0
 10
647578.9900000002
 20
1091237.0500000008
 30
1.0
  0
VERTEX
  8
0
 10
647844.1900000004
 20
1089615.0500000008
 30
1.0
  0
VERTEX
  8
0
 10
648452.4900000002
 20
1087603.0500000008
 30
1.0
  0
VERTEX
  8
0
 10
648405.6900000004
 20
1087338.0500000007
 30
1.0
  0
VERTEX
  8
0
 10
648202.8899999997
 20
1087291.0500000008
 30
1.0
  0
VERTEX
  8
0
 10
647048.6900000004
 20
1088242.0500000008
 30
1.0
  0
VERTEX
  8
0
 10
646705.4900000002
 20
1088383.0500000008
 30
1.0
  0
VERTEX
  8
0
 10
646487.1799999997
 20
1088351.0500000008
 30
1.0
  0
VERTEX
  8
0
 10
645863.2900000000
 20
1086870.0500000008
 30
1.0
  0
VERTEX
  8
0
 10
645644.8899999997
 20
1086558.0500000008
 30
1.0
  0
VERTEX
  8
0
 10
644038.2800000003
 20
1085684.0500000008
 30
1.0
  0
VERTEX
  8
0
 10
643336.4900000002
 20
1085544.0500000007
 30
1.0
  0
VERTEX
  8
0
 10
642540.9900000002
 20
1085575.0500000007
 30
1.0
  0
VERTEX
  8
0
 10
641355.5899999999
 20
1085029.0500000008
 30
1.0
  0
VERTEX
  8
0
 10
641074.7900000000
 20
1084795.0500000007
 30
1.0
  0
VERTEX
  8
0
 10
640513.2800000003
 20
1084561.0500000008
 30
1.0
  0
VERTEX
  8
0
 10
640372.8899999997
 20
1085123.0500000008
 30
1.0
  0
VERTEX
  8
0
 10
640949.9800000004
 20
1085310.0500000008
 30
1.0
  0
VERTEX
  8
0
 10
639561.7900000000
 20
1085669.0500000007
 30
1.0
  0
VERTEX
  8
0
 10
639608.6900000004
 20
1085840.0500000008
 30
1.0
  0
VERTEX
  8
0
 10
639967.3899999997
 20
1086292.0500000008
 30
1.0
  0
VERTEX
  8
0
 10
640684.7900000000
 20
1086979.0500000008
 30
1.0
  0
VERTEX
  8
0
 10
640856.4900000002
 20
1087369.0500000007
 30
1.0
  0
VERTEX
  8
0
 10
640825.2900000000
 20
1087665.0500000008
 30
1.0
  0
VERTEX
  8
0
 10
640653.6900000004
 20
1087946.0500000008
 30
1.0
  0
VERTEX
  8
0
 10
640450.8899999997
 20
1088133.0500000008
 30
1.0
  0
VERTEX
  8
0
 10
640341.6900000004
 20
1088414.0500000008
 30
1.0
  0
VERTEX
  8
0
 10
640435.2900000000
 20
1088570.0500000008
 30
1.0
  0
VERTEX
  8
0
 10
641027.9900000002
 20
1089006.0500000007
 30
1.0
  0
VERTEX
  8
0
 10
640934.3899999997
 20
1089350.0500000008
 30
1.0
  0
VERTEX
  8
0
 10
641137.1900000004
 20
1089584.0500000008
 30
1.0
  0
VERTEX
  8
0
 10
641667.4900000002
 20
1089365.0500000008
 30
1.0
  0
VERTEX
  8
0
 10
642026.2900000000
 20
1089038.0500000008
 30
1.0
  0
VERTEX
  8
0
 10
663410.5800000001
 20
1090426.0399999991
 30
1.0
  0
VERTEX
  8
0
 10
663551.0099999998
 20
1090270.0600000005
 30
1.0
  0
VERTEX
  8
0
 10
663644.4699999997
 20
1090145.0500000008
 30
1.0
  0
VERTEX
  8
0
 10
663831.7199999997
 20
1089942.0600000005
 30
1.0
  0
VERTEX
  8
0
 10
663956.4299999997
 20
1089818.0700000003
 30
1.0
  0
VERTEX
  8
0
 10
664205.9900000002
 20
1089615.0199999996
 30
1.0
  0
VERTEX
  8
0
 10
664424.3600000003
 20
1089272.0299999993
 30
1.0
  0
VERTEX
  8
0
 10
664642.7400000002
 20
1089053.0299999993
 30
1.0
  0
VERTEX
  8
0
 10
664876.7599999998
 20
1088819.0399999991
 30
1.0
  0
VERTEX
  8
0
 10
665141.9400000004
 20
1088632.0999999996
 30
1.0
  0
VERTEX
  8
0
 10
665344.6799999997
 20
1088476.0700000003
 30
1.0
  0
VERTEX
  8
0
 10
665422.7000000002
 20
1088273.0299999993
 30
1.0
  0
VERTEX
  8
0
 10
665422.7100000000
 20
1088149.0500000007
 30
1.0
  0
VERTEX
  8
0
 10
665375.9000000004
 20
1088071.0899999999
 30
1.0
  0
VERTEX
  8
0
 10
665297.9000000004
 20
1088024.0600000005
 30
1.0
  0
VERTEX
  8
0
 10
665110.7100000000
 20
1088039.0299999993
 30
1.0
  0
VERTEX
  8
0
 10
664985.9299999997
 20
1088102.0700000003
 30
1.0
  0
VERTEX
  8
0
 10
664829.9900000002
 20
1088242.0500000008
 30
1.0
  0
VERTEX
  8
0
 10
664720.8099999996
 20
1088398.0600000005
 30
1.0
  0
VERTEX
  8
0
 10
664596.0199999996
 20
1088585.0800000001
 30
1.0
  0
VERTEX
  8
0
 10
664315.2100000000
 20
1088835.0000000000
 30
1.0
  0
VERTEX
  8
0
 10
664112.4600000000
 20
1089116.0099999998
 30
1.0
  0
VERTEX
  8
0
 10
663831.6799999997
 20
1089459.0600000005
 30
1.0
  0
VERTEX
  8
0
 10
663722.4600000000
 20
1089552.0199999996
 30
1.0
  0
VERTEX
  8
0
 10
663488.5999999996
 20
1089755.0399999991
 30
1.0
  0
VERTEX
  8
0
 10
663207.8099999996
 20
1090051.0800000001
 30
1.0
  0
VERTEX
  8
0
 10
662958.2699999996
 20
1090254.0299999993
 30
1.0
  0
VERTEX
  8
0
 10
662802.2599999998
 20
1090410.0600000005
 30
1.0
  0
VERTEX
  8
0
 10
662537.0800000001
 20
1090629.0999999996
 30
1.0
  0
VERTEX
  8
0
 10
662318.7400000002
 20
1090847.0000000000
 30
1.0
  0
VERTEX
  8
0
 10
662100.3899999997
 20
1091065.0199999996
 30
1.0
  0
VERTEX
  8
0
 10
661772.7999999998
 20
1091408.0999999996
 30
1.0
  0
VERTEX
  8
0
 10
661445.2900000000
 20
1091736.0099999998
 30
1.0
  0
VERTEX
  8
0
 10
661382.8700000001
 20
1091814.0399999991
 30
1.0
  0
VERTEX
  8
0
 10
661148.9400000004
 20
1092064.0700000003
 30
1.0
  0
VERTEX
  8
0
 10
660696.5700000003
 20
1092532.0199999996
 30
1.0
  0
VERTEX
  8
0
 10
660306.6399999997
 20
1092968.0600000005
 30
1.0
  0
VERTEX
  8
0
 10
659994.6699999999
 20
1093436.0700000003
 30
1.0
  0
VERTEX
  8
0
 10
659869.8499999996
 20
1093639.0299999993
 30
1.0
  0
VERTEX
  8
0
 10
659916.6799999997
 20
1093639.0099999998
 30
1.0
  0
VERTEX
  8
0
 10
659994.6500000004
 20
1093639.0199999996
 30
1.0
  0
VERTEX
  8
0
 10
660025.9400000004
 20
1093608.0899999999
 30
1.0
  0
VERTEX
  8
0
 10
660181.9100000001
 20
1093577.0299999993
 30
1.0
  0
VERTEX
  8
0
 10
660462.7300000004
 20
1093436.0199999996
 30
1.0
  0
VERTEX
  8
0
 10
660665.4299999997
 20
1093280.0899999999
 30
1.0
  0
VERTEX
  8
0
 10
660930.5400000000
 20
1093046.0000000000
 30
1.0
  0
VERTEX
  8
0
 10
661055.2900000000
 20
1092859.0899999999
 30
1.0
  0
VERTEX
  8
0
 10
661211.2300000004
 20
1092687.0199999996
 30
1.0
  0
VERTEX
  8
0
 10
661367.2900000000
 20
1092563.0600000005
 30
1.0
  0
VERTEX
  8
0
 10
661429.6399999997
 20
1092500.0700000003
 30
1.0
  0
VERTEX
  8
0
 10
661850.7900000000
 20
1092251.0999999996
 30
1.0
  0
VERTEX
  8
0
 10
662053.5800000001
 20
1092001.0399999991
 30
1.0
  0
VERTEX
  8
0
 10
662178.3200000003
 20
1091845.0999999996
 30
1.0
  0
VERTEX
  8
0
 10
662287.4500000002
 20
1091720.0399999991
 30
1.0
  0
VERTEX
  8
0
 10
662365.4400000004
 20
1091642.0899999999
 30
1.0
  0
VERTEX
  8
0
 10
662381.1399999997
 20
1091564.0800000001
 30
1.0
  0
VERTEX
  8
0
 10
662490.3399999999
 20
1091424.0899999999
 30
1.0
  0
VERTEX
  8
0
 10
662615.0999999996
 20
1091362.0500000008
 30
1.0
  0
VERTEX
  8
0
 10
662646.2400000002
 20
1091362.0800000001
 30
1.0
  0
VERTEX
  8
0
 10
662802.2800000003
 20
1091221.0999999996
 30
1.0
  0
VERTEX
  8
0
 10
662895.8399999999
 20
1091097.0800000001
 30
1.0
  0
VERTEX
  8
0
 10
663082.9800000004
 20
1090894.0800000001
 30
1.0
  0
VERTEX
  8
0
 10
663254.5400000000
 20
1090691.0000000000
 30
1.0
  0
VERTEX
  8
0
 10
663410.5800000001
 20
1090426.0399999991
 30
1.0
  0
VERTEX
  8
0
 10
663566.4600000000
 20
1090816.0500000007
 30
1.0
  0
VERTEX
  8
0
 10
663129.8399999999
 20
1091330.0500000007
 30
1.0
  0
VERTEX
  8
0
 10
662599.4500000002
 20
1091923.0500000007
 30
1.0
  0
VERTEX
  8
0
 10
662053.6200000001
 20
1092438.0199999996
 30
1.0
  0
VERTEX
  8
0
 10
661975.5499999998
 20
1092485.0099999998
 30
1.0
  0
VERTEX
  8
0
 10
661772.7400000002
 20
1092641.0600000005
 30
1.0
  0
VERTEX
  8
0
 10
661226.8399999999
 20
1093077.0700000003
 30
1.0
  0
VERTEX
  8
0
 10
660774.6299999999
 20
1093436.0700000003
 30
1.0
  0
VERTEX
  8
0
 10
660337.7999999998
 20
1093717.0700000003
 30
1.0
  0
VERTEX
  8
0
 10
660072.7199999997
 20
1093842.0899999999
 30
1.0
  0
VERTEX
  8
0
 10
659682.7400000002
 20
1094122.0800000001
 30
1.0
  0
VERTEX
  8
0
 10
659027.6600000001
 20
1094559.0800000001
 30
1.0
  0
VERTEX
  8
0
 10
658668.9400000004
 20
1094840.0999999996
 30
1.0
  0
VERTEX
  8
0
 10
658247.8399999999
 20
1095167.0800000001
 30
1.0
  0
VERTEX
  8
0
 10
657888.9800000004
 20
1095355.0899999999
 30
1.0
  0
VERTEX
  8
0
 10
657655.0700000003
 20
1095557.0299999993
 30
1.0
  0
VERTEX
  8
0
 10
657577.1200000001
 20
1095604.0199999996
 30
1.0
  0
VERTEX
  8
0
 10
657327.5300000003
 20
1095807.0000000000
 30
1.0
  0
VERTEX
  8
0
 10
657062.2400000002
 20
1096119.0800000001
 30
1.0
  0
VERTEX
  8
0
 10
656843.9699999997
 20
1096384.0099999998
 30
1.0
  0
VERTEX
  8
0
 10
656812.7400000002
 20
1096431.0999999996
 30
1.0
  0
VERTEX
  8
0
 10
656625.6399999997
 20
1096665.0999999996
 30
1.0
  0
VERTEX
  8
0
 10
656500.7699999996
 20
1096914.0700000003
 30
1.0
  0
VERTEX
  8
0
 10
656344.8200000003
 20
1097226.0600000005
 30
1.0
  0
VERTEX
  8
0
 10
656251.2699999996
 20
1097382.0399999991
 30
1.0
  0
VERTEX
  8
0
 10
656142.0700000003
 20
1097507.0000000000
 30
1.0
  0
VERTEX
  8
0
 10
656048.5199999996
 20
1097663.0800000001
 30
1.0
  0
VERTEX
  8
0
 10
655892.4800000004
 20
1097819.0199999996
 30
1.0
  0
VERTEX
  8
0
 10
655580.5599999996
 20
1098115.0800000001
 30
1.0
  0
VERTEX
  8
0
 10
655299.8399999999
 20
1098349.0099999998
 30
1.0
  0
VERTEX
  8
0
 10
655065.8300000001
 20
1098661.0099999998
 30
1.0
  0
VERTEX
  8
0
 10
654909.9000000004
 20
1098895.0299999993
 30
1.0
  0
VERTEX
  8
0
 10
654863.0999999996
 20
1098942.0500000008
 30
1.0
  0
VERTEX
  8
0
 10
654800.7000000002
 20
1099098.0600000005
 30
1.0
  0
VERTEX
  8
0
 10
654582.3099999996
 20
1099504.0199999996
 30
1.0
  0
VERTEX
  8
0
 10
654551.1900000004
 20
1099706.0600000005
 30
1.0
  0
VERTEX
  8
0
 10
654582.2699999996
 20
1099925.0600000005
 30
1.0
  0
VERTEX
  8
0
 10
654644.7199999997
 20
1099987.0399999991
 30
1.0
  0
VERTEX
  8
0
 10
654800.6900000004
 20
1099925.0000000000
 30
1.0
  0
VERTEX
  8
0
 10
654956.6600000001
 20
1099862.0700000003
 30
1.0
  0
VERTEX
  8
0
 10
655112.6699999999
 20
1099738.0899999999
 30
1.0
  0
VERTEX
  8
0
 10
655299.8200000003
 20
1099613.0299999993
 30
1.0
  0
VERTEX
  8
0
 10
655315.4100000001
 20
1099582.0199999996
 30
1.0
  0
VERTEX
  8
0
 10
655377.7800000003
 20
1099535.0600000005
 30
1.0
  0
VERTEX
  8
0
 10
655736.4600000000
 20
1099301.0199999996
 30
1.0
  0
VERTEX
  8
0
 10
655939.2999999998
 20
1099098.0600000005
 30
1.0
  0
VERTEX
  8
0
 10
656188.8700000001
 20
1098942.0800000001
 30
1.0
  0
VERTEX
  8
0
 10
656469.6500000004
 20
1098771.0899999999
 30
1.0
  0
VERTEX
  8
0
 10
656610.0099999998
 20
1098693.0500000008
 30
1.0
  0
VERTEX
  8
0
 10
656906.4400000004
 20
1098583.0800000001
 30
1.0
  0
VERTEX
  8
0
 10
657062.3200000003
 20
1098490.0700000003
 30
1.0
  0
VERTEX
  8
0
 10
657093.4699999997
 20
1098490.0999999996
 30
1.0
  0
VERTEX
  8
0
 10
657171.4600000000
 20
1098459.0199999996
 30
1.0
  0
VERTEX
  8
0
 10
657421.0999999996
 20
1098365.0899999999
 30
1.0
  0
VERTEX
  8
0
 10
657935.7599999998
 20
1098100.0000000000
 30
1.0
  0
VERTEX
  8
0
 10
658356.9600000000
 20
1097866.0399999991
 30
1.0
  0
VERTEX
  8
0
 10
658684.5000000000
 20
1097741.0600000005
 30
1.0
  0
VERTEX
  8
0
 10
659011.9400000004
 20
1097663.0700000003
 30
1.0
  0
VERTEX
  8
0
 10
659511.2100000000
 20
1097460.0999999996
 30
1.0
  0
VERTEX
  8
0
 10
659994.6900000004
 20
1097258.0500000007
 30
1.0
  0
VERTEX
  8
0
 10
660322.2699999996
 20
1097102.0000000000
 30
1.0
  0
VERTEX
  8
0
 10
660525.0000000000
 20
1097008.0999999996
 30
1.0
  0
VERTEX
  8
0
 10
660899.3099999996
 20
1096774.0600000005
 30
1.0
  0
VERTEX
  8
0
 10
661429.6600000001
 20
1096493.0500000008
 30
1.0
  0
VERTEX
  8
0
 10
661538.8099999996
 20
1096384.0399999991
 30
1.0
  0
VERTEX
  8
0
 10
661741.6900000004
 20
1096259.0800000001
 30
1.0
  0
VERTEX
  8
0
 10
662053.5899999999
 20
1096057.0700000003
 30
1.0
  0
VERTEX
  8
0
 10
662349.9400000004
 20
1095776.0299999993
 30
1.0
  0
VERTEX
  8
0
 10
662771.0899999999
 20
1095495.0999999996
 30
1.0
  0
VERTEX
  8
0
 10
663067.3700000001
 20
1095183.0899999999
 30
1.0
  0
VERTEX
  8
0
 10
663332.5700000003
 20
1094980.0999999996
 30
1.0
  0
VERTEX
  8
0
 10
663644.4900000002
 20
1094778.1099999994
 30
1.0
  0
VERTEX
  8
0
 10
663878.4600000000
 20
1094544.0199999996
 30
1.0
  0
VERTEX
  8
0
 10
664237.2599999998
 20
1094185.0700000003
 30
1.0
  0
VERTEX
  8
0
 10
664533.5700000003
 20
1093873.0800000001
 30
1.0
  0
VERTEX
  8
0
 10
664954.6900000004
 20
1093218.0000000000
 30
1.0
  0
VERTEX
  8
0
 10
664954.7199999997
 20
1093187.0199999996
 30
1.0
  0
VERTEX
  8
0
 10
665126.3300000001
 20
1092999.0000000000
 30
1.0
  0
VERTEX
  8
0
 10
665391.4600000000
 20
1092672.0500000007
 30
1.0
  0
VERTEX
  8
0
 10
665640.9699999997
 20
1092282.0899999999
 30
1.0
  0
VERTEX
  8
0
 10
665906.1399999997
 20
1091876.0600000005
 30
1.0
  0
VERTEX
  8
0
 10
666155.8200000003
 20
1091549.0399999991
 30
1.0
  0
VERTEX
  8
0
 10
666592.5199999996
 20
1091050.0999999996
 30
1.0
  0
VERTEX
  8
0
 10
667029.2300000004
 20
1090551.0600000005
 30
1.0
  0
VERTEX
  8
0
 10
667138.3899999997
 20
1090473.0399999991
 30
1.0
  0
VERTEX
  8
0
 10
667419.1399999997
 20
1090192.0500000007
 30
1.0
  0
VERTEX
  8
0
 10
667746.6500000004
 20
1089880.0000000000
 30
1.0
  0
VERTEX
  8
0
 10
668011.7599999998
 20
1089615.0999999996
 30
1.0
  0
VERTEX
  8
0
 10
667356.7699999996
 20
1089318.0099999998
 30
1.0
  0
VERTEX
  8
0
 10
667278.8300000001
 20
1089116.0299999993
 30
1.0
  0
VERTEX
  8
0
 10
667403.5800000001
 20
1088289.0800000001
 30
1.0
  0
VERTEX
  8
0
 10
667278.8300000001
 20
1088102.0299999993
 30
1.0
  0
VERTEX
  8
0
 10
666530.0599999996
 20
1088039.0199999996
 30
1.0
  0
VERTEX
  8
0
 10
666467.7400000002
 20
1088383.0399999991
 30
1.0
  0
VERTEX
  8
0
 10
666296.1500000004
 20
1088804.0999999996
 30
1.0
  0
VERTEX
  8
0
 10
665874.9400000004
 20
1089318.0399999991
 30
1.0
  0
VERTEX
  8
0
 10
665141.9199999999
 20
1089100.0600000005
 30
1.0
  0
VERTEX
  8
0
 10
664752.0099999998
 20
1089584.0700000003
 30
1.0
  0
VERTEX
  8
0
 10
664283.9800000004
 20
1090129.0000000000
 30
1.0
  0
VERTEX
  8
0
 10
663925.2500000000
 20
1090488.0600000005
 30
1.0
  0
VERTEX
  8
0
 10
663675.7100000000
 20
1090738.0099999998
 30
1.0
  0
VERTEX
  8
0
 10
663644.4500000002
 20
1090738.0899999999
 30
1.0
  0
VERTEX
  8
0
 10
663566.4600000000
 20
1090816.0500000007
 30
1.0
  0
VERTEX
  8
0
 10
653771.2800000003
 20
1099005.0000000000
 30
1.0
  0
VERTEX
  8
0
 10
653708.7800000003
 20
1099082.0500000007
 30
1.0
  0
VERTEX
  8
0
 10
653428.0700000003
 20
1099394.0700000003
 30
1.0
  0
VERTEX
  8
0
 10
653334.5199999996
 20
1099504.0500000008
 30
1.0
  0
VERTEX
  8
0
 10
653069.3300000001
 20
1099753.0999999996
 30
1.0
  0
VERTEX
  8
0
 10
652944.5499999998
 20
1099909.0700000003
 30
1.0
  0
VERTEX
  8
0
 10
652788.5400000000
 20
1100143.0999999996
 30
1.0
  0
VERTEX
  8
0
 10
652679.3499999996
 20
1100268.0500000007
 30
1.0
  0
VERTEX
  8
0
 10
652585.8300000001
 20
1100580.0999999996
 30
1.0
  0
VERTEX
  8
0
 10
652476.6900000004
 20
1100720.0899999999
 30
1.0
  0
VERTEX
  8
0
 10
652320.6799999997
 20
1101032.0999999996
 30
1.0
  0
VERTEX
  8
0
 10
652320.6799999997
 20
1101110.0600000005
 30
1.0
  0
VERTEX
  8
0
 10
652273.8600000003
 20
1101188.0600000005
 30
1.0
  0
VERTEX
  8
0
 10
652227.0800000001
 20
1101469.0000000000
 30
1.0
  0
VERTEX
  8
0
 10
652117.8600000003
 20
1101578.0299999993
 30
1.0
  0
VERTEX
  8
0
 10
652086.7500000000
 20
1101781.0700000003
 30
1.0
  0
VERTEX
  8
0
 10
652086.6399999997
 20
1101859.0399999991
 30
1.0
  0
VERTEX
  8
0
 10
652117.9100000001
 20
1101906.0600000005
 30
1.0
  0
VERTEX
  8
0
 10
652195.8399999999
 20
1101937.0199999996
 30
1.0
  0
VERTEX
  8
0
 10
652585.7599999998
 20
1101796.0999999996
 30
1.0
  0
VERTEX
  8
0
 10
652679.3399999999
 20
1101703.0399999991
 30
1.0
  0
VERTEX
  8
0
 10
652913.4100000001
 20
1101578.0600000005
 30
1.0
  0
VERTEX
  8
0
 10
653552.8399999999
 20
1101032.0899999999
 30
1.0
  0
VERTEX
  8
0
 10
653708.7599999998
 20
1100798.0600000005
 30
1.0
  0
VERTEX
  8
0
 10
653817.9500000002
 20
1100595.0299999993
 30
1.0
  0
VERTEX
  8
0
 10
653927.1500000004
 20
1100439.0999999996
 30
1.0
  0
VERTEX
  8
0
 10
654020.7400000002
 20
1100190.0999999996
 30
1.0
  0
VERTEX
  8
0
 10
654051.9600000000
 20
1100096.0099999998
 30
1.0
  0
VERTEX
  8
0
 10
654098.7800000003
 20
1100018.0099999998
 30
1.0
  0
VERTEX
  8
0
 10
654098.7999999998
 20
1099987.0500000007
 30
1.0
  0
VERTEX
  8
0
 10
654129.9500000002
 20
1099519.0299999993
 30
1.0
  0
VERTEX
  8
0
 10
654176.7599999998
 20
1099238.0800000001
 30
1.0
  0
VERTEX
  8
0
 10
654239.1399999997
 20
1099082.0800000001
 30
1.0
  0
VERTEX
  8
0
 10
654254.7599999998
 20
1098942.0099999998
 30
1.0
  0
VERTEX
  8
0
 10
654286.0199999996
 20
1098708.0199999996
 30
1.0
  0
VERTEX
  8
0
 10
654239.1799999997
 20
1098583.0700000003
 30
1.0
  0
VERTEX
  8
0
 10
654208.0400000000
 20
1098583.0500000008
 30
1.0
  0
VERTEX
  8
0
 10
654161.2199999997
 20
1098583.0700000003
 30
1.0
  0
VERTEX
  8
0
 10
654098.7300000004
 20
1098630.0299999993
 30
1.0
  0
VERTEX
  8
0
 10
654083.1900000004
 20
1098677.0800000001
 30
1.0
  0
VERTEX
  8
0
 10
654020.7800000003
 20
1098708.0000000000
 30
1.0
  0
VERTEX
  8
0
 10
653973.9500000002
 20
1098786.0000000000
 30
1.0
  0
VERTEX
  8
0
 10
653895.9900000002
 20
1098864.0800000001
 30
1.0
  0
VERTEX
  8
0
 10
653771.2800000003
 20
1099005.0000000000
 30
1.0
  0
VERTEX
  8
0
 10
651759.2000000002
 20
1100876.0199999996
 30
1.0
  0
VERTEX
  8
0
 10
651868.2800000003
 20
1100642.0099999998
 30
1.0
  0
VERTEX
  8
0
 10
651930.6500000004
 20
1100517.0700000003
 30
1.0
  0
VERTEX
  8
0
 10
651961.9600000000
 20
1100424.0800000001
 30
1.0
  0
VERTEX
  8
0
 10
651961.9500000002
 20
1100346.0099999998
 30
1.0
  0
VERTEX
  8
0
 10
651930.7199999997
 20
1100315.0099999998
 30
1.0
  0
VERTEX
  8
0
 10
651915.1699999999
 20
1100284.0999999996
 30
1.0
  0
VERTEX
  8
0
 10
651884.0199999996
 20
1100315.0399999991
 30
1.0
  0
VERTEX
  8
0
 10
651805.9699999997
 20
1100362.0500000007
 30
1.0
  0
VERTEX
  8
0
 10
651712.4000000004
 20
1100502.0099999998
 30
1.0
  0
VERTEX
  8
0
 10
651681.1600000001
 20
1100580.0700000003
 30
1.0
  0
VERTEX
  8
0
 10
651556.4199999999
 20
1100705.0700000003
 30
1.0
  0
VERTEX
  8
0
 10
651447.2199999997
 20
1100861.0000000000
 30
1.0
  0
VERTEX
  8
0
 10
651400.3600000003
 20
1100923.0700000003
 30
1.0
  0
VERTEX
  8
0
 10
651291.1500000004
 20
1101110.0700000003
 30
1.0
  0
VERTEX
  8
0
 10
651166.5000000000
 20
1101266.0500000008
 30
1.0
  0
VERTEX
  8
0
 10
651088.4699999997
 20
1101360.0600000005
 30
1.0
  0
VERTEX
  8
0
 10
650979.2699999996
 20
1101438.0199999996
 30
1.0
  0
VERTEX
  8
0
 10
650901.3099999996
 20
1101547.0700000003
 30
1.0
  0
VERTEX
  8
0
 10
650729.7400000002
 20
1101859.0099999998
 30
1.0
  0
VERTEX
  8
0
 10
650464.5700000003
 20
1102218.0099999998
 30
1.0
  0
VERTEX
  8
0
 10
650261.7900000000
 20
1102498.0800000001
 30
1.0
  0
VERTEX
  8
0
 10
650105.8200000003
 20
1102592.1099999994
 30
1.0
  0
VERTEX
  8
0
 10
650027.7900000000
 20
1102639.0099999998
 30
1.0
  0
VERTEX
  8
0
 10
649715.8899999997
 20
1102873.0600000005
 30
1.0
  0
VERTEX
  8
0
 10
649591.1200000001
 20
1102982.0399999991
 30
1.0
  0
VERTEX
  8
0
 10
649466.2800000003
 20
1103107.0500000008
 30
1.0
  0
VERTEX
  8
0
 10
649310.2999999998
 20
1103231.0500000008
 30
1.0
  0
VERTEX
  8
0
 10
649045.2199999997
 20
1103387.0000000000
 30
1.0
  0
VERTEX
  8
0
 10
648967.1500000004
 20
1103497.0600000005
 30
1.0
  0
VERTEX
  8
0
 10
648748.8099999996
 20
1103699.0999999996
 30
1.0
  0
VERTEX
  8
0
 10
648514.7900000000
 20
1103902.0700000003
 30
1.0
  0
VERTEX
  8
0
 10
648358.9100000001
 20
1104058.0299999993
 30
1.0
  0
VERTEX
  8
0
 10
648015.7100000000
 20
1104339.0800000001
 30
1.0
  0
VERTEX
  8
0
 10
647735.0300000003
 20
1104588.0999999996
 30
1.0
  0
VERTEX
  8
0
 10
647532.1399999997
 20
1104822.0700000003
 30
1.0
  0
VERTEX
  8
0
 10
647298.2500000000
 20
1104994.0800000001
 30
1.0
  0
VERTEX
  8
0
 10
647095.4699999997
 20
1105150.0800000001
 30
1.0
  0
VERTEX
  8
0
 10
646861.5300000003
 20
1105337.0299999993
 30
1.0
  0
VERTEX
  8
0
 10
646752.2900000000
 20
1105431.0299999993
 30
1.0
  0
VERTEX
  8
0
 10
646752.3200000003
 20
1105478.0399999991
 30
1.0
  0
VERTEX
  8
0
 10
646830.2300000004
 20
1105540.0700000003
 30
1.0
  0
VERTEX
  8
0
 10
647017.4800000004
 20
1105540.0500000007
 30
1.0
  0
VERTEX
  8
0
 10
647220.2999999998
 20
1105509.0299999993
 30
1.0
  0
VERTEX
  8
0
 10
647422.9699999997
 20
1105462.0800000001
 30
1.0
  0
VERTEX
  8
0
 10
647657.0099999998
 20
1105384.0600000005
 30
1.0
  0
VERTEX
  8
0
 10
647688.2199999997
 20
1105337.0800000001
 30
1.0
  0
VERTEX
  8
0
 10
647766.1600000001
 20
1105259.0999999996
 30
1.0
  0
VERTEX
  8
0
 10
647844.2100000000
 20
1105181.0000000000
 30
1.0
  0
VERTEX
  8
0
 10
647891.0099999998
 20
1105103.0099999998
 30
1.0
  0
VERTEX
  8
0
 10
648015.6500000004
 20
1104916.0600000005
 30
1.0
  0
VERTEX
  8
0
 10
648202.9199999999
 20
1104776.0399999991
 30
1.0
  0
VERTEX
  8
0
 10
648296.4500000002
 20
1104666.0500000007
 30
1.0
  0
VERTEX
  8
0
 10
648561.6900000004
 20
1104495.0500000008
 30
1.0
  0
VERTEX
  8
0
 10
648717.6900000004
 20
1104417.0600000005
 30
1.0
  0
VERTEX
  8
0
 10
648951.6200000001
 20
1104261.0899999999
 30
1.0
  0
VERTEX
  8
0
 10
649154.3300000001
 20
1104074.0199999996
 30
1.0
  0
VERTEX
  8
0
 10
649637.8399999999
 20
1103668.0299999993
 30
1.0
  0
VERTEX
  8
0
 10
649793.8200000003
 20
1103543.0399999991
 30
1.0
  0
VERTEX
  8
0
 10
649871.7800000003
 20
1103512.0600000005
 30
1.0
  0
VERTEX
  8
0
 10
650464.5899999999
 20
1102873.0600000005
 30
1.0
  0
VERTEX
  8
0
 10
650527.0400000000
 20
1102779.0999999996
 30
1.0
  0
VERTEX
  8
0
 10
650620.4400000004
 20
1102623.0999999996
 30
1.0
  0
VERTEX
  8
0
 10
650745.3099999996
 20
1102467.0199999996
 30
1.0
  0
VERTEX
  8
0
 10
650901.3099999996
 20
1102233.0899999999
 30
1.0
  0
VERTEX
  8
0
 10
651010.4800000004
 20
1102108.0299999993
 30
1.0
  0
VERTEX
  8
0
 10
651119.6699999999
 20
1101874.0199999996
 30
1.0
  0
VERTEX
  8
0
 10
651166.5400000000
 20
1101781.0999999996
 30
1.0
  0
VERTEX
  8
0
 10
651291.1900000004
 20
1101547.0299999993
 30
1.0
  0
VERTEX
  8
0
 10
651337.9800000004
 20
1101500.0099999998
 30
1.0
  0
VERTEX
  8
0
 10
651447.2000000002
 20
1101391.0899999999
 30
1.0
  0
VERTEX
  8
0
 10
651556.3799999999
 20
1101266.0099999998
 30
1.0
  0
VERTEX
  8
0
 10
651634.4100000001
 20
1101141.0399999991
 30
1.0
  0
VERTEX
  8
0
 10
651759.2000000002
 20
1100876.0199999996
 30
1.0
  0
VERTEX
  8
0
 10
634997.8821999999
 20
1109077.2510000002
 30
1.0
  0
VERTEX
  8
0
 10
634960.8737000003
 20
1109563.3304999992
 30
1.0
  0
VERTEX
  8
0
 10
635100.8899999997
 20
1109237.0500000008
 30
1.0
  0
VERTEX
  8
0
 10
635007.2900000000
 20
1109081.0500000008
 30
1.0
  0
VERTEX
  8
0
 10
634997.8821999999
 20
1109077.2510000002
 30
1.0
  0
SEQEND
  8
0
  0
POLYLINE
  8
0
 66
     1
 10
0.0
 20
0.0
 30
0.0
 70
     1
  0
VERTEX
  8
0
 10
619090.4460000005
 20
1101154.8938999996
 30
2.0
  0
VERTEX
  8
0
 10
620846.6562999999
 20
1099969.0932999998
 30
2.0
  0
VERTEX
  8
0
 10
621979.7547000004
 20
1098802.8913000003
 30
2.0
  0
VERTEX
  8
0
 10
621979.7604999999
 20
1098802.8983999994
 30
2.0
  0
VERTEX
  8
0
 10
622156.2045999998
 20
1099011.6872000005
 30
2.0
  0
VERTEX
  8
0
 10
623012.7900000000
 20
1098677.0500000008
 30
2.0
  0
VERTEX
  8
0
 10
623340.2900000000
 20
1098443.0500000008
 30
2.0
  0
VERTEX
  8
0
 10
624010.9900000002
 20
1097788.0500000007
 30
2.0
  0
VERTEX
  8
0
 10
625570.7800000003
 20
1096774.0399999991
 30
2.0
  0
VERTEX
  8
0
 10
625867.1900000004
 20
1096384.0500000008
 30
2.0
  0
VERTEX
  8
0
 10
625835.9900000002
 20
1096228.0500000008
 30
2.0
  0
VERTEX
  8
0
 10
624853.2900000000
 20
1096415.0500000007
 30
2.0
  0
VERTEX
  8
0
 10
623730.2900000000
 20
1097148.0500000008
 30
2.0
  0
VERTEX
  8
0
 10
623043.9900000002
 20
1097819.0500000007
 30
2.0
  0
VERTEX
  8
0
 10
621421.7900000000
 20
1099223.0500000008
 30
2.0
  0
VERTEX
  8
0
 10
619737.2900000000
 20
1100580.0500000007
 30
2.0
  0
VERTEX
  8
0
 10
619034.0032000002
 20
1101067.0320999995
 30
2.0
  0
VERTEX
  8
0
 10
619090.4460000005
 20
1101154.8938999996
 30
2.0
  0
VERTEX
  8
0
 10
617631.5899999999
 20
1086448.0500000008
 30
2.0
  0
VERTEX
  8
0
 10
617272.7900000000
 20
1086074.0500000008
 30
2.0
  0
VERTEX
  8
0
 10
615947.0800000001
 20
1085528.0500000008
 30
2.0
  0
VERTEX
  8
0
 10
615650.6900000004
 20
1086012.0500000007
 30
2.0
  0
VERTEX
  8
0
 10
616446.1900000004
 20
1086214.0500000007
 30
2.0
  0
VERTEX
  8
0
 10
616929.6900000004
 20
1086589.0500000008
 30
2.0
  0
VERTEX
  8
0
 10
617257.2900000000
 20
1086745.0500000008
 30
2.0
  0
VERTEX
  8
0
 10
617522.3899999997
 20
1086729.0500000008
 30
2.0
  0
VERTEX
  8
0
 10
617678.3899999997
 20
1086604.0399999991
 30
2.0
  0
VERTEX
  8
0
 10
617631.5899999999
 20
1086448.0500000008
 30
2.0
  0
VERTEX
  8
0
 10
615276.3899999997
 20
1090847.0500000008
 30
2.0
  0
VERTEX
  8
0
 10
615869.0899999999
 20
1090925.0500000008
 30
2.0
  0
VERTEX
  8
0
 10
616118.6900000004
 20
1090894.0500000008
 30
2.0
  0
VERTEX
  8
0
 10
616149.7900000000
 20
1090519.0500000008
 30
2.0
  0
VERTEX
  8
0
 10
615104.7900000000
 20
1089630.0500000007
 30
2.0
  0
VERTEX
  8
0
 10
613872.5899999999
 20
1088897.0500000008
 30
2.0
  0
VERTEX
  8
0
 10
613451.4900000002
 20
1088476.0500000008
 30
2.0
  0
VERTEX
  8
0
 10
613451.4900000002
 20
1088882.0500000008
 30
2.0
  0
VERTEX
  8
0
 10
613295.4800000004
 20
1088866.0500000008
 30
2.0
  0
VERTEX
  8
0
 10
613295.4800000004
 20
1089303.0500000008
 30
2.0
  0
VERTEX
  8
0
 10
613295.4800000004
 20
1089443.0500000007
 30
2.0
  0
VERTEX
  8
0
 10
613326.6900000004
 20
1089599.0500000007
 30
2.0
  0
VERTEX
  8
0
 10
613638.6799999997
 20
1089802.0500000008
 30
2.0
  0
VERTEX
  8
0
 10
614434.0899999999
 20
1090129.0500000007
 30
2.0
  0
VERTEX
  8
0
 10
614792.7900000000
 20
1090379.0500000007
 30
2.0
  0
VERTEX
  8
0
 10
614855.1900000004
 20
1090504.0500000007
 30
2.0
  0
VERTEX
  8
0
 10
615276.3899999997
 20
1090847.0500000008
 30
2.0
  0
VERTEX
  8
0
 10
611829.2900000000
 20
1093530.0500000008
 30
2.0
  0
VERTEX
  8
0
 10
612063.2900000000
 20
1093655.0500000008
 30
2.0
  0
VERTEX
  8
0
 10
612297.1799999997
 20
1093873.0500000008
 30
2.0
  0
VERTEX
  8
0
 10
612671.5899999999
 20
1094466.0500000008
 30
2.0
  0
VERTEX
  8
0
 10
612921.1900000004
 20
1094528.0500000007
 30
2.0
  0
VERTEX
  8
0
 10
612983.4900000002
 20
1094497.0500000007
 30
2.0
  0
VERTEX
  8
0
 10
612983.4900000002
 20
1094200.0500000008
 30
2.0
  0
VERTEX
  8
0
 10
612702.7900000000
 20
1093795.0500000008
 30
2.0
  0
VERTEX
  8
0
 10
612577.9900000002
 20
1093467.0500000008
 30
2.0
  0
VERTEX
  8
0
 10
612593.5899999999
 20
1093077.0500000008
 30
2.0
  0
VERTEX
  8
0
 10
612110.0899999999
 20
1092500.0500000008
 30
2.0
  0
VERTEX
  8
0
 10
611985.2900000000
 20
1092547.0500000007
 30
2.0
  0
VERTEX
  8
0
 10
611688.8899999997
 20
1093015.0500000007
 30
2.0
  0
VERTEX
  8
0
 10
611829.2900000000
 20
1093530.0500000008
 30
2.0
  0
VERTEX
  8
0
 10
644475.0899999999
 20
1066328.0500000007
 30
2.0
  0
VERTEX
  8
0
 10
642587.7900000000
 20
1065875.0500000008
 30
2.0
  0
VERTEX
  8
0
 10
641199.5899999999
 20
1065797.0500000008
 30
2.0
  0
VERTEX
  8
0
 10
640450.8899999997
 20
1065953.0500000008
 30
2.0
  0
VERTEX
  8
0
 10
639499.4900000002
 20
1065984.0500000008
 30
2.0
  0
VERTEX
  8
0
 10
638797.5899999999
 20
1065844.0500000008
 30
2.0
  0
VERTEX
  8
0
 10
637908.4900000002
 20
1065282.0399999991
 30
2.0
  0
VERTEX
  8
0
 10
637705.6900000004
 20
1065438.0500000008
 30
2.0
  0
VERTEX
  8
0
 10
637643.2900000000
 20
1065766.0500000007
 30
2.0
  0
VERTEX
  8
0
 10
637768.0899999999
 20
1065953.0500000008
 30
2.0
  0
VERTEX
  8
0
 10
638017.6900000004
 20
1066140.0500000008
 30
2.0
  0
VERTEX
  8
0
 10
638953.4800000004
 20
1066359.0500000008
 30
2.0
  0
VERTEX
  8
0
 10
639826.9900000002
 20
1066437.0500000008
 30
2.0
  0
VERTEX
  8
0
 10
642119.7900000000
 20
1066406.0500000008
 30
2.0
  0
VERTEX
  8
0
 10
642556.5899999999
 20
1066328.0500000007
 30
2.0
  0
VERTEX
  8
0
 10
642759.2900000000
 20
1066390.0500000008
 30
2.0
  0
VERTEX
  8
0
 10
642915.2900000000
 20
1066655.0500000008
 30
2.0
  0
VERTEX
  8
0
 10
643242.8899999997
 20
1066811.0500000007
 30
2.0
  0
VERTEX
  8
0
 10
643523.6900000004
 20
1067045.0500000008
 30
2.0
  0
VERTEX
  8
0
 10
643726.3899999997
 20
1067341.0500000007
 30
2.0
  0
VERTEX
  8
0
 10
643960.2900000000
 20
1067451.0500000008
 30
2.0
  0
VERTEX
  8
0
 10
645442.1900000004
 20
1067685.0500000007
 30
2.0
  0
VERTEX
  8
0
 10
645644.8899999997
 20
1067809.0500000007
 30
2.0
  0
VERTEX
  8
0
 10
645395.2900000000
 20
1067934.0500000007
 30
2.0
  0
VERTEX
  8
0
 10
644646.6900000004
 20
1068043.0500000008
 30
2.0
  0
VERTEX
  8
0
 10
644506.2900000000
 20
1068168.0500000008
 30
2.0
  0
VERTEX
  8
0
 10
644459.4900000002
 20
1068324.0500000008
 30
2.0
  0
VERTEX
  8
0
 10
644553.0899999999
 20
1068464.0500000008
 30
2.0
  0
VERTEX
  8
0
 10
644864.9900000002
 20
1068511.0500000008
 30
2.0
  0
VERTEX
  8
0
 10
645582.4900000002
 20
1068293.0500000008
 30
2.0
  0
VERTEX
  8
0
 10
646315.5899999999
 20
1068230.0399999991
 30
2.0
  0
VERTEX
  8
0
 10
646627.4900000002
 20
1068277.0500000008
 30
2.0
  0
VERTEX
  8
0
 10
646799.1900000004
 20
1068433.0500000008
 30
2.0
  0
VERTEX
  8
0
 10
646721.1900000004
 20
1068527.0500000007
 30
2.0
  0
VERTEX
  8
0
 10
646299.9900000002
 20
1068574.0399999991
 30
2.0
  0
VERTEX
  8
0
 10
646299.9900000002
 20
1068776.0500000008
 30
2.0
  0
VERTEX
  8
0
 10
646736.6900000004
 20
1069042.0500000008
 30
2.0
  0
VERTEX
  8
0
 10
647220.2900000000
 20
1069182.0500000008
 30
2.0
  0
VERTEX
  8
0
 10
648156.1799999997
 20
1069182.0500000008
 30
2.0
  0
VERTEX
  8
0
 10
648717.6900000004
 20
1069494.0500000008
 30
2.0
  0
VERTEX
  8
0
 10
648935.9900000002
 20
1069681.0500000008
 30
2.0
  0
VERTEX
  8
0
 10
649435.1900000004
 20
1069821.0500000007
 30
2.0
  0
VERTEX
  8
0
 10
649528.6900000004
 20
1069775.0500000008
 30
2.0
  0
VERTEX
  8
0
 10
649591.0899999999
 20
1069572.0500000007
 30
2.0
  0
VERTEX
  8
0
 10
649435.1900000004
 20
1069275.0500000008
 30
2.0
  0
VERTEX
  8
0
 10
648982.7900000000
 20
1069010.0500000007
 30
2.0
  0
VERTEX
  8
0
 10
647641.3899999997
 20
1068496.0500000007
 30
2.0
  0
VERTEX
  8
0
 10
646705.4900000002
 20
1067918.0500000008
 30
2.0
  0
VERTEX
  8
0
 10
645254.9900000002
 20
1067310.0500000007
 30
2.0
  0
VERTEX
  8
0
 10
644755.7900000000
 20
1067045.0500000008
 30
2.0
  0
VERTEX
  8
0
 10
644646.6900000004
 20
1066484.0500000008
 30
2.0
  0
VERTEX
  8
0
 10
644475.0899999999
 20
1066328.0500000007
 30
2.0
  0
VERTEX
  8
0
 10
636801.0899999999
 20
1067934.0500000007
 30
2.0
  0
VERTEX
  8
0
 10
637518.4900000002
 20
1068106.0500000008
 30
2.0
  0
VERTEX
  8
0
 10
637861.6900000004
 20
1068090.0500000007
 30
2.0
  0
VERTEX
  8
0
 10
638095.6900000004
 20
1067965.0500000007
 30
2.0
  0
VERTEX
  8
0
 10
638064.4900000002
 20
1067809.0500000007
 30
2.0
  0
VERTEX
  8
0
 10
637814.8899999997
 20
1067653.0500000007
 30
2.0
  0
VERTEX
  8
0
 10
637268.9900000002
 20
1067529.0500000007
 30
2.0
  0
VERTEX
  8
0
 10
636754.2800000003
 20
1067497.0500000007
 30
2.0
  0
VERTEX
  8
0
 10
636426.6900000004
 20
1067388.0500000008
 30
2.0
  0
VERTEX
  8
0
 10
636067.9900000002
 20
1067357.0500000008
 30
2.0
  0
VERTEX
  8
0
 10
635085.2800000003
 20
1067622.0500000007
 30
2.0
  0
VERTEX
  8
0
 10
634976.1900000004
 20
1067747.0500000007
 30
2.0
  0
VERTEX
  8
0
 10
634976.1900000004
 20
1067840.0500000008
 30
2.0
  0
VERTEX
  8
0
 10
635116.4900000002
 20
1068012.0500000008
 30
2.0
  0
VERTEX
  8
0
 10
635631.2900000000
 20
1068090.0500000007
 30
2.0
  0
VERTEX
  8
0
 10
636801.0899999999
 20
1067934.0500000007
 30
2.0
  0
VERTEX
  8
0
 10
641121.5899999999
 20
1068776.0500000008
 30
2.0
  0
VERTEX
  8
0
 10
641449.1900000004
 20
1068839.0500000008
 30
2.0
  0
VERTEX
  8
0
 10
641698.6900000004
 20
1068995.0500000008
 30
2.0
  0
VERTEX
  8
0
 10
642041.7900000000
 20
1069073.0500000008
 30
2.0
  0
VERTEX
  8
0
 10
642447.3899999997
 20
1069291.0500000007
 30
2.0
  0
VERTEX
  8
0
 10
642728.1799999997
 20
1069353.0500000007
 30
2.0
  0
VERTEX
  8
0
 10
642837.2900000000
 20
1069275.0500000008
 30
2.0
  0
VERTEX
  8
0
 10
642759.2900000000
 20
1069057.0500000008
 30
2.0
  0
VERTEX
  8
0
 10
642275.7800000003
 20
1068792.0500000008
 30
2.0
  0
VERTEX
  8
0
 10
641261.9900000002
 20
1068059.0500000007
 30
2.0
  0
VERTEX
  8
0
 10
640388.4900000002
 20
1067622.0500000007
 30
2.0
  0
VERTEX
  8
0
 10
639998.5899999999
 20
1067560.0500000007
 30
2.0
  0
VERTEX
  8
0
 10
639795.7900000000
 20
1067607.0500000008
 30
2.0
  0
VERTEX
  8
0
 10
639670.9900000002
 20
1067716.0500000007
 30
2.0
  0
VERTEX
  8
0
 10
639655.3899999997
 20
1067950.0500000008
 30
2.0
  0
VERTEX
  8
0
 10
641121.5899999999
 20
1068776.0500000008
 30
2.0
  0
VERTEX
  8
0
 10
660119.4900000002
 20
1072052.0500000007
 30
2.0
  0
VERTEX
  8
0
 10
659495.5899999999
 20
1072286.0500000008
 30
2.0
  0
VERTEX
  8
0
 10
659355.1900000004
 20
1072395.0500000007
 30
2.0
  0
VERTEX
  8
0
 10
659355.1900000004
 20
1072489.0500000007
 30
2.0
  0
VERTEX
  8
0
 10
659589.1900000004
 20
1072582.0500000007
 30
2.0
  0
VERTEX
  8
0
 10
660478.1900000004
 20
1072317.0500000008
 30
2.0
  0
VERTEX
  8
0
 10
660805.7900000000
 20
1072317.0500000008
 30
2.0
  0
VERTEX
  8
0
 10
661647.9900000002
 20
1072598.0500000008
 30
2.0
  0
VERTEX
  8
0
 10
662037.9900000002
 20
1072863.0500000007
 30
2.0
  0
VERTEX
  8
0
 10
662661.8899999997
 20
1073409.0500000008
 30
2.0
  0
VERTEX
  8
0
 10
663176.5899999999
 20
1073534.0500000008
 30
2.0
  0
VERTEX
  8
0
 10
663332.5899999999
 20
1073378.0500000008
 30
2.0
  0
VERTEX
  8
0
 10
663145.3899999997
 20
1073035.0500000008
 30
2.0
  0
VERTEX
  8
0
 10
662880.2900000000
 20
1072801.0500000007
 30
2.0
  0
VERTEX
  8
0
 10
660821.3899999997
 20
1071678.0500000008
 30
2.0
  0
VERTEX
  8
0
 10
659729.4900000002
 20
1070960.0500000008
 30
2.0
  0
VERTEX
  8
0
 10
657795.4900000002
 20
1070336.0500000008
 30
2.0
  0
VERTEX
  8
0
 10
656438.4900000002
 20
1070024.0500000008
 30
2.0
  0
VERTEX
  8
0
 10
654644.6900000004
 20
1069385.0500000008
 30
2.0
  0
VERTEX
  8
0
 10
653209.6900000004
 20
1069307.0500000008
 30
2.0
  0
VERTEX
  8
0
 10
651587.5899999999
 20
1068886.0500000008
 30
2.0
  0
VERTEX
  8
0
 10
650854.4900000002
 20
1068511.0500000008
 30
2.0
  0
VERTEX
  8
0
 10
649481.8899999997
 20
1068230.0399999991
 30
2.0
  0
VERTEX
  8
0
 10
648140.4800000004
 20
1067497.0500000007
 30
2.0
  0
VERTEX
  8
0
 10
648140.4800000004
 20
1067357.0500000008
 30
2.0
  0
VERTEX
  8
0
 10
648623.9900000002
 20
1067419.0500000008
 30
2.0
  0
VERTEX
  8
0
 10
648982.7900000000
 20
1067544.0500000008
 30
2.0
  0
VERTEX
  8
0
 10
649513.0899999999
 20
1067872.0500000007
 30
2.0
  0
VERTEX
  8
0
 10
650651.6900000004
 20
1068090.0500000007
 30
2.0
  0
VERTEX
  8
0
 10
654036.3899999997
 20
1069010.0500000007
 30
2.0
  0
VERTEX
  8
0
 10
656968.7900000000
 20
1069712.0500000008
 30
2.0
  0
VERTEX
  8
0
 10
659058.7900000000
 20
1070664.0500000007
 30
2.0
  0
VERTEX
  8
0
 10
659542.3799999999
 20
1070726.0500000007
 30
2.0
  0
VERTEX
  8
0
 10
659698.2900000000
 20
1070695.0500000007
 30
2.0
  0
VERTEX
  8
0
 10
659776.2900000000
 20
1070601.0500000008
 30
2.0
  0
VERTEX
  8
0
 10
659760.6900000004
 20
1070492.0500000008
 30
2.0
  0
VERTEX
  8
0
 10
659526.7900000000
 20
1070321.0500000007
 30
2.0
  0
VERTEX
  8
0
 10
658762.4800000004
 20
1070071.0500000007
 30
2.0
  0
VERTEX
  8
0
 10
659323.9900000002
 20
1069977.0500000007
 30
2.0
  0
VERTEX
  8
0
 10
659698.2900000000
 20
1069728.0500000007
 30
2.0
  0
VERTEX
  8
0
 10
659698.2900000000
 20
1069619.0500000008
 30
2.0
  0
VERTEX
  8
0
 10
659604.7900000000
 20
1069509.0500000007
 30
2.0
  0
VERTEX
  8
0
 10
659292.7900000000
 20
1069400.0500000008
 30
2.0
  0
VERTEX
  8
0
 10
657888.9900000002
 20
1069759.0500000007
 30
2.0
  0
VERTEX
  8
0
 10
657499.0899999999
 20
1069712.0500000008
 30
2.0
  0
VERTEX
  8
0
 10
655424.5899999999
 20
1068917.0500000008
 30
2.0
  0
VERTEX
  8
0
 10
652367.4900000002
 20
1068293.0500000008
 30
2.0
  0
VERTEX
  8
0
 10
650370.9900000002
 20
1067653.0500000007
 30
2.0
  0
VERTEX
  8
0
 10
648608.4900000002
 20
1066998.0500000007
 30
2.0
  0
VERTEX
  8
0
 10
647890.9900000002
 20
1066655.0500000008
 30
2.0
  0
VERTEX
  8
0
 10
646097.1900000004
 20
1066078.0500000008
 30
2.0
  0
VERTEX
  8
0
 10
643757.5899999999
 20
1064643.0399999991
 30
2.0
  0
VERTEX
  8
0
 10
642213.4900000002
 20
1064066.0500000008
 30
2.0
  0
VERTEX
  8
0
 10
640466.4900000002
 20
1064019.0500000008
 30
2.0
  0
VERTEX
  8
0
 10
640248.1900000004
 20
1064175.0500000008
 30
2.0
  0
VERTEX
  8
0
 10
640357.2900000000
 20
1064284.0500000008
 30
2.0
  0
VERTEX
  8
0
 10
641027.9900000002
 20
1064456.0500000008
 30
2.0
  0
VERTEX
  8
0
 10
642618.9900000002
 20
1064690.0500000008
 30
2.0
  0
VERTEX
  8
0
 10
642915.2900000000
 20
1064877.0500000008
 30
2.0
  0
VERTEX
  8
0
 10
643320.7900000000
 20
1065251.0500000008
 30
2.0
  0
VERTEX
  8
0
 10
644194.2900000000
 20
1065501.0500000008
 30
2.0
  0
VERTEX
  8
0
 10
643960.2900000000
 20
1065844.0500000008
 30
2.0
  0
VERTEX
  8
0
 10
644007.1900000004
 20
1065984.0500000008
 30
2.0
  0
VERTEX
  8
0
 10
645083.3899999997
 20
1066265.0399999991
 30
2.0
  0
VERTEX
  8
0
 10
645520.1900000004
 20
1066530.0500000007
 30
2.0
  0
VERTEX
  8
0
 10
646284.3899999997
 20
1066717.0500000007
 30
2.0
  0
VERTEX
  8
0
 10
646752.2900000000
 20
1066624.0500000008
 30
2.0
  0
VERTEX
  8
0
 10
647313.7900000000
 20
1066842.0500000007
 30
2.0
  0
VERTEX
  8
0
 10
647391.7900000000
 20
1067029.0500000007
 30
2.0
  0
VERTEX
  8
0
 10
647313.7900000000
 20
1067107.0500000008
 30
2.0
  0
VERTEX
  8
0
 10
646908.2900000000
 20
1066983.0500000008
 30
2.0
  0
VERTEX
  8
0
 10
646471.5899999999
 20
1067014.0500000008
 30
2.0
  0
VERTEX
  8
0
 10
646362.3899999997
 20
1067185.0500000007
 30
2.0
  0
VERTEX
  8
0
 10
646440.3899999997
 20
1067310.0500000007
 30
2.0
  0
VERTEX
  8
0
 10
647111.0899999999
 20
1067373.0500000007
 30
2.0
  0
VERTEX
  8
0
 10
647719.3899999997
 20
1067310.0500000007
 30
2.0
  0
VERTEX
  8
0
 10
648156.1799999997
 20
1067653.0500000007
 30
2.0
  0
VERTEX
  8
0
 10
648514.7900000000
 20
1068028.0500000007
 30
2.0
  0
VERTEX
  8
0
 10
649045.1900000004
 20
1068402.0500000008
 30
2.0
  0
VERTEX
  8
0
 10
649918.6799999997
 20
1068730.0500000008
 30
2.0
  0
VERTEX
  8
0
 10
650480.1900000004
 20
1068808.0500000007
 30
2.0
  0
VERTEX
  8
0
 10
652320.6900000004
 20
1069463.0500000008
 30
2.0
  0
VERTEX
  8
0
 10
654223.5800000001
 20
1069619.0500000008
 30
2.0
  0
VERTEX
  8
0
 10
655486.9900000002
 20
1070258.0500000007
 30
2.0
  0
VERTEX
  8
0
 10
659604.7900000000
 20
1071568.0500000008
 30
2.0
  0
VERTEX
  8
0
 10
660088.2800000003
 20
1071849.0500000008
 30
2.0
  0
VERTEX
  8
0
 10
660119.4900000002
 20
1072052.0500000007
 30
2.0
  0
VERTEX
  8
0
 10
638438.7900000000
 20
1069728.0500000007
 30
2.0
  0
VERTEX
  8
0
 10
638423.1900000004
 20
1069650.0500000008
 30
2.0
  0
VERTEX
  8
0
 10
638610.3899999997
 20
1069338.0500000008
 30
2.0
  0
VERTEX
  8
0
 10
638298.4800000004
 20
1069073.0500000008
 30
2.0
  0
VERTEX
  8
0
 10
637658.9900000002
 20
1068932.0500000008
 30
2.0
  0
VERTEX
  8
0
 10
636286.2900000000
 20
1069104.0500000008
 30
2.0
  0
VERTEX
  8
0
 10
635537.6799999997
 20
1069385.0500000008
 30
2.0
  0
VERTEX
  8
0
 10
633962.2900000000
 20
1069135.0500000008
 30
2.0
  0
VERTEX
  8
0
 10
631872.1799999997
 20
1068730.0500000008
 30
2.0
  0
VERTEX
  8
0
 10
631544.6799999997
 20
1069057.0500000008
 30
2.0
  0
VERTEX
  8
0
 10
631232.6900000004
 20
1069291.0500000007
 30
2.0
  0
VERTEX
  8
0
 10
631872.1799999997
 20
1069353.0500000007
 30
2.0
  0
VERTEX
  8
0
 10
633104.4800000004
 20
1069229.0500000008
 30
2.0
  0
VERTEX
  8
0
 10
633541.1799999997
 20
1069291.0500000007
 30
2.0
  0
VERTEX
  8
0
 10
633899.8899999997
 20
1069478.0500000007
 30
2.0
  0
VERTEX
  8
0
 10
634523.7900000000
 20
1069619.0500000008
 30
2.0
  0
VERTEX
  8
0
 10
634757.7800000003
 20
1069541.0500000008
 30
2.0
  0
VERTEX
  8
0
 10
635833.9900000002
 20
1069853.0500000007
 30
2.0
  0
VERTEX
  8
0
 10
636801.0899999999
 20
1070227.0500000007
 30
2.0
  0
VERTEX
  8
0
 10
637627.6799999997
 20
1070289.0500000007
 30
2.0
  0
VERTEX
  8
0
 10
639047.1900000004
 20
1070227.0500000007
 30
2.0
  0
VERTEX
  8
0
 10
639780.1900000004
 20
1070087.0500000008
 30
2.0
  0
VERTEX
  8
0
 10
639592.9900000002
 20
1069946.0500000007
 30
2.0
  0
VERTEX
  8
0
 10
639265.4900000002
 20
1069837.0500000008
 30
2.0
  0
VERTEX
  8
0
 10
638594.7900000000
 20
1069806.0500000008
 30
2.0
  0
VERTEX
  8
0
 10
638438.7900000000
 20
1069728.0500000007
 30
2.0
  0
VERTEX
  8
0
 10
645847.6900000004
 20
1072005.0500000008
 30
2.0
  0
VERTEX
  8
0
 10
645208.1900000004
 20
1071896.0500000007
 30
2.0
  0
VERTEX
  8
0
 10
644724.6900000004
 20
1071880.0500000008
 30
2.0
  0
VERTEX
  8
0
 10
643040.0899999999
 20
1071568.0500000008
 30
2.0
  0
VERTEX
  8
0
 10
642525.3899999997
 20
1071522.0399999991
 30
2.0
  0
VERTEX
  8
0
 10
642478.5899999999
 20
1071475.0500000008
 30
2.0
  0
VERTEX
  8
0
 10
643570.3899999997
 20
1071522.0399999991
 30
2.0
  0
VERTEX
  8
0
 10
643726.3899999997
 20
1071475.0500000008
 30
2.0
  0
VERTEX
  8
0
 10
643570.3899999997
 20
1071288.0500000007
 30
2.0
  0
VERTEX
  8
0
 10
643414.4900000002
 20
1071194.0500000008
 30
2.0
  0
VERTEX
  8
0
 10
643289.6900000004
 20
1071132.0500000007
 30
2.0
  0
VERTEX
  8
0
 10
642884.1900000004
 20
1071069.0500000008
 30
2.0
  0
VERTEX
  8
0
 10
641683.0899999999
 20
1071132.0500000007
 30
2.0
  0
VERTEX
  8
0
 10
640716.0899999999
 20
1070695.0500000007
 30
2.0
  0
VERTEX
  8
0
 10
640154.4900000002
 20
1070710.0500000008
 30
2.0
  0
VERTEX
  8
0
 10
639920.5899999999
 20
1070773.0500000008
 30
2.0
  0
VERTEX
  8
0
 10
639842.5800000001
 20
1070851.0500000007
 30
2.0
  0
VERTEX
  8
0
 10
639858.1900000004
 20
1070960.0500000008
 30
2.0
  0
VERTEX
  8
0
 10
639967.3899999997
 20
1071069.0500000008
 30
2.0
  0
VERTEX
  8
0
 10
640981.1900000004
 20
1071412.0500000008
 30
2.0
  0
VERTEX
  8
0
 10
641698.6900000004
 20
1071724.0500000008
 30
2.0
  0
VERTEX
  8
0
 10
643133.6900000004
 20
1072208.0500000007
 30
2.0
  0
VERTEX
  8
0
 10
644958.5899999999
 20
1072707.0500000007
 30
2.0
  0
VERTEX
  8
0
 10
645598.0800000001
 20
1072879.0500000008
 30
2.0
  0
VERTEX
  8
0
 10
647298.2900000000
 20
1073409.0500000008
 30
2.0
  0
VERTEX
  8
0
 10
648031.2900000000
 20
1073861.0500000008
 30
2.0
  0
VERTEX
  8
0
 10
648499.2900000000
 20
1074017.0500000008
 30
2.0
  0
VERTEX
  8
0
 10
648795.6900000004
 20
1074033.0500000008
 30
2.0
  0
VERTEX
  8
0
 10
648935.9900000002
 20
1073830.0500000008
 30
2.0
  0
VERTEX
  8
0
 10
648889.1900000004
 20
1073690.0500000008
 30
2.0
  0
VERTEX
  8
0
 10
648623.9900000002
 20
1073565.0500000008
 30
2.0
  0
VERTEX
  8
0
 10
648608.4900000002
 20
1073300.0500000007
 30
2.0
  0
VERTEX
  8
0
 10
648483.6900000004
 20
1073190.0500000008
 30
2.0
  0
VERTEX
  8
0
 10
648093.6900000004
 20
1073035.0500000008
 30
2.0
  0
VERTEX
  8
0
 10
647578.9900000002
 20
1072925.0500000007
 30
2.0
  0
VERTEX
  8
0
 10
647095.4900000002
 20
1072598.0500000008
 30
2.0
  0
VERTEX
  8
0
 10
646003.6900000004
 20
1072145.0500000007
 30
2.0
  0
VERTEX
  8
0
 10
645847.6900000004
 20
1072005.0500000008
 30
2.0
  0
VERTEX
  8
0
 10
639109.4900000002
 20
1072723.0500000008
 30
2.0
  0
VERTEX
  8
0
 10
639125.0899999999
 20
1072598.0500000008
 30
2.0
  0
VERTEX
  8
0
 10
638922.2900000000
 20
1072379.0500000008
 30
2.0
  0
VERTEX
  8
0
 10
638672.7900000000
 20
1072317.0500000008
 30
2.0
  0
VERTEX
  8
0
 10
637034.9900000002
 20
1072707.0500000007
 30
2.0
  0
VERTEX
  8
0
 10
636348.6900000004
 20
1072738.0500000007
 30
2.0
  0
VERTEX
  8
0
 10
634508.1900000004
 20
1072598.0500000008
 30
2.0
  0
VERTEX
  8
0
 10
633322.7900000000
 20
1072598.0500000008
 30
2.0
  0
VERTEX
  8
0
 10
632714.4900000002
 20
1072348.0500000008
 30
2.0
  0
VERTEX
  8
0
 10
632012.5899999999
 20
1072286.0500000008
 30
2.0
  0
VERTEX
  8
0
 10
630780.3899999997
 20
1072442.0500000008
 30
2.0
  0
VERTEX
  8
0
 10
630031.6900000004
 20
1072395.0500000007
 30
2.0
  0
VERTEX
  8
0
 10
629610.5899999999
 20
1072442.0500000008
 30
2.0
  0
VERTEX
  8
0
 10
628861.8899999997
 20
1072691.0500000008
 30
2.0
  0
VERTEX
  8
0
 10
628315.9900000002
 20
1072988.0500000007
 30
2.0
  0
VERTEX
  8
0
 10
627411.2900000000
 20
1073081.0500000008
 30
2.0
  0
VERTEX
  8
0
 10
628565.4900000002
 20
1073346.0500000008
 30
2.0
  0
VERTEX
  8
0
 10
629220.6900000004
 20
1073206.0500000007
 30
2.0
  0
VERTEX
  8
0
 10
630094.0899999999
 20
1073175.0500000007
 30
2.0
  0
VERTEX
  8
0
 10
630577.6900000004
 20
1073331.0500000007
 30
2.0
  0
VERTEX
  8
0
 10
631014.2900000000
 20
1073378.0500000008
 30
2.0
  0
VERTEX
  8
0
 10
632979.6900000004
 20
1073175.0500000007
 30
2.0
  0
VERTEX
  8
0
 10
633775.1900000004
 20
1073253.0500000008
 30
2.0
  0
VERTEX
  8
0
 10
634523.7900000000
 20
1073190.0500000008
 30
2.0
  0
VERTEX
  8
0
 10
635022.9900000002
 20
1073300.0500000007
 30
2.0
  0
VERTEX
  8
0
 10
635974.3799999999
 20
1073300.0500000007
 30
2.0
  0
VERTEX
  8
0
 10
636801.0899999999
 20
1073128.0500000008
 30
2.0
  0
VERTEX
  8
0
 10
638719.5899999999
 20
1072972.0500000008
 30
2.0
  0
VERTEX
  8
0
 10
639000.2900000000
 20
1072847.0500000008
 30
2.0
  0
VERTEX
  8
0
 10
639109.4900000002
 20
1072723.0500000008
 30
2.0
  0
VERTEX
  8
0
 10
641527.1900000004
 20
1075265.0500000008
 30
2.0
  0
VERTEX
  8
0
 10
641636.2900000000
 20
1075343.0500000007
 30
2.0
  0
VERTEX
  8
0
 10
642197.7900000000
 20
1075437.0500000007
 30
2.0
  0
VERTEX
  8
0
 10
642509.7900000000
 20
1075281.0500000007
 30
2.0
  0
VERTEX
  8
0
 10
642696.9900000002
 20
1075265.0500000008
 30
2.0
  0
VERTEX
  8
0
 10
643414.4900000002
 20
1075515.0500000008
 30
2.0
  0
VERTEX
  8
0
 10
644256.6900000004
 20
1075421.0500000008
 30
2.0
  0
VERTEX
  8
0
 10
644553.0899999999
 20
1075281.0500000007
 30
2.0
  0
VERTEX
  8
0
 10
645598.0800000001
 20
1075249.0500000007
 30
2.0
  0
VERTEX
  8
0
 10
645863.2900000000
 20
1075140.0500000008
 30
2.0
  0
VERTEX
  8
0
 10
645894.4900000002
 20
1075047.0500000008
 30
2.0
  0
VERTEX
  8
0
 10
645691.6900000004
 20
1074859.0500000008
 30
2.0
  0
VERTEX
  8
0
 10
645364.1900000004
 20
1074781.0500000007
 30
2.0
  0
VERTEX
  8
0
 10
645067.7900000000
 20
1074797.0500000008
 30
2.0
  0
VERTEX
  8
0
 10
644864.9900000002
 20
1074875.0500000007
 30
2.0
  0
VERTEX
  8
0
 10
643960.2900000000
 20
1074953.0500000008
 30
2.0
  0
VERTEX
  8
0
 10
643648.3899999997
 20
1074813.0399999991
 30
2.0
  0
VERTEX
  8
0
 10
642930.8899999997
 20
1074672.0500000008
 30
2.0
  0
VERTEX
  8
0
 10
642306.9900000002
 20
1074797.0500000008
 30
2.0
  0
VERTEX
  8
0
 10
641714.2900000000
 20
1074797.0500000008
 30
2.0
  0
VERTEX
  8
0
 10
641558.2900000000
 20
1074906.0500000007
 30
2.0
  0
VERTEX
  8
0
 10
641449.1900000004
 20
1075078.0500000008
 30
2.0
  0
VERTEX
  8
0
 10
641527.1900000004
 20
1075265.0500000008
 30
2.0
  0
VERTEX
  8
0
 10
632059.3899999997
 20
1075171.0500000008
 30
2.0
  0
VERTEX
  8
0
 10
632137.3899999997
 20
1075015.0500000008
 30
2.0
  0
VERTEX
  8
0
 10
632012.5899999999
 20
1074859.0500000008
 30
2.0
  0
VERTEX
  8
0
 10
631638.2900000000
 20
1074719.0500000007
 30
2.0
  0
VERTEX
  8
0
 10
630998.7800000003
 20
1074625.0500000007
 30
2.0
  0
VERTEX
  8
0
 10
630421.6900000004
 20
1074469.0399999991
 30
2.0
  0
VERTEX
  8
0
 10
630328.0899999999
 20
1074391.0500000008
 30
2.0
  0
VERTEX
  8
0
 10
629938.1900000004
 20
1074298.0500000008
 30
2.0
  0
VERTEX
  8
0
 10
629376.5899999999
 20
1074267.0500000008
 30
2.0
  0
VERTEX
  8
0
 10
627754.4900000002
 20
1073799.0500000008
 30
2.0
  0
VERTEX
  8
0
 10
627270.8899999997
 20
1073861.0500000008
 30
2.0
  0
VERTEX
  8
0
 10
626974.5899999999
 20
1074142.0500000008
 30
2.0
  0
VERTEX
  8
0
 10
626943.3899999997
 20
1074345.0500000008
 30
2.0
  0
VERTEX
  8
0
 10
627130.4900000002
 20
1074391.0500000008
 30
2.0
  0
VERTEX
  8
0
 10
627925.9900000002
 20
1074267.0500000008
 30
2.0
  0
VERTEX
  8
0
 10
628565.4900000002
 20
1074329.0500000008
 30
2.0
  0
VERTEX
  8
0
 10
628861.8899999997
 20
1074438.0500000007
 30
2.0
  0
VERTEX
  8
0
 10
629329.7800000003
 20
1074859.0500000008
 30
2.0
  0
VERTEX
  8
0
 10
629360.9900000002
 20
1075296.0500000008
 30
2.0
  0
VERTEX
  8
0
 10
629314.1900000004
 20
1075702.0500000008
 30
2.0
  0
VERTEX
  8
0
 10
629548.1900000004
 20
1075811.0500000007
 30
2.0
  0
VERTEX
  8
0
 10
630842.7900000000
 20
1075811.0500000007
 30
2.0
  0
VERTEX
  8
0
 10
632074.9900000002
 20
1076123.0500000008
 30
2.0
  0
VERTEX
  8
0
 10
635568.7900000000
 20
1076638.0500000008
 30
2.0
  0
VERTEX
  8
0
 10
636520.2800000003
 20
1076825.0500000008
 30
2.0
  0
VERTEX
  8
0
 10
637924.0899999999
 20
1077246.0500000008
 30
2.0
  0
VERTEX
  8
0
 10
638781.9900000002
 20
1077308.0500000008
 30
2.0
  0
VERTEX
  8
0
 10
639967.3899999997
 20
1077386.0500000007
 30
2.0
  0
VERTEX
  8
0
 10
640809.6900000004
 20
1077620.0500000008
 30
2.0
  0
VERTEX
  8
0
 10
641230.7900000000
 20
1077464.0500000008
 30
2.0
  0
VERTEX
  8
0
 10
640716.0899999999
 20
1077121.0500000008
 30
2.0
  0
VERTEX
  8
0
 10
640357.2900000000
 20
1077059.0500000008
 30
2.0
  0
VERTEX
  8
0
 10
639514.9900000002
 20
1076669.0500000008
 30
2.0
  0
VERTEX
  8
0
 10
638610.3899999997
 20
1076482.0500000008
 30
2.0
  0
VERTEX
  8
0
 10
637175.3899999997
 20
1076388.0500000008
 30
2.0
  0
VERTEX
  8
0
 10
636457.8899999997
 20
1076107.0500000008
 30
2.0
  0
VERTEX
  8
0
 10
634586.1900000004
 20
1075733.0500000008
 30
2.0
  0
VERTEX
  8
0
 10
633572.2900000000
 20
1075842.0500000008
 30
2.0
  0
VERTEX
  8
0
 10
632184.1900000004
 20
1075639.0500000008
 30
2.0
  0
VERTEX
  8
0
 10
631794.1900000004
 20
1075733.0500000008
 30
2.0
  0
VERTEX
  8
0
 10
631388.6900000004
 20
1075670.0500000008
 30
2.0
  0
VERTEX
  8
0
 10
630359.2900000000
 20
1075296.0500000008
 30
2.0
  0
VERTEX
  8
0
 10
630203.2900000000
 20
1075125.0500000007
 30
2.0
  0
VERTEX
  8
0
 10
630140.8899999997
 20
1074953.0500000008
 30
2.0
  0
VERTEX
  8
0
 10
630156.4900000002
 20
1074766.0500000008
 30
2.0
  0
VERTEX
  8
0
 10
630390.4900000002
 20
1074672.0500000008
 30
2.0
  0
VERTEX
  8
0
 10
631092.2800000003
 20
1074937.0500000007
 30
2.0
  0
VERTEX
  8
0
 10
631622.6900000004
 20
1075218.0500000007
 30
2.0
  0
VERTEX
  8
0
 10
631887.7900000000
 20
1075249.0500000007
 30
2.0
  0
VERTEX
  8
0
 10
632059.3899999997
 20
1075171.0500000008
 30
2.0
  0
VERTEX
  8
0
 10
628627.8899999997
 20
1083001.0500000008
 30
2.0
  0
VERTEX
  8
0
 10
629548.1900000004
 20
1083766.0500000008
 30
2.0
  0
VERTEX
  8
0
 10
629844.4900000002
 20
1083922.0500000008
 30
2.0
  0
VERTEX
  8
0
 10
630265.6900000004
 20
1083922.0500000008
 30
2.0
  0
VERTEX
  8
0
 10
630983.1900000004
 20
1084171.0500000007
 30
2.0
  0
VERTEX
  8
0
 10
630780.3899999997
 20
1083844.0500000008
 30
2.0
  0
VERTEX
  8
0
 10
630530.7900000000
 20
1083625.0500000008
 30
2.0
  0
VERTEX
  8
0
 10
629828.9900000002
 20
1083485.0500000008
 30
2.0
  0
VERTEX
  8
0
 10
629111.4900000002
 20
1082611.0500000008
 30
2.0
  0
VERTEX
  8
0
 10
627598.4900000002
 20
1081925.0500000008
 30
2.0
  0
VERTEX
  8
0
 10
627114.9900000002
 20
1081598.0500000008
 30
2.0
  0
VERTEX
  8
0
 10
626553.4900000002
 20
1081208.0500000008
 30
2.0
  0
VERTEX
  8
0
 10
625945.1900000004
 20
1080989.0500000008
 30
2.0
  0
VERTEX
  8
0
 10
625882.6900000004
 20
1081161.0500000008
 30
2.0
  0
VERTEX
  8
0
 10
626007.4800000004
 20
1081348.0500000008
 30
2.0
  0
VERTEX
  8
0
 10
627099.2900000000
 20
1082019.0500000008
 30
2.0
  0
VERTEX
  8
0
 10
627847.9900000002
 20
1082253.0500000007
 30
2.0
  0
VERTEX
  8
0
 10
628627.8899999997
 20
1083001.0500000008
 30
2.0
  0
VERTEX
  8
0
 10
619784.0899999999
 20
1088336.0500000007
 30
2.0
  0
VERTEX
  8
0
 10
620033.6900000004
 20
1088289.0500000008
 30
2.0
  0
VERTEX
  8
0
 10
619815.2900000000
 20
1087743.0500000007
 30
2.0
  0
VERTEX
  8
0
 10
619440.9900000002
 20
1087462.0500000007
 30
2.0
  0
VERTEX
  8
0
 10
618910.5899999999
 20
1086838.0500000007
 30
2.0
  0
VERTEX
  8
0
 10
618427.0899999999
 20
1086417.0500000008
 30
2.0
  0
VERTEX
  8
0
 10
618068.2900000000
 20
1085918.0500000008
 30
2.0
  0
VERTEX
  8
0
 10
617272.7900000000
 20
1085715.0500000008
 30
2.0
  0
VERTEX
  8
0
 10
617912.2900000000
 20
1086402.0500000008
 30
2.0
  0
VERTEX
  8
0
 10
618193.1900000004
 20
1086604.0399999991
 30
2.0
  0
VERTEX
  8
0
 10
618894.9900000002
 20
1087727.0500000008
 30
2.0
  0
VERTEX
  8
0
 10
619035.3899999997
 20
1088024.0500000007
 30
2.0
  0
VERTEX
  8
0
 10
619347.2900000000
 20
1088211.0500000007
 30
2.0
  0
VERTEX
  8
0
 10
619784.0899999999
 20
1088336.0500000007
 30
2.0
  0
VERTEX
  8
0
 10
623527.4900000002
 20
1088258.0500000008
 30
2.0
  0
VERTEX
  8
0
 10
623901.7800000003
 20
1088913.0399999991
 30
2.0
  0
VERTEX
  8
0
 10
624478.9900000002
 20
1089209.0500000008
 30
2.0
  0
VERTEX
  8
0
 10
623527.4900000002
 20
1087961.0500000008
 30
2.0
  0
VERTEX
  8
0
 10
623387.1900000004
 20
1087665.0500000008
 30
2.0
  0
VERTEX
  8
0
 10
622981.5899999999
 20
1087166.0500000008
 30
2.0
  0
VERTEX
  8
0
 10
622841.1900000004
 20
1087166.0500000008
 30
2.0
  0
VERTEX
  8
0
 10
622794.3899999997
 20
1087322.0500000008
 30
2.0
  0
VERTEX
  8
0
 10
623527.4900000002
 20
1088258.0500000008
 30
2.0
  0
VERTEX
  8
0
 10
647407.4900000002
 20
1096275.0500000008
 30
2.0
  0
VERTEX
  8
0
 10
647189.0899999999
 20
1096727.0500000007
 30
2.0
  0
VERTEX
  8
0
 10
647547.7900000000
 20
1097102.0500000007
 30
2.0
  0
VERTEX
  8
0
 10
647532.1900000004
 20
1097351.0500000007
 30
2.0
  0
VERTEX
  8
0
 10
647454.1900000004
 20
1097460.0500000008
 30
2.0
  0
VERTEX
  8
0
 10
647251.4900000002
 20
1097445.0500000007
 30
2.0
  0
VERTEX
  8
0
 10
647126.6900000004
 20
1097351.0500000007
 30
2.0
  0
VERTEX
  8
0
 10
646908.2900000000
 20
1096883.0500000007
 30
2.0
  0
VERTEX
  8
0
 10
645863.2900000000
 20
1095667.0500000008
 30
2.0
  0
VERTEX
  8
0
 10
645676.0899999999
 20
1095183.0500000007
 30
2.0
  0
VERTEX
  8
0
 10
644849.3899999997
 20
1094809.0399999991
 30
2.0
  0
VERTEX
  8
0
 10
644475.0899999999
 20
1094512.0500000008
 30
2.0
  0
VERTEX
  8
0
 10
643851.1900000004
 20
1093733.0500000007
 30
2.0
  0
VERTEX
  8
0
 10
643336.4900000002
 20
1092968.0500000008
 30
2.0
  0
VERTEX
  8
0
 10
642494.1900000004
 20
1091892.0500000007
 30
2.0
  0
VERTEX
  8
0
 10
642135.4900000002
 20
1091658.0500000008
 30
2.0
  0
VERTEX
  8
0
 10
641979.4900000002
 20
1091627.0500000008
 30
2.0
  0
VERTEX
  8
0
 10
641901.4900000002
 20
1091736.0500000007
 30
2.0
  0
VERTEX
  8
0
 10
641870.2900000000
 20
1092017.0500000007
 30
2.0
  0
VERTEX
  8
0
 10
641963.8899999997
 20
1092407.0500000008
 30
2.0
  0
VERTEX
  8
0
 10
642587.7900000000
 20
1093467.0500000008
 30
2.0
  0
VERTEX
  8
0
 10
643601.6900000004
 20
1094544.0500000008
 30
2.0
  0
VERTEX
  8
0
 10
643663.9900000002
 20
1094746.0500000007
 30
2.0
  0
VERTEX
  8
0
 10
643102.4900000002
 20
1094434.0500000007
 30
2.0
  0
VERTEX
  8
0
 10
643071.2900000000
 20
1094668.0500000008
 30
2.0
  0
VERTEX
  8
0
 10
643149.2900000000
 20
1094824.0500000008
 30
2.0
  0
VERTEX
  8
0
 10
643461.1900000004
 20
1095105.0500000008
 30
2.0
  0
VERTEX
  8
0
 10
643523.6900000004
 20
1095323.0500000008
 30
2.0
  0
VERTEX
  8
0
 10
643445.6900000004
 20
1095464.0500000007
 30
2.0
  0
VERTEX
  8
0
 10
643040.0899999999
 20
1094918.0500000008
 30
2.0
  0
VERTEX
  8
0
 10
642946.4900000002
 20
1094871.0500000007
 30
2.0
  0
VERTEX
  8
0
 10
642743.7900000000
 20
1094887.0500000008
 30
2.0
  0
VERTEX
  8
0
 10
642681.2900000000
 20
1094996.0500000007
 30
2.0
  0
VERTEX
  8
0
 10
642806.1900000004
 20
1095199.0500000008
 30
2.0
  0
VERTEX
  8
0
 10
643133.6900000004
 20
1095417.0500000008
 30
2.0
  0
VERTEX
  8
0
 10
643196.0899999999
 20
1095573.0500000008
 30
2.0
  0
VERTEX
  8
0
 10
643164.8799999999
 20
1095698.0500000008
 30
2.0
  0
VERTEX
  8
0
 10
642774.9900000002
 20
1095869.0500000008
 30
2.0
  0
VERTEX
  8
0
 10
642759.2900000000
 20
1096072.0500000008
 30
2.0
  0
VERTEX
  8
0
 10
642837.2900000000
 20
1096228.0500000008
 30
2.0
  0
VERTEX
  8
0
 10
643274.0800000001
 20
1096322.0500000008
 30
2.0
  0
VERTEX
  8
0
 10
643710.7800000003
 20
1096244.0500000008
 30
2.0
  0
VERTEX
  8
0
 10
644085.1900000004
 20
1096275.0500000008
 30
2.0
  0
VERTEX
  8
0
 10
644412.6900000004
 20
1096462.0500000008
 30
2.0
  0
VERTEX
  8
0
 10
645660.4900000002
 20
1096852.0500000007
 30
2.0
  0
VERTEX
  8
0
 10
645738.4900000002
 20
1097195.0500000007
 30
2.0
  0
VERTEX
  8
0
 10
645629.2900000000
 20
1097211.0500000008
 30
2.0
  0
VERTEX
  8
0
 10
645223.7900000000
 20
1097055.0500000008
 30
2.0
  0
VERTEX
  8
0
 10
644989.7900000000
 20
1096883.0500000007
 30
2.0
  0
VERTEX
  8
0
 10
644506.2900000000
 20
1096961.0500000008
 30
2.0
  0
VERTEX
  8
0
 10
643991.5899999999
 20
1096618.0500000008
 30
2.0
  0
VERTEX
  8
0
 10
643819.9900000002
 20
1096634.0500000008
 30
2.0
  0
VERTEX
  8
0
 10
643804.3899999997
 20
1096946.0500000008
 30
2.0
  0
VERTEX
  8
0
 10
643960.2900000000
 20
1097024.0500000008
 30
2.0
  0
VERTEX
  8
0
 10
644397.0899999999
 20
1097086.0500000008
 30
2.0
  0
VERTEX
  8
0
 10
644584.2900000000
 20
1097055.0500000008
 30
2.0
  0
VERTEX
  8
0
 10
644755.7900000000
 20
1097242.0500000008
 30
2.0
  0
VERTEX
  8
0
 10
644755.7900000000
 20
1097320.0500000007
 30
2.0
  0
VERTEX
  8
0
 10
644599.7900000000
 20
1097429.0500000008
 30
2.0
  0
VERTEX
  8
0
 10
644365.8899999997
 20
1097414.0500000007
 30
2.0
  0
VERTEX
  8
0
 10
643975.9900000002
 20
1097585.0500000008
 30
2.0
  0
VERTEX
  8
0
 10
643835.5899999999
 20
1097819.0500000007
 30
2.0
  0
VERTEX
  8
0
 10
643835.5899999999
 20
1097850.0500000007
 30
2.0
  0
VERTEX
  8
0
 10
644584.2900000000
 20
1098037.0500000008
 30
2.0
  0
VERTEX
  8
0
 10
644974.1900000004
 20
1097975.0500000007
 30
2.0
  0
VERTEX
  8
0
 10
645364.1900000004
 20
1097741.0500000008
 30
2.0
  0
VERTEX
  8
0
 10
645910.0899999999
 20
1097881.0500000008
 30
2.0
  0
VERTEX
  8
0
 10
646253.1799999997
 20
1098178.0500000008
 30
2.0
  0
VERTEX
  8
0
 10
647017.4900000002
 20
1098630.0500000008
 30
2.0
  0
VERTEX
  8
0
 10
647298.2900000000
 20
1098989.0500000008
 30
2.0
  0
VERTEX
  8
0
 10
647594.5899999999
 20
1099691.0500000008
 30
2.0
  0
VERTEX
  8
0
 10
647703.7800000003
 20
1099722.0500000008
 30
2.0
  0
VERTEX
  8
0
 10
647906.5899999999
 20
1099519.0500000007
 30
2.0
  0
VERTEX
  8
0
 10
648218.4900000002
 20
1098349.0500000008
 30
2.0
  0
VERTEX
  8
0
 10
648156.1799999997
 20
1097445.0500000007
 30
2.0
  0
VERTEX
  8
0
 10
648249.6799999997
 20
1096930.0500000008
 30
2.0
  0
VERTEX
  8
0
 10
648280.8899999997
 20
1093483.0500000008
 30
2.0
  0
VERTEX
  8
0
 10
648546.0899999999
 20
1092095.0500000008
 30
2.0
  0
VERTEX
  8
0
 10
648967.1900000004
 20
1089084.0500000008
 30
2.0
  0
VERTEX
  8
0
 10
650277.3899999997
 20
1089459.0500000008
 30
2.0
  0
VERTEX
  8
0
 10
650246.1799999997
 20
1089724.0500000007
 30
2.0
  0
VERTEX
  8
0
 10
650105.7900000000
 20
1089973.0500000007
 30
2.0
  0
VERTEX
  8
0
 10
650230.5899999999
 20
1090161.0500000007
 30
2.0
  0
VERTEX
  8
0
 10
650776.4900000002
 20
1089802.0500000008
 30
2.0
  0
VERTEX
  8
0
 10
651150.7900000000
 20
1089693.0500000007
 30
2.0
  0
VERTEX
  8
0
 10
651603.1900000004
 20
1089927.0500000008
 30
2.0
  0
VERTEX
  8
0
 10
651712.3899999997
 20
1089927.0500000008
 30
2.0
  0
VERTEX
  8
0
 10
652071.0899999999
 20
1089755.0500000007
 30
2.0
  0
VERTEX
  8
0
 10
652741.7900000000
 20
1090083.0500000008
 30
2.0
  0
VERTEX
  8
0
 10
653334.4800000004
 20
1090114.0500000008
 30
2.0
  0
VERTEX
  8
0
 10
654051.9900000002
 20
1090691.0500000007
 30
2.0
  0
VERTEX
  8
0
 10
653552.8899999997
 20
1091970.0500000008
 30
2.0
  0
VERTEX
  8
0
 10
652804.1900000004
 20
1093343.0500000008
 30
2.0
  0
VERTEX
  8
0
 10
652538.9900000002
 20
1093701.0500000008
 30
2.0
  0
VERTEX
  8
0
 10
651135.2800000003
 20
1095167.0500000008
 30
2.0
  0
VERTEX
  8
0
 10
650901.2800000003
 20
1095776.0500000007
 30
2.0
  0
VERTEX
  8
0
 10
650386.5899999999
 20
1096618.0500000008
 30
2.0
  0
VERTEX
  8
0
 10
650136.9900000002
 20
1097414.0500000007
 30
2.0
  0
VERTEX
  8
0
 10
650027.7900000000
 20
1098100.0399999991
 30
2.0
  0
VERTEX
  8
0
 10
649949.7900000000
 20
1098178.0500000008
 30
2.0
  0
VERTEX
  8
0
 10
649793.7800000003
 20
1098069.0500000007
 30
2.0
  0
VERTEX
  8
0
 10
649902.9800000004
 20
1097585.0500000008
 30
2.0
  0
VERTEX
  8
0
 10
649918.6799999997
 20
1096790.0500000008
 30
2.0
  0
VERTEX
  8
0
 10
650090.1900000004
 20
1096306.0500000008
 30
2.0
  0
VERTEX
  8
0
 10
650043.3899999997
 20
1096010.0500000008
 30
2.0
  0
VERTEX
  8
0
 10
649778.2900000000
 20
1096041.0500000008
 30
2.0
  0
VERTEX
  8
0
 10
649622.2900000000
 20
1096259.0500000007
 30
2.0
  0
VERTEX
  8
0
 10
649544.2900000000
 20
1096680.0500000008
 30
2.0
  0
VERTEX
  8
0
 10
649622.2900000000
 20
1097523.0500000008
 30
2.0
  0
VERTEX
  8
0
 10
649591.0899999999
 20
1098240.0500000008
 30
2.0
  0
VERTEX
  8
0
 10
649466.2800000003
 20
1098786.0500000008
 30
2.0
  0
VERTEX
  8
0
 10
649528.6900000004
 20
1099535.0500000008
 30
2.0
  0
VERTEX
  8
0
 10
649419.4900000002
 20
1100346.0500000008
 30
2.0
  0
VERTEX
  8
0
 10
649575.4800000004
 20
1100970.0500000008
 30
2.0
  0
VERTEX
  8
0
 10
649871.7900000000
 20
1100595.0500000008
 30
2.0
  0
VERTEX
  8
0
 10
650136.9900000002
 20
1098958.0500000008
 30
2.0
  0
VERTEX
  8
0
 10
650308.5899999999
 20
1098490.0500000008
 30
2.0
  0
VERTEX
  8
0
 10
650776.4900000002
 20
1097788.0500000007
 30
2.0
  0
VERTEX
  8
0
 10
651104.0899999999
 20
1097039.0500000007
 30
2.0
  0
VERTEX
  8
0
 10
651213.2900000000
 20
1096447.0500000008
 30
2.0
  0
VERTEX
  8
0
 10
651462.7800000003
 20
1095791.0399999991
 30
2.0
  0
VERTEX
  8
0
 10
652928.9900000002
 20
1093296.0500000007
 30
2.0
  0
VERTEX
  8
0
 10
653428.0899999999
 20
1092750.0500000008
 30
2.0
  0
VERTEX
  8
0
 10
653942.7900000000
 20
1091986.0500000008
 30
2.0
  0
VERTEX
  8
0
 10
654769.4900000002
 20
1090457.0500000008
 30
2.0
  0
VERTEX
  8
0
 10
654956.6900000004
 20
1089927.0500000008
 30
2.0
  0
VERTEX
  8
0
 10
655019.0899999999
 20
1089740.0500000008
 30
2.0
  0
VERTEX
  8
0
 10
655096.9900000002
 20
1089225.0500000008
 30
2.0
  0
VERTEX
  8
0
 10
655096.9900000002
 20
1088461.0500000007
 30
2.0
  0
VERTEX
  8
0
 10
655174.9900000002
 20
1088117.0500000008
 30
2.0
  0
VERTEX
  8
0
 10
655424.5899999999
 20
1087540.0500000008
 30
2.0
  0
VERTEX
  8
0
 10
655455.7900000000
 20
1087228.0500000008
 30
2.0
  0
VERTEX
  8
0
 10
655284.1900000004
 20
1086277.0500000008
 30
2.0
  0
VERTEX
  8
0
 10
655237.4900000002
 20
1085325.0500000008
 30
2.0
  0
VERTEX
  8
0
 10
654722.6900000004
 20
1082814.0500000007
 30
2.0
  0
VERTEX
  8
0
 10
654644.6900000004
 20
1082689.0500000007
 30
2.0
  0
VERTEX
  8
0
 10
654504.2900000000
 20
1082066.0500000008
 30
2.0
  0
VERTEX
  8
0
 10
653615.2900000000
 20
1080709.0399999991
 30
2.0
  0
VERTEX
  8
0
 10
652788.5800000001
 20
1078665.0500000008
 30
2.0
  0
VERTEX
  8
0
 10
652336.2900000000
 20
1078041.0500000008
 30
2.0
  0
VERTEX
  8
0
 10
651634.3899999997
 20
1077293.0500000007
 30
2.0
  0
VERTEX
  8
0
 10
650308.5899999999
 20
1076216.0500000008
 30
2.0
  0
VERTEX
  8
0
 10
649762.6900000004
 20
1076045.0500000008
 30
2.0
  0
VERTEX
  8
0
 10
649435.1900000004
 20
1075686.0500000007
 30
2.0
  0
VERTEX
  8
0
 10
649201.1900000004
 20
1075811.0500000007
 30
2.0
  0
VERTEX
  8
0
 10
648764.3899999997
 20
1075717.0500000008
 30
2.0
  0
VERTEX
  8
0
 10
648561.6900000004
 20
1075842.0500000008
 30
2.0
  0
VERTEX
  8
0
 10
648577.2900000000
 20
1076076.0500000008
 30
2.0
  0
VERTEX
  8
0
 10
648686.4900000002
 20
1076185.0500000008
 30
2.0
  0
VERTEX
  8
0
 10
649138.7800000003
 20
1076248.0500000007
 30
2.0
  0
VERTEX
  8
0
 10
649637.8899999997
 20
1076466.0500000008
 30
2.0
  0
VERTEX
  8
0
 10
651634.3899999997
 20
1077839.0500000008
 30
2.0
  0
VERTEX
  8
0
 10
651899.4800000004
 20
1078135.0500000007
 30
2.0
  0
VERTEX
  8
0
 10
651493.9900000002
 20
1078525.0500000008
 30
2.0
  0
VERTEX
  8
0
 10
651603.1900000004
 20
1078665.0500000008
 30
2.0
  0
VERTEX
  8
0
 10
651899.4800000004
 20
1078821.0500000008
 30
2.0
  0
VERTEX
  8
0
 10
651852.7900000000
 20
1079133.0500000008
 30
2.0
  0
VERTEX
  8
0
 10
652492.2900000000
 20
1079476.0500000008
 30
2.0
  0
VERTEX
  8
0
 10
652835.3899999997
 20
1080131.0500000008
 30
2.0
  0
VERTEX
  8
0
 10
652585.7900000000
 20
1080693.0500000008
 30
2.0
  0
VERTEX
  8
0
 10
652741.7900000000
 20
1080896.0500000007
 30
2.0
  0
VERTEX
  8
0
 10
653178.4900000002
 20
1081161.0500000008
 30
2.0
  0
VERTEX
  8
0
 10
653521.6900000004
 20
1081738.0500000008
 30
2.0
  0
VERTEX
  8
0
 10
653973.9900000002
 20
1082268.0500000008
 30
2.0
  0
VERTEX
  8
0
 10
654098.7900000000
 20
1082565.0500000007
 30
2.0
  0
VERTEX
  8
0
 10
653880.4900000002
 20
1083001.0500000008
 30
2.0
  0
VERTEX
  8
0
 10
653599.6900000004
 20
1083033.0500000007
 30
2.0
  0
VERTEX
  8
0
 10
653287.6900000004
 20
1082986.0500000008
 30
2.0
  0
VERTEX
  8
0
 10
653334.4800000004
 20
1083126.0500000008
 30
2.0
  0
VERTEX
  8
0
 10
653646.4900000002
 20
1083407.0500000008
 30
2.0
  0
VERTEX
  8
0
 10
654239.1900000004
 20
1083656.0399999991
 30
2.0
  0
VERTEX
  8
0
 10
654410.7900000000
 20
1083812.0500000008
 30
2.0
  0
VERTEX
  8
0
 10
654332.7900000000
 20
1083968.0500000008
 30
2.0
  0
VERTEX
  8
0
 10
654223.5800000001
 20
1084015.0500000007
 30
2.0
  0
VERTEX
  8
0
 10
653973.9900000002
 20
1083906.0500000008
 30
2.0
  0
VERTEX
  8
0
 10
653817.9900000002
 20
1083906.0500000008
 30
2.0
  0
VERTEX
  8
0
 10
653771.2900000000
 20
1083984.0500000008
 30
2.0
  0
VERTEX
  8
0
 10
653817.9900000002
 20
1084156.0500000008
 30
2.0
  0
VERTEX
  8
0
 10
654301.5899999999
 20
1084530.0500000008
 30
2.0
  0
VERTEX
  8
0
 10
654613.4900000002
 20
1085029.0500000008
 30
2.0
  0
VERTEX
  8
0
 10
654847.4900000002
 20
1085622.0500000008
 30
2.0
  0
VERTEX
  8
0
 10
654831.8899999997
 20
1085731.0500000007
 30
2.0
  0
VERTEX
  8
0
 10
654894.2800000003
 20
1085856.0500000007
 30
2.0
  0
VERTEX
  8
0
 10
654769.4900000002
 20
1088117.0500000008
 30
2.0
  0
VERTEX
  8
0
 10
654785.0899999999
 20
1088195.0500000008
 30
2.0
  0
VERTEX
  8
0
 10
654098.7900000000
 20
1087618.0500000007
 30
2.0
  0
VERTEX
  8
0
 10
653880.4900000002
 20
1087228.0500000008
 30
2.0
  0
VERTEX
  8
0
 10
653303.2900000000
 20
1087322.0500000008
 30
2.0
  0
VERTEX
  8
0
 10
652804.1900000004
 20
1087072.0500000008
 30
2.0
  0
VERTEX
  8
0
 10
652305.0899999999
 20
1086963.0500000007
 30
2.0
  0
VERTEX
  8
0
 10
652071.0899999999
 20
1086979.0500000008
 30
2.0
  0
VERTEX
  8
0
 10
651291.1900000004
 20
1087556.0500000007
 30
2.0
  0
VERTEX
  8
0
 10
650776.4900000002
 20
1087852.0500000008
 30
2.0
  0
VERTEX
  8
0
 10
650121.3899999997
 20
1087868.0500000007
 30
2.0
  0
VERTEX
  8
0
 10
649949.7900000000
 20
1087759.0500000008
 30
2.0
  0
VERTEX
  8
0
 10
649403.8899999997
 20
1086823.0500000008
 30
2.0
  0
VERTEX
  8
0
 10
648795.6900000004
 20
1085856.0500000007
 30
2.0
  0
VERTEX
  8
0
 10
648171.6900000004
 20
1085123.0500000008
 30
2.0
  0
VERTEX
  8
0
 10
647859.7900000000
 20
1085216.0500000008
 30
2.0
  0
VERTEX
  8
0
 10
647781.7900000000
 20
1085341.0500000008
 30
2.0
  0
VERTEX
  8
0
 10
647844.1900000004
 20
1085856.0500000007
 30
2.0
  0
VERTEX
  8
0
 10
647812.9800000004
 20
1086121.0500000008
 30
2.0
  0
VERTEX
  8
0
 10
647500.9900000002
 20
1086324.0500000008
 30
2.0
  0
VERTEX
  8
0
 10
647360.6900000004
 20
1086542.0500000008
 30
2.0
  0
VERTEX
  8
0
 10
647532.1900000004
 20
1087213.0500000007
 30
2.0
  0
VERTEX
  8
0
 10
647454.1900000004
 20
1087400.0500000007
 30
2.0
  0
VERTEX
  8
0
 10
646955.0899999999
 20
1087587.0399999991
 30
2.0
  0
VERTEX
  8
0
 10
646752.2900000000
 20
1087852.0500000008
 30
2.0
  0
VERTEX
  8
0
 10
646643.1900000004
 20
1088227.0500000008
 30
2.0
  0
VERTEX
  8
0
 10
646440.3899999997
 20
1087915.0500000008
 30
2.0
  0
VERTEX
  8
0
 10
646409.1900000004
 20
1087665.0500000008
 30
2.0
  0
VERTEX
  8
0
 10
646502.7900000000
 20
1086948.0399999991
 30
2.0
  0
VERTEX
  8
0
 10
646440.3899999997
 20
1086682.0500000007
 30
2.0
  0
VERTEX
  8
0
 10
646159.6799999997
 20
1086417.0500000008
 30
2.0
  0
VERTEX
  8
0
 10
645395.2900000000
 20
1086090.0500000008
 30
2.0
  0
VERTEX
  8
0
 10
644958.5899999999
 20
1085622.0500000008
 30
2.0
  0
VERTEX
  8
0
 10
644584.2900000000
 20
1085403.0500000008
 30
2.0
  0
VERTEX
  8
0
 10
643258.4900000002
 20
1085201.0500000007
 30
2.0
  0
VERTEX
  8
0
 10
642977.6900000004
 20
1085060.0500000008
 30
2.0
  0
VERTEX
  8
0
 10
642993.2900000000
 20
1084811.0500000008
 30
2.0
  0
VERTEX
  8
0
 10
642884.1900000004
 20
1084733.0500000007
 30
2.0
  0
VERTEX
  8
0
 10
642197.7900000000
 20
1084795.0500000007
 30
2.0
  0
VERTEX
  8
0
 10
641620.6900000004
 20
1084826.0500000007
 30
2.0
  0
VERTEX
  8
0
 10
641386.7900000000
 20
1084702.0500000007
 30
2.0
  0
VERTEX
  8
0
 10
641199.5899999999
 20
1084358.0500000007
 30
2.0
  0
VERTEX
  8
0
 10
640809.6900000004
 20
1084202.0500000007
 30
2.0
  0
VERTEX
  8
0
 10
640622.4800000004
 20
1084343.0500000008
 30
2.0
  0
VERTEX
  8
0
 10
640513.2800000003
 20
1084561.0500000008
 30
2.0
  0
VERTEX
  8
0
 10
641074.7900000000
 20
1084795.0500000007
 30
2.0
  0
VERTEX
  8
0
 10
641355.5899999999
 20
1085029.0500000008
 30
2.0
  0
VERTEX
  8
0
 10
642540.9900000002
 20
1085575.0500000007
 30
2.0
  0
VERTEX
  8
0
 10
643336.4900000002
 20
1085544.0500000007
 30
2.0
  0
VERTEX
  8
0
 10
644038.2800000003
 20
1085684.0500000008
 30
2.0
  0
VERTEX
  8
0
 10
645644.8899999997
 20
1086558.0500000008
 30
2.0
  0
VERTEX
  8
0
 10
645863.2900000000
 20
1086870.0500000008
 30
2.0
  0
VERTEX
  8
0
 10
646487.1799999997
 20
1088351.0500000008
 30
2.0
  0
VERTEX
  8
0
 10
646705.4900000002
 20
1088383.0500000008
 30
2.0
  0
VERTEX
  8
0
 10
647048.6900000004
 20
1088242.0500000008
 30
2.0
  0
VERTEX
  8
0
 10
648202.8899999997
 20
1087291.0500000008
 30
2.0
  0
VERTEX
  8
0
 10
648405.6900000004
 20
1087338.0500000007
 30
2.0
  0
VERTEX
  8
0
 10
648452.4900000002
 20
1087603.0500000008
 30
2.0
  0
VERTEX
  8
0
 10
647844.1900000004
 20
1089615.0500000008
 30
2.0
  0
VERTEX
  8
0
 10
647578.9900000002
 20
1091237.0500000008
 30
2.0
  0
VERTEX
  8
0
 10
647625.7900000000
 20
1091330.0500000007
 30
2.0
  0
VERTEX
  8
0
 10
647922.1799999997
 20
1091065.0500000008
 30
2.0
  0
VERTEX
  8
0
 10
648187.2900000000
 20
1090582.0500000008
 30
2.0
  0
VERTEX
  8
0
 10
648343.2900000000
 20
1090629.0500000007
 30
2.0
  0
VERTEX
  8
0
 10
648343.2900000000
 20
1090941.0500000007
 30
2.0
  0
VERTEX
  8
0
 10
647953.2900000000
 20
1091986.0500000008
 30
2.0
  0
VERTEX
  8
0
 10
647547.7900000000
 20
1092875.0500000008
 30
2.0
  0
VERTEX
  8
0
 10
647329.4900000002
 20
1093748.0500000008
 30
2.0
  0
VERTEX
  8
0
 10
647438.6900000004
 20
1094388.0500000008
 30
2.0
  0
VERTEX
  8
0
 10
647438.6900000004
 20
1094731.0500000008
 30
2.0
  0
VERTEX
  8
0
 10
647251.4900000002
 20
1095885.0500000008
 30
2.0
  0
VERTEX
  8
0
 10
647407.4900000002
 20
1096275.0500000008
 30
2.0
  0
VERTEX
  8
0
 10
617787.5899999999
 20
1093826.0399999991
 30
2.0
  0
VERTEX
  8
0
 10
617881.1900000004
 20
1094122.0500000007
 30
2.0
  0
VERTEX
  8
0
 10
617881.1900000004
 20
1094481.0500000008
 30
2.0
  0
VERTEX
  8
0
 10
618286.6900000004
 20
1094715.0500000007
 30
2.0
  0
VERTEX
  8
0
 10
618551.8899999997
 20
1094746.0500000007
 30
2.0
  0
VERTEX
  8
0
 10
618645.4900000002
 20
1094512.0500000008
 30
2.0
  0
VERTEX
  8
0
 10
618614.2900000000
 20
1093951.0500000008
 30
2.0
  0
VERTEX
  8
0
 10
618052.7800000003
 20
1093187.0399999991
 30
2.0
  0
VERTEX
  8
0
 10
617569.1900000004
 20
1092001.0500000008
 30
2.0
  0
VERTEX
  8
0
 10
617428.7900000000
 20
1091658.0500000008
 30
2.0
  0
VERTEX
  8
0
 10
617257.2900000000
 20
1091330.0500000007
 30
2.0
  0
VERTEX
  8
0
 10
617023.2900000000
 20
1091190.0500000008
 30
2.0
  0
VERTEX
  8
0
 10
616711.2800000003
 20
1091315.0500000008
 30
2.0
  0
VERTEX
  8
0
 10
616898.4900000002
 20
1092173.0500000007
 30
2.0
  0
VERTEX
  8
0
 10
617647.1900000004
 20
1093109.0500000007
 30
2.0
  0
VERTEX
  8
0
 10
617569.1900000004
 20
1093265.0500000007
 30
2.0
  0
VERTEX
  8
0
 10
617257.2900000000
 20
1093358.0500000008
 30
2.0
  0
VERTEX
  8
0
 10
617179.2900000000
 20
1093514.0500000008
 30
2.0
  0
VERTEX
  8
0
 10
617787.5899999999
 20
1093826.0399999991
 30
2.0
  0
VERTEX
  8
0
 10
666077.7900000000
 20
1069182.0500000008
 30
2.0
  0
VERTEX
  8
0
 10
665874.9900000002
 20
1068932.0500000008
 30
2.0
  0
VERTEX
  8
0
 10
665765.7900000000
 20
1068386.0500000008
 30
2.0
  0
VERTEX
  8
0
 10
665796.9900000002
 20
1067903.0500000007
 30
2.0
  0
VERTEX
  8
0
 10
665718.9900000002
 20
1067513.0500000008
 30
2.0
  0
VERTEX
  8
0
 10
665500.6900000004
 20
1067092.0500000007
 30
2.0
  0
VERTEX
  8
0
 10
664923.4900000002
 20
1066406.0500000008
 30
2.0
  0
VERTEX
  8
0
 10
664455.5899999999
 20
1065470.0500000008
 30
2.0
  0
VERTEX
  8
0
 10
663082.9900000002
 20
1064284.0500000008
 30
2.0
  0
VERTEX
  8
0
 10
662240.7900000000
 20
1063972.0500000008
 30
2.0
  0
VERTEX
  8
0
 10
661897.5899999999
 20
1063754.0500000008
 30
2.0
  0
VERTEX
  8
0
 10
661554.4900000002
 20
1063380.0500000007
 30
2.0
  0
VERTEX
  8
0
 10
661226.8899999997
 20
1063177.0500000008
 30
2.0
  0
VERTEX
  8
0
 10
660368.9900000002
 20
1063005.0500000007
 30
2.0
  0
VERTEX
  8
0
 10
659620.2900000000
 20
1063068.0500000007
 30
2.0
  0
VERTEX
  8
0
 10
658902.7900000000
 20
1063021.0500000008
 30
2.0
  0
VERTEX
  8
0
 10
658700.0899999999
 20
1062834.0500000008
 30
2.0
  0
VERTEX
  8
0
 10
658653.2800000003
 20
1062506.0500000007
 30
2.0
  0
VERTEX
  8
0
 10
658497.2900000000
 20
1062272.0500000008
 30
2.0
  0
VERTEX
  8
0
 10
658247.7900000000
 20
1062179.0500000008
 30
2.0
  0
VERTEX
  8
0
 10
657467.8899999997
 20
1062397.0500000008
 30
2.0
  0
VERTEX
  8
0
 10
656859.5899999999
 20
1062210.0500000008
 30
2.0
  0
VERTEX
  8
0
 10
656313.6900000004
 20
1061945.0500000008
 30
2.0
  0
VERTEX
  8
0
 10
655783.2900000000
 20
1061929.0500000008
 30
2.0
  0
VERTEX
  8
0
 10
655549.3899999997
 20
1062007.0500000007
 30
2.0
  0
VERTEX
  8
0
 10
653537.2900000000
 20
1061570.0500000007
 30
2.0
  0
VERTEX
  8
0
 10
652367.4900000002
 20
1061851.0500000007
 30
2.0
  0
VERTEX
  8
0
 10
650854.4900000002
 20
1061929.0500000008
 30
2.0
  0
VERTEX
  8
0
 10
649747.0899999999
 20
1061898.0500000008
 30
2.0
  0
VERTEX
  8
0
 10
648733.1900000004
 20
1061757.0500000007
 30
2.0
  0
VERTEX
  8
0
 10
647734.9900000002
 20
1061882.0500000007
 30
2.0
  0
VERTEX
  8
0
 10
646627.4900000002
 20
1061742.0500000008
 30
2.0
  0
VERTEX
  8
0
 10
646237.5899999999
 20
1061601.0500000007
 30
2.0
  0
VERTEX
  8
0
 10
645442.1900000004
 20
1061555.0500000008
 30
2.0
  0
VERTEX
  8
0
 10
644584.2900000000
 20
1061695.0500000008
 30
2.0
  0
VERTEX
  8
0
 10
644740.2900000000
 20
1061851.0500000007
 30
2.0
  0
VERTEX
  8
0
 10
644974.1900000004
 20
1061929.0500000008
 30
2.0
  0
VERTEX
  8
0
 10
645925.6900000004
 20
1061882.0500000007
 30
2.0
  0
VERTEX
  8
0
 10
647111.0899999999
 20
1062101.0500000008
 30
2.0
  0
VERTEX
  8
0
 10
647204.6900000004
 20
1062163.0500000007
 30
2.0
  0
VERTEX
  8
0
 10
648031.2900000000
 20
1062225.0500000007
 30
2.0
  0
VERTEX
  8
0
 10
648873.5899999999
 20
1062397.0500000008
 30
2.0
  0
VERTEX
  8
0
 10
649341.4900000002
 20
1062569.0500000007
 30
2.0
  0
VERTEX
  8
0
 10
650183.7900000000
 20
1062584.0500000008
 30
2.0
  0
VERTEX
  8
0
 10
650511.2900000000
 20
1062179.0500000008
 30
2.0
  0
VERTEX
  8
0
 10
650776.4900000002
 20
1062085.0500000008
 30
2.0
  0
VERTEX
  8
0
 10
651228.7800000003
 20
1062147.0500000008
 30
2.0
  0
VERTEX
  8
0
 10
651509.5899999999
 20
1062381.0500000007
 30
2.0
  0
VERTEX
  8
0
 10
651946.2900000000
 20
1062600.0500000007
 30
2.0
  0
VERTEX
  8
0
 10
653256.4900000002
 20
1062724.0500000007
 30
2.0
  0
VERTEX
  8
0
 10
655518.1900000004
 20
1063021.0500000008
 30
2.0
  0
VERTEX
  8
0
 10
656734.7900000000
 20
1062943.0500000007
 30
2.0
  0
VERTEX
  8
0
 10
657873.3799999999
 20
1062740.0500000008
 30
2.0
  0
VERTEX
  8
0
 10
658372.4900000002
 20
1062771.0500000008
 30
2.0
  0
VERTEX
  8
0
 10
658388.1900000004
 20
1063083.0500000008
 30
2.0
  0
VERTEX
  8
0
 10
658871.6799999997
 20
1063224.0500000007
 30
2.0
  0
VERTEX
  8
0
 10
659495.5899999999
 20
1063130.0500000007
 30
2.0
  0
VERTEX
  8
0
 10
660493.7900000000
 20
1063520.0500000008
 30
2.0
  0
VERTEX
  8
0
 10
661897.5899999999
 20
1064315.0500000008
 30
2.0
  0
VERTEX
  8
0
 10
662802.2900000000
 20
1064955.0500000007
 30
2.0
  0
VERTEX
  8
0
 10
663285.7900000000
 20
1065532.0500000008
 30
2.0
  0
VERTEX
  8
0
 10
663597.7900000000
 20
1065813.0500000008
 30
2.0
  0
VERTEX
  8
0
 10
663816.0899999999
 20
1066390.0500000008
 30
2.0
  0
VERTEX
  8
0
 10
663628.9900000002
 20
1066561.0500000007
 30
2.0
  0
VERTEX
  8
0
 10
663238.9900000002
 20
1066499.0500000008
 30
2.0
  0
VERTEX
  8
0
 10
663160.9900000002
 20
1066608.0500000008
 30
2.0
  0
VERTEX
  8
0
 10
663285.7900000000
 20
1066967.0500000007
 30
2.0
  0
VERTEX
  8
0
 10
663582.1900000004
 20
1067263.0500000008
 30
2.0
  0
VERTEX
  8
0
 10
664330.7900000000
 20
1067653.0500000007
 30
2.0
  0
VERTEX
  8
0
 10
664455.5899999999
 20
1067763.0500000008
 30
2.0
  0
VERTEX
  8
0
 10
664580.3899999997
 20
1068199.0500000008
 30
2.0
  0
VERTEX
  8
0
 10
664705.1900000004
 20
1068386.0500000008
 30
2.0
  0
VERTEX
  8
0
 10
665141.8899999997
 20
1068605.0500000008
 30
2.0
  0
VERTEX
  8
0
 10
665407.0800000001
 20
1068870.0500000008
 30
2.0
  0
VERTEX
  8
0
 10
665329.0899999999
 20
1069104.0500000008
 30
2.0
  0
VERTEX
  8
0
 10
665828.1900000004
 20
1069806.0500000008
 30
2.0
  0
VERTEX
  8
0
 10
665874.9900000002
 20
1070243.0500000008
 30
2.0
  0
VERTEX
  8
0
 10
665999.7900000000
 20
1070414.0500000007
 30
2.0
  0
VERTEX
  8
0
 10
666311.6900000004
 20
1070539.0399999991
 30
2.0
  0
VERTEX
  8
0
 10
666436.4900000002
 20
1070321.0500000007
 30
2.0
  0
VERTEX
  8
0
 10
666389.6799999997
 20
1069509.0500000007
 30
2.0
  0
VERTEX
  8
0
 10
666264.9900000002
 20
1069291.0500000007
 30
2.0
  0
VERTEX
  8
0
 10
666077.7900000000
 20
1069182.0500000008
 30
2.0
  0
VERTEX
  8
0
 10
661710.4900000002
 20
1069353.0500000007
 30
2.0
  0
VERTEX
  8
0
 10
660712.1900000004
 20
1069275.0500000008
 30
2.0
  0
VERTEX
  8
0
 10
660290.9900000002
 20
1069307.0500000008
 30
2.0
  0
VERTEX
  8
0
 10
659682.7900000000
 20
1069213.0500000008
 30
2.0
  0
VERTEX
  8
0
 10
659323.9900000002
 20
1069042.0500000008
 30
2.0
  0
VERTEX
  8
0
 10
657966.9900000002
 20
1068886.0500000008
 30
2.0
  0
VERTEX
  8
0
 10
656064.0899999999
 20
1068542.0500000008
 30
2.0
  0
VERTEX
  8
0
 10
655174.9900000002
 20
1068449.0500000008
 30
2.0
  0
VERTEX
  8
0
 10
654972.2900000000
 20
1068496.0500000007
 30
2.0
  0
VERTEX
  8
0
 10
654925.4900000002
 20
1068574.0399999991
 30
2.0
  0
VERTEX
  8
0
 10
655019.0899999999
 20
1068776.0500000008
 30
2.0
  0
VERTEX
  8
0
 10
655377.7900000000
 20
1068823.0500000008
 30
2.0
  0
VERTEX
  8
0
 10
656298.0899999999
 20
1069120.0500000008
 30
2.0
  0
VERTEX
  8
0
 10
657093.4800000004
 20
1069416.0500000008
 30
2.0
  0
VERTEX
  8
0
 10
658388.1900000004
 20
1069478.0500000007
 30
2.0
  0
VERTEX
  8
0
 10
659417.5899999999
 20
1069338.0500000008
 30
2.0
  0
VERTEX
  8
0
 10
659885.4900000002
 20
1069556.0399999991
 30
2.0
  0
VERTEX
  8
0
 10
662193.9800000004
 20
1070336.0500000008
 30
2.0
  0
VERTEX
  8
0
 10
663207.7900000000
 20
1070757.0500000008
 30
2.0
  0
VERTEX
  8
0
 10
663831.6900000004
 20
1070913.0500000008
 30
2.0
  0
VERTEX
  8
0
 10
664408.7900000000
 20
1071132.0500000007
 30
2.0
  0
VERTEX
  8
0
 10
665126.2900000000
 20
1071631.0500000008
 30
2.0
  0
VERTEX
  8
0
 10
664985.9900000002
 20
1071896.0500000007
 30
2.0
  0
VERTEX
  8
0
 10
664767.5899999999
 20
1071943.0500000008
 30
2.0
  0
VERTEX
  8
0
 10
663176.5899999999
 20
1071334.0500000008
 30
2.0
  0
VERTEX
  8
0
 10
662334.2900000000
 20
1071085.0500000008
 30
2.0
  0
VERTEX
  8
0
 10
661663.6900000004
 20
1070976.0500000007
 30
2.0
  0
VERTEX
  8
0
 10
661211.2900000000
 20
1071147.0500000008
 30
2.0
  0
VERTEX
  8
0
 10
661211.2900000000
 20
1071381.0500000008
 30
2.0
  0
VERTEX
  8
0
 10
661414.0800000001
 20
1071490.0500000007
 30
2.0
  0
VERTEX
  8
0
 10
662926.9900000002
 20
1071646.0500000007
 30
2.0
  0
VERTEX
  8
0
 10
664237.2900000000
 20
1072052.0500000007
 30
2.0
  0
VERTEX
  8
0
 10
664814.2900000000
 20
1072177.0500000007
 30
2.0
  0
VERTEX
  8
0
 10
665063.8799999999
 20
1072301.0500000007
 30
2.0
  0
VERTEX
  8
0
 10
665360.2900000000
 20
1072551.0500000007
 30
2.0
  0
VERTEX
  8
0
 10
666186.9900000002
 20
1072941.0500000008
 30
2.0
  0
VERTEX
  8
0
 10
666389.6799999997
 20
1072957.0500000007
 30
2.0
  0
VERTEX
  8
0
 10
666608.0899999999
 20
1072801.0500000007
 30
2.0
  0
VERTEX
  8
0
 10
666498.8899999997
 20
1072567.0500000008
 30
2.0
  0
VERTEX
  8
0
 10
666140.1900000004
 20
1072379.0500000008
 30
2.0
  0
VERTEX
  8
0
 10
665968.5899999999
 20
1072223.0500000008
 30
2.0
  0
VERTEX
  8
0
 10
665687.7900000000
 20
1071678.0500000008
 30
2.0
  0
VERTEX
  8
0
 10
665422.6900000004
 20
1071381.0500000008
 30
2.0
  0
VERTEX
  8
0
 10
664783.1900000004
 20
1070991.0500000008
 30
2.0
  0
VERTEX
  8
0
 10
664299.6799999997
 20
1070773.0500000008
 30
2.0
  0
VERTEX
  8
0
 10
662739.8899999997
 20
1069681.0500000008
 30
2.0
  0
VERTEX
  8
0
 10
661710.4900000002
 20
1069353.0500000007
 30
2.0
  0
VERTEX
  8
0
 10
663488.5899999999
 20
1072660.0500000008
 30
2.0
  0
VERTEX
  8
0
 10
663426.1900000004
 20
1072676.0500000007
 30
2.0
  0
VERTEX
  8
0
 10
663379.3899999997
 20
1072832.0500000007
 30
2.0
  0
VERTEX
  8
0
 10
663426.1900000004
 20
1072972.0500000008
 30
2.0
  0
VERTEX
  8
0
 10
664315.1900000004
 20
1073627.0500000008
 30
2.0
  0
VERTEX
  8
0
 10
664564.7900000000
 20
1074126.0500000007
 30
2.0
  0
VERTEX
  8
0
 10
664533.5899999999
 20
1074251.0500000007
 30
2.0
  0
VERTEX
  8
0
 10
664299.6799999997
 20
1074329.0500000008
 30
2.0
  0
VERTEX
  8
0
 10
663862.8899999997
 20
1074236.0500000008
 30
2.0
  0
VERTEX
  8
0
 10
663098.6900000004
 20
1073939.0500000008
 30
2.0
  0
VERTEX
  8
0
 10
662225.1900000004
 20
1073736.0500000008
 30
2.0
  0
VERTEX
  8
0
 10
660181.8899999997
 20
1072894.0500000007
 30
2.0
  0
VERTEX
  8
0
 10
659667.1900000004
 20
1072816.0500000008
 30
2.0
  0
VERTEX
  8
0
 10
658887.2900000000
 20
1073003.0500000008
 30
2.0
  0
VERTEX
  8
0
 10
658653.2800000003
 20
1073003.0500000008
 30
2.0
  0
VERTEX
  8
0
 10
658060.5899999999
 20
1072785.0500000008
 30
2.0
  0
VERTEX
  8
0
 10
657374.2900000000
 20
1072411.0500000008
 30
2.0
  0
VERTEX
  8
0
 10
657171.4900000002
 20
1072036.0500000008
 30
2.0
  0
VERTEX
  8
0
 10
656921.9900000002
 20
1071833.0500000007
 30
2.0
  0
VERTEX
  8
0
 10
656360.4900000002
 20
1071740.0500000008
 30
2.0
  0
VERTEX
  8
0
 10
655268.6900000004
 20
1070913.0500000008
 30
2.0
  0
VERTEX
  8
0
 10
654426.2900000000
 20
1070523.0500000008
 30
2.0
  0
VERTEX
  8
0
 10
654254.7900000000
 20
1070820.0500000007
 30
2.0
  0
VERTEX
  8
0
 10
654457.4900000002
 20
1070960.0500000008
 30
2.0
  0
VERTEX
  8
0
 10
654722.6900000004
 20
1071007.0500000007
 30
2.0
  0
VERTEX
  8
0
 10
654816.2900000000
 20
1071272.0500000008
 30
2.0
  0
VERTEX
  8
0
 10
654426.2900000000
 20
1071241.0500000008
 30
2.0
  0
VERTEX
  8
0
 10
653958.3899999997
 20
1071428.0500000008
 30
2.0
  0
VERTEX
  8
0
 10
653958.3899999997
 20
1071568.0500000008
 30
2.0
  0
VERTEX
  8
0
 10
654161.1900000004
 20
1071615.0500000007
 30
2.0
  0
VERTEX
  8
0
 10
654753.8899999997
 20
1071600.0500000008
 30
2.0
  0
VERTEX
  8
0
 10
655455.7900000000
 20
1071693.0500000008
 30
2.0
  0
VERTEX
  8
0
 10
656407.2900000000
 20
1071989.0500000007
 30
2.0
  0
VERTEX
  8
0
 10
656687.9900000002
 20
1072208.0500000007
 30
2.0
  0
VERTEX
  8
0
 10
657062.2900000000
 20
1072863.0500000007
 30
2.0
  0
VERTEX
  8
0
 10
658637.6900000004
 20
1073643.0500000008
 30
2.0
  0
VERTEX
  8
0
 10
659043.2900000000
 20
1073705.0500000008
 30
2.0
  0
VERTEX
  8
0
 10
659823.1900000004
 20
1073658.0500000008
 30
2.0
  0
VERTEX
  8
0
 10
660446.9900000002
 20
1073799.0500000008
 30
2.0
  0
VERTEX
  8
0
 10
661336.0899999999
 20
1073846.0500000008
 30
2.0
  0
VERTEX
  8
0
 10
662287.4900000002
 20
1074002.0500000008
 30
2.0
  0
VERTEX
  8
0
 10
664237.2900000000
 20
1074625.0500000007
 30
2.0
  0
VERTEX
  8
0
 10
664876.7900000000
 20
1075031.0500000007
 30
2.0
  0
VERTEX
  8
0
 10
665188.6900000004
 20
1074984.0500000008
 30
2.0
  0
VERTEX
  8
0
 10
665141.8899999997
 20
1074672.0500000008
 30
2.0
  0
VERTEX
  8
0
 10
665219.8899999997
 20
1074594.0500000007
 30
2.0
  0
VERTEX
  8
0
 10
665375.8899999997
 20
1074594.0500000007
 30
2.0
  0
VERTEX
  8
0
 10
665531.7900000000
 20
1074688.0500000007
 30
2.0
  0
VERTEX
  8
0
 10
665859.3899999997
 20
1074688.0500000007
 30
2.0
  0
VERTEX
  8
0
 10
665968.5899999999
 20
1074594.0500000007
 30
2.0
  0
VERTEX
  8
0
 10
665952.9800000004
 20
1074454.0500000008
 30
2.0
  0
VERTEX
  8
0
 10
665609.7800000003
 20
1074267.0500000008
 30
2.0
  0
VERTEX
  8
0
 10
665251.0899999999
 20
1074220.0500000008
 30
2.0
  0
VERTEX
  8
0
 10
664829.9900000002
 20
1073924.0500000008
 30
2.0
  0
VERTEX
  8
0
 10
664517.9800000004
 20
1073502.0500000008
 30
2.0
  0
VERTEX
  8
0
 10
663488.5899999999
 20
1072660.0500000008
 30
2.0
  0
VERTEX
  8
0
 10
661585.6900000004
 20
1083469.0500000008
 30
2.0
  0
VERTEX
  8
0
 10
661226.8899999997
 20
1083641.0500000008
 30
2.0
  0
VERTEX
  8
0
 10
661039.6900000004
 20
1083828.0500000008
 30
2.0
  0
VERTEX
  8
0
 10
660774.5899999999
 20
1084436.0500000008
 30
2.0
  0
VERTEX
  8
0
 10
660634.1900000004
 20
1085076.0500000007
 30
2.0
  0
VERTEX
  8
0
 10
660415.7800000003
 20
1085435.0500000008
 30
2.0
  0
VERTEX
  8
0
 10
660213.0899999999
 20
1085481.0500000008
 30
2.0
  0
VERTEX
  8
0
 10
659901.0899999999
 20
1085169.0500000007
 30
2.0
  0
VERTEX
  8
0
 10
659760.6900000004
 20
1084546.0500000008
 30
2.0
  0
VERTEX
  8
0
 10
659745.1900000004
 20
1083766.0500000008
 30
2.0
  0
VERTEX
  8
0
 10
659401.9900000002
 20
1081956.0500000008
 30
2.0
  0
VERTEX
  8
0
 10
658918.4900000002
 20
1080506.0500000008
 30
2.0
  0
VERTEX
  8
0
 10
658840.4900000002
 20
1080053.0500000007
 30
2.0
  0
VERTEX
  8
0
 10
658809.2900000000
 20
1078946.0500000008
 30
2.0
  0
VERTEX
  8
0
 10
658575.2900000000
 20
1077885.0500000007
 30
2.0
  0
VERTEX
  8
0
 10
658169.7900000000
 20
1076716.0500000008
 30
2.0
  0
VERTEX
  8
0
 10
657639.4900000002
 20
1075780.0500000007
 30
2.0
  0
VERTEX
  8
0
 10
657093.4800000004
 20
1074969.0500000007
 30
2.0
  0
VERTEX
  8
0
 10
656765.9800000004
 20
1074610.0500000008
 30
2.0
  0
VERTEX
  8
0
 10
656703.5899999999
 20
1074625.0500000007
 30
2.0
  0
VERTEX
  8
0
 10
656656.7800000003
 20
1074937.0500000007
 30
2.0
  0
VERTEX
  8
0
 10
657046.7900000000
 20
1075842.0500000008
 30
2.0
  0
VERTEX
  8
0
 10
657545.8799999999
 20
1076544.0500000008
 30
2.0
  0
VERTEX
  8
0
 10
658544.1900000004
 20
1078759.0500000008
 30
2.0
  0
VERTEX
  8
0
 10
658528.4900000002
 20
1079164.0500000008
 30
2.0
  0
VERTEX
  8
0
 10
658372.4900000002
 20
1079274.0500000008
 30
2.0
  0
VERTEX
  8
0
 10
658169.7900000000
 20
1079164.0500000008
 30
2.0
  0
VERTEX
  8
0
 10
657857.7900000000
 20
1078821.0500000008
 30
2.0
  0
VERTEX
  8
0
 10
657077.9900000002
 20
1076669.0500000008
 30
2.0
  0
VERTEX
  8
0
 10
656687.9900000002
 20
1075889.0500000008
 30
2.0
  0
VERTEX
  8
0
 10
656531.9900000002
 20
1075733.0500000008
 30
2.0
  0
VERTEX
  8
0
 10
656469.6900000004
 20
1076248.0500000007
 30
2.0
  0
VERTEX
  8
0
 10
656656.7800000003
 20
1076918.0500000007
 30
2.0
  0
VERTEX
  8
0
 10
656360.4900000002
 20
1076809.0500000008
 30
2.0
  0
VERTEX
  8
0
 10
655908.1900000004
 20
1076279.0500000008
 30
2.0
  0
VERTEX
  8
0
 10
654909.8899999997
 20
1075717.0500000008
 30
2.0
  0
VERTEX
  8
0
 10
654473.1900000004
 20
1075171.0500000008
 30
2.0
  0
VERTEX
  8
0
 10
653864.7900000000
 20
1074750.0500000007
 30
2.0
  0
VERTEX
  8
0
 10
653584.0899999999
 20
1074641.0500000008
 30
2.0
  0
VERTEX
  8
0
 10
653459.2900000000
 20
1074688.0500000007
 30
2.0
  0
VERTEX
  8
0
 10
653646.4900000002
 20
1075234.0500000008
 30
2.0
  0
VERTEX
  8
0
 10
652492.2900000000
 20
1074126.0500000007
 30
2.0
  0
VERTEX
  8
0
 10
649996.6900000004
 20
1072738.0500000007
 30
2.0
  0
VERTEX
  8
0
 10
649013.9900000002
 20
1072457.0500000007
 30
2.0
  0
VERTEX
  8
0
 10
647906.5899999999
 20
1072239.0500000007
 30
2.0
  0
VERTEX
  8
0
 10
646908.2900000000
 20
1071880.0500000008
 30
2.0
  0
VERTEX
  8
0
 10
645987.9900000002
 20
1071444.0500000008
 30
2.0
  0
VERTEX
  8
0
 10
645332.9900000002
 20
1071054.0500000008
 30
2.0
  0
VERTEX
  8
0
 10
644927.3799999999
 20
1070710.0500000008
 30
2.0
  0
VERTEX
  8
0
 10
644927.3799999999
 20
1070648.0500000008
 30
2.0
  0
VERTEX
  8
0
 10
643960.2900000000
 20
1069931.0500000008
 30
2.0
  0
VERTEX
  8
0
 10
643476.7900000000
 20
1069697.0500000007
 30
2.0
  0
VERTEX
  8
0
 10
643164.8799999999
 20
1069712.0500000008
 30
2.0
  0
VERTEX
  8
0
 10
642946.4900000002
 20
1069790.0500000007
 30
2.0
  0
VERTEX
  8
0
 10
642868.4900000002
 20
1070040.0500000007
 30
2.0
  0
VERTEX
  8
0
 10
644350.2900000000
 20
1070866.0500000008
 30
2.0
  0
VERTEX
  8
0
 10
644599.7900000000
 20
1071178.0399999991
 30
2.0
  0
VERTEX
  8
0
 10
645130.1900000004
 20
1071818.0500000008
 30
2.0
  0
VERTEX
  8
0
 10
645317.2900000000
 20
1071787.0500000008
 30
2.0
  0
VERTEX
  8
0
 10
645910.0899999999
 20
1071989.0500000007
 30
2.0
  0
VERTEX
  8
0
 10
646237.5899999999
 20
1072021.0500000008
 30
2.0
  0
VERTEX
  8
0
 10
647111.0899999999
 20
1072551.0500000007
 30
2.0
  0
VERTEX
  8
0
 10
647984.4900000002
 20
1072520.0500000007
 30
2.0
  0
VERTEX
  8
0
 10
648873.5899999999
 20
1072925.0500000007
 30
2.0
  0
VERTEX
  8
0
 10
650152.5899999999
 20
1073253.0500000008
 30
2.0
  0
VERTEX
  8
0
 10
651337.9900000002
 20
1073799.0500000008
 30
2.0
  0
VERTEX
  8
0
 10
651197.6900000004
 20
1073877.0500000008
 30
2.0
  0
VERTEX
  8
0
 10
650105.7900000000
 20
1073409.0500000008
 30
2.0
  0
VERTEX
  8
0
 10
649559.8899999997
 20
1073378.0500000008
 30
2.0
  0
VERTEX
  8
0
 10
649528.6900000004
 20
1073627.0500000008
 30
2.0
  0
VERTEX
  8
0
 10
651384.7900000000
 20
1074158.0500000008
 30
2.0
  0
VERTEX
  8
0
 10
652164.6900000004
 20
1074735.0500000008
 30
2.0
  0
VERTEX
  8
0
 10
653240.9800000004
 20
1075296.0500000008
 30
2.0
  0
VERTEX
  8
0
 10
653131.7900000000
 20
1075561.0500000008
 30
2.0
  0
VERTEX
  8
0
 10
653022.5899999999
 20
1075608.0500000008
 30
2.0
  0
VERTEX
  8
0
 10
652991.3899999997
 20
1075764.0500000008
 30
2.0
  0
VERTEX
  8
0
 10
654098.7900000000
 20
1076248.0500000007
 30
2.0
  0
VERTEX
  8
0
 10
655065.7900000000
 20
1076575.0500000007
 30
2.0
  0
VERTEX
  8
0
 10
655143.7900000000
 20
1076825.0500000008
 30
2.0
  0
VERTEX
  8
0
 10
654738.2900000000
 20
1076856.0500000007
 30
2.0
  0
VERTEX
  8
0
 10
654363.9900000002
 20
1076809.0500000008
 30
2.0
  0
VERTEX
  8
0
 10
654239.1900000004
 20
1076918.0500000007
 30
2.0
  0
VERTEX
  8
0
 10
654254.7900000000
 20
1077090.0500000008
 30
2.0
  0
VERTEX
  8
0
 10
654909.8899999997
 20
1077293.0500000007
 30
2.0
  0
VERTEX
  8
0
 10
655518.1900000004
 20
1077402.0500000008
 30
2.0
  0
VERTEX
  8
0
 10
656001.6900000004
 20
1077589.0500000008
 30
2.0
  0
VERTEX
  8
0
 10
657655.0800000001
 20
1078915.0500000008
 30
2.0
  0
VERTEX
  8
0
 10
658029.3899999997
 20
1079305.0500000008
 30
2.0
  0
VERTEX
  8
0
 10
657873.3799999999
 20
1079414.0500000008
 30
2.0
  0
VERTEX
  8
0
 10
657592.6900000004
 20
1079398.0500000007
 30
2.0
  0
VERTEX
  8
0
 10
657218.2900000000
 20
1079242.0500000007
 30
2.0
  0
VERTEX
  8
0
 10
656344.7900000000
 20
1078681.0500000008
 30
2.0
  0
VERTEX
  8
0
 10
656095.2900000000
 20
1078650.0500000008
 30
2.0
  0
VERTEX
  8
0
 10
655908.1900000004
 20
1078696.0500000008
 30
2.0
  0
VERTEX
  8
0
 10
655830.1900000004
 20
1078852.0500000008
 30
2.0
  0
VERTEX
  8
0
 10
655876.9900000002
 20
1079040.0500000008
 30
2.0
  0
VERTEX
  8
0
 10
656282.4900000002
 20
1079274.0500000008
 30
2.0
  0
VERTEX
  8
0
 10
657187.1900000004
 20
1079554.0500000007
 30
2.0
  0
VERTEX
  8
0
 10
658247.7900000000
 20
1079991.0500000007
 30
2.0
  0
VERTEX
  8
0
 10
658559.6900000004
 20
1080241.0500000007
 30
2.0
  0
VERTEX
  8
0
 10
658450.4900000002
 20
1080303.0500000007
 30
2.0
  0
VERTEX
  8
0
 10
657421.0899999999
 20
1080256.0500000008
 30
2.0
  0
VERTEX
  8
0
 10
657062.2900000000
 20
1080116.0500000007
 30
2.0
  0
VERTEX
  8
0
 10
656703.5899999999
 20
1080100.0500000008
 30
2.0
  0
VERTEX
  8
0
 10
656547.6900000004
 20
1080225.0500000008
 30
2.0
  0
VERTEX
  8
0
 10
656563.1900000004
 20
1080365.0399999991
 30
2.0
  0
VERTEX
  8
0
 10
657046.7900000000
 20
1080677.0500000008
 30
2.0
  0
VERTEX
  8
0
 10
657545.8799999999
 20
1080740.0500000007
 30
2.0
  0
VERTEX
  8
0
 10
658247.7900000000
 20
1080709.0399999991
 30
2.0
  0
VERTEX
  8
0
 10
658700.0899999999
 20
1080911.0500000008
 30
2.0
  0
VERTEX
  8
0
 10
659027.6900000004
 20
1081395.0500000008
 30
2.0
  0
VERTEX
  8
0
 10
659074.4900000002
 20
1081722.0500000007
 30
2.0
  0
VERTEX
  8
0
 10
659043.2900000000
 20
1081910.0500000008
 30
2.0
  0
VERTEX
  8
0
 10
658965.2900000000
 20
1081972.0500000007
 30
2.0
  0
VERTEX
  8
0
 10
658606.4900000002
 20
1081972.0500000007
 30
2.0
  0
VERTEX
  8
0
 10
657499.0899999999
 20
1081582.0500000008
 30
2.0
  0
VERTEX
  8
0
 10
657389.8899999997
 20
1081660.0500000008
 30
2.0
  0
VERTEX
  8
0
 10
657343.0899999999
 20
1081816.0500000007
 30
2.0
  0
VERTEX
  8
0
 10
657857.7900000000
 20
1082081.0500000008
 30
2.0
  0
VERTEX
  8
0
 10
658965.2900000000
 20
1082908.0500000007
 30
2.0
  0
VERTEX
  8
0
 10
658918.4900000002
 20
1083282.0500000008
 30
2.0
  0
VERTEX
  8
0
 10
658949.6900000004
 20
1083734.0500000007
 30
2.0
  0
VERTEX
  8
0
 10
659043.2900000000
 20
1084062.0500000008
 30
2.0
  0
VERTEX
  8
0
 10
659339.5899999999
 20
1084686.0500000008
 30
2.0
  0
VERTEX
  8
0
 10
659776.2900000000
 20
1085934.0500000008
 30
2.0
  0
VERTEX
  8
0
 10
659979.0800000001
 20
1086651.0500000007
 30
2.0
  0
VERTEX
  8
0
 10
660509.3899999997
 20
1086854.0500000008
 30
2.0
  0
VERTEX
  8
0
 10
660680.9900000002
 20
1086729.0500000008
 30
2.0
  0
VERTEX
  8
0
 10
660852.5899999999
 20
1085700.0500000007
 30
2.0
  0
VERTEX
  8
0
 10
661710.4900000002
 20
1084062.0500000008
 30
2.0
  0
VERTEX
  8
0
 10
662771.0899999999
 20
1082705.0500000008
 30
2.0
  0
VERTEX
  8
0
 10
662178.2800000003
 20
1082424.0500000008
 30
2.0
  0
VERTEX
  8
0
 10
662022.3899999997
 20
1082580.0500000008
 30
2.0
  0
VERTEX
  8
0
 10
661585.6900000004
 20
1083469.0500000008
 30
2.0
  0
VERTEX
  8
0
 10
654707.0899999999
 20
1080521.0500000008
 30
2.0
  0
VERTEX
  8
0
 10
654519.9900000002
 20
1079882.0500000008
 30
2.0
  0
VERTEX
  8
0
 10
654036.3899999997
 20
1079071.0500000008
 30
2.0
  0
VERTEX
  8
0
 10
653755.6900000004
 20
1078135.0500000007
 30
2.0
  0
VERTEX
  8
0
 10
652663.7900000000
 20
1077215.0500000008
 30
2.0
  0
VERTEX
  8
0
 10
652679.3899999997
 20
1077480.0500000007
 30
2.0
  0
VERTEX
  8
0
 10
653084.9900000002
 20
1078229.0500000007
 30
2.0
  0
VERTEX
  8
0
 10
653771.2900000000
 20
1079398.0500000007
 30
2.0
  0
VERTEX
  8
0
 10
653911.6900000004
 20
1080069.0500000008
 30
2.0
  0
VERTEX
  8
0
 10
654036.3899999997
 20
1080256.0500000008
 30
2.0
  0
VERTEX
  8
0
 10
654707.0899999999
 20
1080709.0399999991
 30
2.0
  0
VERTEX
  8
0
 10
654707.0899999999
 20
1080521.0500000008
 30
2.0
  0
VERTEX
  8
0
 10
654941.0899999999
 20
1081941.0500000008
 30
2.0
  0
VERTEX
  8
0
 10
654972.2900000000
 20
1081769.0500000008
 30
2.0
  0
VERTEX
  8
0
 10
654894.2800000003
 20
1081582.0500000008
 30
2.0
  0
VERTEX
  8
0
 10
654457.4900000002
 20
1081145.0500000008
 30
2.0
  0
VERTEX
  8
0
 10
654473.1900000004
 20
1081083.0500000008
 30
2.0
  0
VERTEX
  8
0
 10
654067.5899999999
 20
1080662.0500000008
 30
2.0
  0
VERTEX
  8
0
 10
653740.0899999999
 20
1080194.0500000008
 30
2.0
  0
VERTEX
  8
0
 10
653521.6900000004
 20
1080303.0500000007
 30
2.0
  0
VERTEX
  8
0
 10
653552.8899999997
 20
1080521.0500000008
 30
2.0
  0
VERTEX
  8
0
 10
653958.3899999997
 20
1080896.0500000007
 30
2.0
  0
VERTEX
  8
0
 10
654301.5899999999
 20
1081644.0500000008
 30
2.0
  0
VERTEX
  8
0
 10
654597.8899999997
 20
1081863.0500000008
 30
2.0
  0
VERTEX
  8
0
 10
654941.0899999999
 20
1081941.0500000008
 30
2.0
  0
VERTEX
  8
0
 10
663270.1900000004
 20
1086183.0500000008
 30
2.0
  0
VERTEX
  8
0
 10
663613.2900000000
 20
1085450.0500000007
 30
2.0
  0
VERTEX
  8
0
 10
664299.6799999997
 20
1084514.0500000007
 30
2.0
  0
VERTEX
  8
0
 10
664315.1900000004
 20
1084296.0500000007
 30
2.0
  0
VERTEX
  8
0
 10
664096.8899999997
 20
1084265.0500000008
 30
2.0
  0
VERTEX
  8
0
 10
663940.8899999997
 20
1084343.0500000008
 30
2.0
  0
VERTEX
  8
0
 10
663675.6900000004
 20
1084748.0500000008
 30
2.0
  0
VERTEX
  8
0
 10
663285.7900000000
 20
1084920.0500000007
 30
2.0
  0
VERTEX
  8
0
 10
662646.2900000000
 20
1084655.0500000008
 30
2.0
  0
VERTEX
  8
0
 10
662646.2900000000
 20
1084811.0500000008
 30
2.0
  0
VERTEX
  8
0
 10
662147.1900000004
 20
1085154.0500000008
 30
2.0
  0
VERTEX
  8
0
 10
662115.9900000002
 20
1085357.0500000007
 30
2.0
  0
VERTEX
  8
0
 10
662225.1900000004
 20
1085435.0500000008
 30
2.0
  0
VERTEX
  8
0
 10
662802.2900000000
 20
1085123.0500000008
 30
2.0
  0
VERTEX
  8
0
 10
663004.9900000002
 20
1085091.0500000008
 30
2.0
  0
VERTEX
  8
0
 10
663316.9900000002
 20
1085154.0500000008
 30
2.0
  0
VERTEX
  8
0
 10
663254.5899999999
 20
1085435.0500000008
 30
2.0
  0
VERTEX
  8
0
 10
662334.2900000000
 20
1086183.0500000008
 30
2.0
  0
VERTEX
  8
0
 10
662178.2800000003
 20
1086464.0500000008
 30
2.0
  0
VERTEX
  8
0
 10
662147.1900000004
 20
1086651.0500000007
 30
2.0
  0
VERTEX
  8
0
 10
662942.6900000004
 20
1086542.0500000008
 30
2.0
  0
VERTEX
  8
0
 10
663270.1900000004
 20
1086183.0500000008
 30
2.0
  0
VERTEX
  8
0
 10
627692.0899999999
 20
1098802.0500000008
 30
2.0
  0
VERTEX
  8
0
 10
628050.7900000000
 20
1099207.0500000007
 30
2.0
  0
VERTEX
  8
0
 10
629329.7800000003
 20
1100112.0500000007
 30
2.0
  0
VERTEX
  8
0
 10
629626.1900000004
 20
1100580.0500000007
 30
2.0
  0
VERTEX
  8
0
 10
630031.6900000004
 20
1101126.0500000008
 30
2.0
  0
VERTEX
  8
0
 10
630421.6900000004
 20
1102218.0500000007
 30
2.0
  0
VERTEX
  8
0
 10
630671.1900000004
 20
1102452.0500000008
 30
2.0
  0
VERTEX
  8
0
 10
631014.2900000000
 20
1102951.0500000008
 30
2.0
  0
VERTEX
  8
0
 10
631326.2800000003
 20
1103341.0500000007
 30
2.0
  0
VERTEX
  8
0
 10
631622.6900000004
 20
1104043.0500000008
 30
2.0
  0
VERTEX
  8
0
 10
632043.7900000000
 20
1104776.0500000008
 30
2.0
  0
VERTEX
  8
0
 10
632215.3799999999
 20
1105290.0500000008
 30
2.0
  0
VERTEX
  8
0
 10
632355.7900000000
 20
1106226.0500000008
 30
2.0
  0
VERTEX
  8
0
 10
632293.2900000000
 20
1106663.0500000008
 30
2.0
  0
VERTEX
  8
0
 10
632327.8559999997
 20
1106939.3881000001
 30
2.0
  0
VERTEX
  8
0
 10
632336.4641000004
 20
1106938.7788999993
 30
2.0
  0
VERTEX
  8
0
 10
632417.7725000000
 20
1106719.3030999992
 30
2.0
  0
VERTEX
  8
0
 10
632416.1482999995
 20
1106681.5414000005
 30
2.0
  0
VERTEX
  8
0
 10
632434.0456999997
 20
1106675.3767000008
 30
2.0
  0
VERTEX
  8
0
 10
632448.0895999996
 20
1106637.4680000003
 30
2.0
  0
VERTEX
  8
0
 10
632617.0071000000
 20
1106612.3564999998
 30
2.0
  0
VERTEX
  8
0
 10
632671.5456999997
 20
1106593.5709000006
 30
2.0
  0
VERTEX
  8
0
 10
632678.0415000003
 20
1106603.2829999998
 30
2.0
  0
VERTEX
  8
0
 10
632700.7938999999
 20
1106599.9005999994
 30
2.0
  0
VERTEX
  8
0
 10
632939.4347999999
 20
1106977.8713000007
 30
2.0
  0
VERTEX
  8
0
 10
633010.7900000000
 20
1106335.0500000007
 30
2.0
  0
VERTEX
  8
0
 10
632979.6900000004
 20
1105618.0500000008
 30
2.0
  0
VERTEX
  8
0
 10
632761.2800000003
 20
1104807.0500000008
 30
2.0
  0
VERTEX
  8
0
 10
632542.8799999999
 20
1103980.0500000007
 30
2.0
  0
VERTEX
  8
0
 10
632074.9900000002
 20
1102764.0500000008
 30
2.0
  0
VERTEX
  8
0
 10
631762.9800000004
 20
1102124.0500000007
 30
2.0
  0
VERTEX
  8
0
 10
631451.0899999999
 20
1101703.0500000008
 30
2.0
  0
VERTEX
  8
0
 10
631466.6900000004
 20
1101656.0500000007
 30
2.0
  0
VERTEX
  8
0
 10
629282.9900000002
 20
1099363.0500000007
 30
2.0
  0
VERTEX
  8
0
 10
628581.1900000004
 20
1098911.0500000008
 30
2.0
  0
VERTEX
  8
0
 10
628237.9900000002
 20
1098802.0500000008
 30
2.0
  0
VERTEX
  8
0
 10
627692.0899999999
 20
1098802.0500000008
 30
2.0
  0
VERTEX
  8
0
 10
634430.1900000004
 20
1106476.0500000008
 30
2.0
  0
VERTEX
  8
0
 10
634352.1900000004
 20
1106523.0500000008
 30
2.0
  0
VERTEX
  8
0
 10
634320.9900000002
 20
1106725.0500000008
 30
2.0
  0
VERTEX
  8
0
 10
634601.7900000000
 20
1107162.0500000008
 30
2.0
  0
VERTEX
  8
0
 10
634898.1900000004
 20
1107942.0500000008
 30
2.0
  0
VERTEX
  8
0
 10
634841.0850999998
 20
1108050.8687999994
 30
2.0
  0
VERTEX
  8
0
 10
634892.0701000001
 20
1108103.9045000002
 30
2.0
  0
VERTEX
  8
0
 10
635058.7857999997
 20
1108277.3256999999
 30
2.0
  0
VERTEX
  8
0
 10
634997.8821999999
 20
1109077.2510000002
 30
2.0
  0
VERTEX
  8
0
 10
635007.2900000000
 20
1109081.0500000008
 30
2.0
  0
VERTEX
  8
0
 10
635100.8899999997
 20
1109237.0500000008
 30
2.0
  0
VERTEX
  8
0
 10
634960.8737000003
 20
1109563.3304999992
 30
2.0
  0
VERTEX
  8
0
 10
634930.2648000000
 20
1109965.3570000008
 30
2.0
  0
VERTEX
  8
0
 10
635303.6799999997
 20
1110422.0500000008
 30
2.0
  0
VERTEX
  8
0
 10
635428.4900000002
 20
1110843.0500000008
 30
2.0
  0
VERTEX
  8
0
 10
635381.6900000004
 20
1110937.0500000007
 30
2.0
  0
VERTEX
  8
0
 10
635069.6900000004
 20
1111030.0500000008
 30
2.0
  0
VERTEX
  8
0
 10
635256.8899999997
 20
1111639.0500000008
 30
2.0
  0
VERTEX
  8
0
 10
635381.6900000004
 20
1111717.0500000008
 30
2.0
  0
VERTEX
  8
0
 10
635646.7900000000
 20
1111483.0500000008
 30
2.0
  0
VERTEX
  8
0
 10
636192.7900000000
 20
1111155.0500000008
 30
2.0
  0
VERTEX
  8
0
 10
635927.5899999999
 20
1110328.0500000008
 30
2.0
  0
VERTEX
  8
0
 10
635724.7900000000
 20
1108067.0500000008
 30
2.0
  0
VERTEX
  8
0
 10
635646.7900000000
 20
1107864.0500000007
 30
2.0
  0
VERTEX
  8
0
 10
635444.0899999999
 20
1107630.0500000008
 30
2.0
  0
VERTEX
  8
0
 10
634913.7900000000
 20
1106679.0500000008
 30
2.0
  0
VERTEX
  8
0
 10
634710.9900000002
 20
1106507.0500000008
 30
2.0
  0
VERTEX
  8
0
 10
634430.1900000004
 20
1106476.0500000008
 30
2.0
  0
SEQEND
  8
0
  0
POLYLINE
  8
0
 66
     1
 10
0.0
 20
0.0
 30
0.0
 70
     1
  0
VERTEX
  8
0
 10
634249.6363000004
 20
1111991.3527000006
 30
3.0
  0
VERTEX
  8
0
 10
634296.9422000004
 20
1112013.3903000001
 30
3.0
  0
VERTEX
  8
0
 10
634673.6820000000
 20
1112188.8949999996
 30
3.0
  0
VERTEX
  8
0
 10
634506.2932000002
 20
1112336.9486999996
 30
3.0
  0
VERTEX
  8
0
 10
634510.9112000000
 20
1112402.1265999991
 30
3.0
  0
VERTEX
  8
0
 10
634688.1414000001
 20
1113016.0161000006
 30
3.0
  0
VERTEX
  8
0
 10
634516.2262000004
 20
1113149.6316000000
 30
3.0
  0
VERTEX
  8
0
 10
634526.0455000000
 20
1113238.6033999994
 30
3.0
  0
VERTEX
  8
0
 10
634548.5746999998
 20
1113442.7379999999
 30
3.0
  0
VERTEX
  8
0
 10
634668.0993999997
 20
1113454.9980999995
 30
3.0
  0
VERTEX
  8
0
 10
634741.6482999995
 20
1113686.6680999994
 30
3.0
  0
VERTEX
  8
0
 10
634949.5548999999
 20
1113742.5753000006
 30
3.0
  0
VERTEX
  8
0
 10
635075.7717000004
 20
1113776.5156999994
 30
3.0
  0
VERTEX
  8
0
 10
635157.7253000000
 20
1114217.7807999998
 30
3.0
  0
VERTEX
  8
0
 10
635217.2576000001
 20
1114253.3289999999
 30
3.0
  0
VERTEX
  8
0
 10
635366.0899999999
 20
1114134.0500000008
 30
3.0
  0
VERTEX
  8
0
 10
635599.9900000002
 20
1113931.0500000007
 30
3.0
  0
VERTEX
  8
0
 10
635849.5899999999
 20
1113775.0500000007
 30
3.0
  0
VERTEX
  8
0
 10
636145.9900000002
 20
1113573.0500000008
 30
3.0
  0
VERTEX
  8
0
 10
636426.6900000004
 20
1113417.0500000008
 30
3.0
  0
VERTEX
  8
0
 10
636956.9800000004
 20
1113183.0399999991
 30
3.0
  0
VERTEX
  8
0
 10
637331.3899999997
 20
1112871.0500000008
 30
3.0
  0
VERTEX
  8
0
 10
637705.6900000004
 20
1112574.0500000007
 30
3.0
  0
VERTEX
  8
0
 10
638048.8899999997
 20
1112387.0500000007
 30
3.0
  0
VERTEX
  8
0
 10
638610.3899999997
 20
1112029.0500000008
 30
3.0
  0
VERTEX
  8
0
 10
639109.4900000002
 20
1111732.0500000007
 30
3.0
  0
VERTEX
  8
0
 10
639561.7900000000
 20
1111467.0500000008
 30
3.0
  0
VERTEX
  8
0
 10
640107.7900000000
 20
1111015.0500000008
 30
3.0
  0
VERTEX
  8
0
 10
640497.6900000004
 20
1110656.0500000007
 30
3.0
  0
VERTEX
  8
0
 10
641246.3899999997
 20
1109814.0500000007
 30
3.0
  0
VERTEX
  8
0
 10
641761.0899999999
 20
1109268.0500000008
 30
3.0
  0
VERTEX
  8
0
 10
642119.7900000000
 20
1108831.0500000008
 30
3.0
  0
VERTEX
  8
0
 10
642525.3899999997
 20
1108425.0500000008
 30
3.0
  0
VERTEX
  8
0
 10
642228.9900000002
 20
1107770.0500000008
 30
3.0
  0
VERTEX
  8
0
 10
641948.2800000003
 20
1107583.0500000007
 30
3.0
  0
VERTEX
  8
0
 10
641807.8899999997
 20
1107552.0500000007
 30
3.0
  0
VERTEX
  8
0
 10
641495.9900000002
 20
1107677.0500000007
 30
3.0
  0
VERTEX
  8
0
 10
641027.9900000002
 20
1107973.0500000008
 30
3.0
  0
VERTEX
  8
0
 10
640622.4800000004
 20
1109143.0500000008
 30
3.0
  0
VERTEX
  8
0
 10
640497.6900000004
 20
1109268.0500000008
 30
3.0
  0
VERTEX
  8
0
 10
640029.7900000000
 20
1109268.0500000008
 30
3.0
  0
VERTEX
  8
0
 10
639031.4900000002
 20
1109112.0500000008
 30
3.0
  0
VERTEX
  8
0
 10
638594.7900000000
 20
1108332.0500000008
 30
3.0
  0
VERTEX
  8
0
 10
638469.9900000002
 20
1108737.0500000008
 30
3.0
  0
VERTEX
  8
0
 10
638173.6900000004
 20
1108987.0500000008
 30
3.0
  0
VERTEX
  8
0
 10
637502.9900000002
 20
1109159.0500000008
 30
3.0
  0
VERTEX
  8
0
 10
636910.2900000000
 20
1109190.0500000008
 30
3.0
  0
VERTEX
  8
0
 10
636769.8899999997
 20
1109393.0500000008
 30
3.0
  0
VERTEX
  8
0
 10
636629.4900000002
 20
1110453.0500000008
 30
3.0
  0
VERTEX
  8
0
 10
636489.0899999999
 20
1110890.0500000008
 30
3.0
  0
VERTEX
  8
0
 10
636192.7900000000
 20
1111155.0500000008
 30
3.0
  0
VERTEX
  8
0
 10
635646.7900000000
 20
1111483.0500000008
 30
3.0
  0
VERTEX
  8
0
 10
635381.6900000004
 20
1111717.0500000008
 30
3.0
  0
VERTEX
  8
0
 10
635256.8899999997
 20
1111639.0500000008
 30
3.0
  0
VERTEX
  8
0
 10
635069.6900000004
 20
1111030.0500000008
 30
3.0
  0
VERTEX
  8
0
 10
634378.8096000003
 20
1111076.3121000007
 30
3.0
  0
VERTEX
  8
0
 10
634249.6363000004
 20
1111991.3527000006
 30
3.0
  0
VERTEX
  8
0
 10
671930.8389999997
 20
1076865.1557000000
 30
3.0
  0
VERTEX
  8
0
 10
672132.5235000001
 20
1075613.2017999999
 30
3.0
  0
VERTEX
  8
0
 10
672087.6611000001
 20
1075539.0525000002
 30
3.0
  0
VERTEX
  8
0
 10
672275.7684000004
 20
1074870.2324999999
 30
3.0
  0
VERTEX
  8
0
 10
672275.7684000004
 20
1074870.2290000003
 30
3.0
  0
VERTEX
  8
0
 10
672264.8455999997
 20
1072596.5486999992
 30
3.0
  0
VERTEX
  8
0
 10
671365.2800000003
 20
1071568.0500000008
 30
3.0
  0
VERTEX
  8
0
 10
670866.1900000004
 20
1071397.0500000008
 30
3.0
  0
VERTEX
  8
0
 10
669197.2900000000
 20
1071678.0500000008
 30
3.0
  0
VERTEX
  8
0
 10
668994.4900000002
 20
1071646.0500000007
 30
3.0
  0
VERTEX
  8
0
 10
668432.9900000002
 20
1071272.0500000008
 30
3.0
  0
VERTEX
  8
0
 10
668105.4900000002
 20
1070929.0500000008
 30
3.0
  0
VERTEX
  8
0
 10
667871.4900000002
 20
1070976.0500000007
 30
3.0
  0
VERTEX
  8
0
 10
667668.6900000004
 20
1071334.0500000008
 30
3.0
  0
VERTEX
  8
0
 10
667434.7900000000
 20
1071272.0500000008
 30
3.0
  0
VERTEX
  8
0
 10
667107.1900000004
 20
1070960.0500000008
 30
3.0
  0
VERTEX
  8
0
 10
666608.0899999999
 20
1070851.0500000007
 30
3.0
  0
VERTEX
  8
0
 10
666124.5899999999
 20
1070944.0500000008
 30
3.0
  0
VERTEX
  8
0
 10
665984.1900000004
 20
1071069.0500000008
 30
3.0
  0
VERTEX
  8
0
 10
665906.1900000004
 20
1071397.0500000008
 30
3.0
  0
VERTEX
  8
0
 10
666108.9900000002
 20
1071818.0500000008
 30
3.0
  0
VERTEX
  8
0
 10
666483.2900000000
 20
1072130.0500000008
 30
3.0
  0
VERTEX
  8
0
 10
666857.6900000004
 20
1072645.0500000007
 30
3.0
  0
VERTEX
  8
0
 10
666951.1900000004
 20
1073066.0500000008
 30
3.0
  0
VERTEX
  8
0
 10
666545.6900000004
 20
1074516.0500000008
 30
3.0
  0
VERTEX
  8
0
 10
666654.8899999997
 20
1074859.0500000008
 30
3.0
  0
VERTEX
  8
0
 10
665952.9800000004
 20
1074454.0500000008
 30
3.0
  0
VERTEX
  8
0
 10
665968.5899999999
 20
1074594.0500000007
 30
3.0
  0
VERTEX
  8
0
 10
665859.3899999997
 20
1074688.0500000007
 30
3.0
  0
VERTEX
  8
0
 10
665531.7900000000
 20
1074688.0500000007
 30
3.0
  0
VERTEX
  8
0
 10
665375.8899999997
 20
1074594.0500000007
 30
3.0
  0
VERTEX
  8
0
 10
665219.8899999997
 20
1074594.0500000007
 30
3.0
  0
VERTEX
  8
0
 10
665141.8899999997
 20
1074672.0500000008
 30
3.0
  0
VERTEX
  8
0
 10
665188.6900000004
 20
1074984.0500000008
 30
3.0
  0
VERTEX
  8
0
 10
664876.7900000000
 20
1075031.0500000007
 30
3.0
  0
VERTEX
  8
0
 10
664237.2900000000
 20
1074625.0500000007
 30
3.0
  0
VERTEX
  8
0
 10
662287.4900000002
 20
1074002.0500000008
 30
3.0
  0
VERTEX
  8
0
 10
661336.0899999999
 20
1073846.0500000008
 30
3.0
  0
VERTEX
  8
0
 10
660446.9900000002
 20
1073799.0500000008
 30
3.0
  0
VERTEX
  8
0
 10
659823.1900000004
 20
1073658.0500000008
 30
3.0
  0
VERTEX
  8
0
 10
659043.2900000000
 20
1073705.0500000008
 30
3.0
  0
VERTEX
  8
0
 10
658637.6900000004
 20
1073643.0500000008
 30
3.0
  0
VERTEX
  8
0
 10
657062.2900000000
 20
1072863.0500000007
 30
3.0
  0
VERTEX
  8
0
 10
656687.9900000002
 20
1072208.0500000007
 30
3.0
  0
VERTEX
  8
0
 10
656407.2900000000
 20
1071989.0500000007
 30
3.0
  0
VERTEX
  8
0
 10
655455.7900000000
 20
1071693.0500000008
 30
3.0
  0
VERTEX
  8
0
 10
654753.8899999997
 20
1071600.0500000008
 30
3.0
  0
VERTEX
  8
0
 10
654161.1900000004
 20
1071615.0500000007
 30
3.0
  0
VERTEX
  8
0
 10
653958.3899999997
 20
1071568.0500000008
 30
3.0
  0
VERTEX
  8
0
 10
653958.3899999997
 20
1071428.0500000008
 30
3.0
  0
VERTEX
  8
0
 10
654426.2900000000
 20
1071241.0500000008
 30
3.0
  0
VERTEX
  8
0
 10
654816.2900000000
 20
1071272.0500000008
 30
3.0
  0
VERTEX
  8
0
 10
654722.6900000004
 20
1071007.0500000007
 30
3.0
  0
VERTEX
  8
0
 10
654457.4900000002
 20
1070960.0500000008
 30
3.0
  0
VERTEX
  8
0
 10
654254.7900000000
 20
1070820.0500000007
 30
3.0
  0
VERTEX
  8
0
 10
654426.2900000000
 20
1070523.0500000008
 30
3.0
  0
VERTEX
  8
0
 10
655268.6900000004
 20
1070913.0500000008
 30
3.0
  0
VERTEX
  8
0
 10
656360.4900000002
 20
1071740.0500000008
 30
3.0
  0
VERTEX
  8
0
 10
656921.9900000002
 20
1071833.0500000007
 30
3.0
  0
VERTEX
  8
0
 10
657171.4900000002
 20
1072036.0500000008
 30
3.0
  0
VERTEX
  8
0
 10
657374.2900000000
 20
1072411.0500000008
 30
3.0
  0
VERTEX
  8
0
 10
658060.5899999999
 20
1072785.0500000008
 30
3.0
  0
VERTEX
  8
0
 10
658653.2800000003
 20
1073003.0500000008
 30
3.0
  0
VERTEX
  8
0
 10
658887.2900000000
 20
1073003.0500000008
 30
3.0
  0
VERTEX
  8
0
 10
659667.1900000004
 20
1072816.0500000008
 30
3.0
  0
VERTEX
  8
0
 10
660181.8899999997
 20
1072894.0500000007
 30
3.0
  0
VERTEX
  8
0
 10
662225.1900000004
 20
1073736.0500000008
 30
3.0
  0
VERTEX
  8
0
 10
663098.6900000004
 20
1073939.0500000008
 30
3.0
  0
VERTEX
  8
0
 10
663862.8899999997
 20
1074236.0500000008
 30
3.0
  0
VERTEX
  8
0
 10
664299.6799999997
 20
1074329.0500000008
 30
3.0
  0
VERTEX
  8
0
 10
664533.5899999999
 20
1074251.0500000007
 30
3.0
  0
VERTEX
  8
0
 10
664564.7900000000
 20
1074126.0500000007
 30
3.0
  0
VERTEX
  8
0
 10
664315.1900000004
 20
1073627.0500000008
 30
3.0
  0
VERTEX
  8
0
 10
663332.5899999999
 20
1073378.0500000008
 30
3.0
  0
VERTEX
  8
0
 10
663176.5899999999
 20
1073534.0500000008
 30
3.0
  0
VERTEX
  8
0
 10
662661.8899999997
 20
1073409.0500000008
 30
3.0
  0
VERTEX
  8
0
 10
662037.9900000002
 20
1072863.0500000007
 30
3.0
  0
VERTEX
  8
0
 10
661647.9900000002
 20
1072598.0500000008
 30
3.0
  0
VERTEX
  8
0
 10
660805.7900000000
 20
1072317.0500000008
 30
3.0
  0
VERTEX
  8
0
 10
660478.1900000004
 20
1072317.0500000008
 30
3.0
  0
VERTEX
  8
0
 10
659589.1900000004
 20
1072582.0500000007
 30
3.0
  0
VERTEX
  8
0
 10
659355.1900000004
 20
1072489.0500000007
 30
3.0
  0
VERTEX
  8
0
 10
659355.1900000004
 20
1072395.0500000007
 30
3.0
  0
VERTEX
  8
0
 10
659495.5899999999
 20
1072286.0500000008
 30
3.0
  0
VERTEX
  8
0
 10
660119.4900000002
 20
1072052.0500000007
 30
3.0
  0
VERTEX
  8
0
 10
660088.2800000003
 20
1071849.0500000008
 30
3.0
  0
VERTEX
  8
0
 10
659604.7900000000
 20
1071568.0500000008
 30
3.0
  0
VERTEX
  8
0
 10
655486.9900000002
 20
1070258.0500000007
 30
3.0
  0
VERTEX
  8
0
 10
654223.5800000001
 20
1069619.0500000008
 30
3.0
  0
VERTEX
  8
0
 10
652320.6900000004
 20
1069463.0500000008
 30
3.0
  0
VERTEX
  8
0
 10
650480.1900000004
 20
1068808.0500000007
 30
3.0
  0
VERTEX
  8
0
 10
649918.6799999997
 20
1068730.0500000008
 30
3.0
  0
VERTEX
  8
0
 10
649045.1900000004
 20
1068402.0500000008
 30
3.0
  0
VERTEX
  8
0
 10
648514.7900000000
 20
1068028.0500000007
 30
3.0
  0
VERTEX
  8
0
 10
648156.1799999997
 20
1067653.0500000007
 30
3.0
  0
VERTEX
  8
0
 10
647719.3899999997
 20
1067310.0500000007
 30
3.0
  0
VERTEX
  8
0
 10
647111.0899999999
 20
1067373.0500000007
 30
3.0
  0
VERTEX
  8
0
 10
646440.3899999997
 20
1067310.0500000007
 30
3.0
  0
VERTEX
  8
0
 10
646362.3899999997
 20
1067185.0500000007
 30
3.0
  0
VERTEX
  8
0
 10
646471.5899999999
 20
1067014.0500000008
 30
3.0
  0
VERTEX
  8
0
 10
646908.2900000000
 20
1066983.0500000008
 30
3.0
  0
VERTEX
  8
0
 10
647313.7900000000
 20
1067107.0500000008
 30
3.0
  0
VERTEX
  8
0
 10
647391.7900000000
 20
1067029.0500000007
 30
3.0
  0
VERTEX
  8
0
 10
647313.7900000000
 20
1066842.0500000007
 30
3.0
  0
VERTEX
  8
0
 10
646752.2900000000
 20
1066624.0500000008
 30
3.0
  0
VERTEX
  8
0
 10
646284.3899999997
 20
1066717.0500000007
 30
3.0
  0
VERTEX
  8
0
 10
645520.1900000004
 20
1066530.0500000007
 30
3.0
  0
VERTEX
  8
0
 10
645083.3899999997
 20
1066265.0399999991
 30
3.0
  0
VERTEX
  8
0
 10
644007.1900000004
 20
1065984.0500000008
 30
3.0
  0
VERTEX
  8
0
 10
643960.2900000000
 20
1065844.0500000008
 30
3.0
  0
VERTEX
  8
0
 10
644194.2900000000
 20
1065501.0500000008
 30
3.0
  0
VERTEX
  8
0
 10
643320.7900000000
 20
1065251.0500000008
 30
3.0
  0
VERTEX
  8
0
 10
642915.2900000000
 20
1064877.0500000008
 30
3.0
  0
VERTEX
  8
0
 10
642618.9900000002
 20
1064690.0500000008
 30
3.0
  0
VERTEX
  8
0
 10
641027.9900000002
 20
1064456.0500000008
 30
3.0
  0
VERTEX
  8
0
 10
640357.2900000000
 20
1064284.0500000008
 30
3.0
  0
VERTEX
  8
0
 10
640248.1900000004
 20
1064175.0500000008
 30
3.0
  0
VERTEX
  8
0
 10
638594.7900000000
 20
1063598.0500000008
 30
3.0
  0
VERTEX
  8
0
 10
638282.7900000000
 20
1063785.0500000008
 30
3.0
  0
VERTEX
  8
0
 10
637752.4900000002
 20
1064144.0500000008
 30
3.0
  0
VERTEX
  8
0
 10
637237.7900000000
 20
1064518.0500000007
 30
3.0
  0
VERTEX
  8
0
 10
637097.3899999997
 20
1064596.0500000008
 30
3.0
  0
VERTEX
  8
0
 10
637003.7900000000
 20
1064659.0500000008
 30
3.0
  0
VERTEX
  8
0
 10
636956.9800000004
 20
1064690.0500000008
 30
3.0
  0
VERTEX
  8
0
 10
636878.9900000002
 20
1064752.0500000008
 30
3.0
  0
VERTEX
  8
0
 10
636535.8899999997
 20
1065017.0500000007
 30
3.0
  0
VERTEX
  8
0
 10
636223.9900000002
 20
1065267.0500000007
 30
3.0
  0
VERTEX
  8
0
 10
635693.6900000004
 20
1065594.0500000008
 30
3.0
  0
VERTEX
  8
0
 10
635225.6900000004
 20
1065922.0500000008
 30
3.0
  0
VERTEX
  8
0
 10
634820.1900000004
 20
1066250.0500000008
 30
3.0
  0
VERTEX
  8
0
 10
634367.7900000000
 20
1066608.0500000008
 30
3.0
  0
VERTEX
  8
0
 10
633853.0899999999
 20
1067014.0500000008
 30
3.0
  0
VERTEX
  8
0
 10
632979.6900000004
 20
1067778.0500000007
 30
3.0
  0
VERTEX
  8
0
 10
632464.9900000002
 20
1068168.0500000008
 30
3.0
  0
VERTEX
  8
0
 10
631872.1799999997
 20
1068730.0500000008
 30
3.0
  0
VERTEX
  8
0
 10
633962.2900000000
 20
1069135.0500000008
 30
3.0
  0
VERTEX
  8
0
 10
635537.6799999997
 20
1069385.0500000008
 30
3.0
  0
VERTEX
  8
0
 10
636286.2900000000
 20
1069104.0500000008
 30
3.0
  0
VERTEX
  8
0
 10
637658.9900000002
 20
1068932.0500000008
 30
3.0
  0
VERTEX
  8
0
 10
638298.4800000004
 20
1069073.0500000008
 30
3.0
  0
VERTEX
  8
0
 10
638610.3899999997
 20
1069338.0500000008
 30
3.0
  0
VERTEX
  8
0
 10
638423.1900000004
 20
1069650.0500000008
 30
3.0
  0
VERTEX
  8
0
 10
638438.7900000000
 20
1069728.0500000007
 30
3.0
  0
VERTEX
  8
0
 10
638594.7900000000
 20
1069806.0500000008
 30
3.0
  0
VERTEX
  8
0
 10
639265.4900000002
 20
1069837.0500000008
 30
3.0
  0
VERTEX
  8
0
 10
639592.9900000002
 20
1069946.0500000007
 30
3.0
  0
VERTEX
  8
0
 10
639780.1900000004
 20
1070087.0500000008
 30
3.0
  0
VERTEX
  8
0
 10
640716.0899999999
 20
1070695.0500000007
 30
3.0
  0
VERTEX
  8
0
 10
641683.0899999999
 20
1071132.0500000007
 30
3.0
  0
VERTEX
  8
0
 10
642884.1900000004
 20
1071069.0500000008
 30
3.0
  0
VERTEX
  8
0
 10
643289.6900000004
 20
1071132.0500000007
 30
3.0
  0
VERTEX
  8
0
 10
643414.4900000002
 20
1071194.0500000008
 30
3.0
  0
VERTEX
  8
0
 10
644599.7900000000
 20
1071178.0399999991
 30
3.0
  0
VERTEX
  8
0
 10
644350.2900000000
 20
1070866.0500000008
 30
3.0
  0
VERTEX
  8
0
 10
642868.4900000002
 20
1070040.0500000007
 30
3.0
  0
VERTEX
  8
0
 10
642946.4900000002
 20
1069790.0500000007
 30
3.0
  0
VERTEX
  8
0
 10
643164.8799999999
 20
1069712.0500000008
 30
3.0
  0
VERTEX
  8
0
 10
643476.7900000000
 20
1069697.0500000007
 30
3.0
  0
VERTEX
  8
0
 10
643960.2900000000
 20
1069931.0500000008
 30
3.0
  0
VERTEX
  8
0
 10
644927.3799999999
 20
1070648.0500000008
 30
3.0
  0
VERTEX
  8
0
 10
644927.3799999999
 20
1070710.0500000008
 30
3.0
  0
VERTEX
  8
0
 10
645332.9900000002
 20
1071054.0500000008
 30
3.0
  0
VERTEX
  8
0
 10
645987.9900000002
 20
1071444.0500000008
 30
3.0
  0
VERTEX
  8
0
 10
646908.2900000000
 20
1071880.0500000008
 30
3.0
  0
VERTEX
  8
0
 10
647906.5899999999
 20
1072239.0500000007
 30
3.0
  0
VERTEX
  8
0
 10
649013.9900000002
 20
1072457.0500000007
 30
3.0
  0
VERTEX
  8
0
 10
649996.6900000004
 20
1072738.0500000007
 30
3.0
  0
VERTEX
  8
0
 10
652492.2900000000
 20
1074126.0500000007
 30
3.0
  0
VERTEX
  8
0
 10
653646.4900000002
 20
1075234.0500000008
 30
3.0
  0
VERTEX
  8
0
 10
653459.2900000000
 20
1074688.0500000007
 30
3.0
  0
VERTEX
  8
0
 10
653584.0899999999
 20
1074641.0500000008
 30
3.0
  0
VERTEX
  8
0
 10
653864.7900000000
 20
1074750.0500000007
 30
3.0
  0
VERTEX
  8
0
 10
654473.1900000004
 20
1075171.0500000008
 30
3.0
  0
VERTEX
  8
0
 10
654909.8899999997
 20
1075717.0500000008
 30
3.0
  0
VERTEX
  8
0
 10
655908.1900000004
 20
1076279.0500000008
 30
3.0
  0
VERTEX
  8
0
 10
656360.4900000002
 20
1076809.0500000008
 30
3.0
  0
VERTEX
  8
0
 10
656656.7800000003
 20
1076918.0500000007
 30
3.0
  0
VERTEX
  8
0
 10
656469.6900000004
 20
1076248.0500000007
 30
3.0
  0
VERTEX
  8
0
 10
656531.9900000002
 20
1075733.0500000008
 30
3.0
  0
VERTEX
  8
0
 10
656687.9900000002
 20
1075889.0500000008
 30
3.0
  0
VERTEX
  8
0
 10
657077.9900000002
 20
1076669.0500000008
 30
3.0
  0
VERTEX
  8
0
 10
657857.7900000000
 20
1078821.0500000008
 30
3.0
  0
VERTEX
  8
0
 10
658169.7900000000
 20
1079164.0500000008
 30
3.0
  0
VERTEX
  8
0
 10
658372.4900000002
 20
1079274.0500000008
 30
3.0
  0
VERTEX
  8
0
 10
658528.4900000002
 20
1079164.0500000008
 30
3.0
  0
VERTEX
  8
0
 10
658544.1900000004
 20
1078759.0500000008
 30
3.0
  0
VERTEX
  8
0
 10
657545.8799999999
 20
1076544.0500000008
 30
3.0
  0
VERTEX
  8
0
 10
657046.7900000000
 20
1075842.0500000008
 30
3.0
  0
VERTEX
  8
0
 10
656656.7800000003
 20
1074937.0500000007
 30
3.0
  0
VERTEX
  8
0
 10
656703.5899999999
 20
1074625.0500000007
 30
3.0
  0
VERTEX
  8
0
 10
656765.9800000004
 20
1074610.0500000008
 30
3.0
  0
VERTEX
  8
0
 10
657093.4800000004
 20
1074969.0500000007
 30
3.0
  0
VERTEX
  8
0
 10
657639.4900000002
 20
1075780.0500000007
 30
3.0
  0
VERTEX
  8
0
 10
658169.7900000000
 20
1076716.0500000008
 30
3.0
  0
VERTEX
  8
0
 10
658575.2900000000
 20
1077885.0500000007
 30
3.0
  0
VERTEX
  8
0
 10
658809.2900000000
 20
1078946.0500000008
 30
3.0
  0
VERTEX
  8
0
 10
658840.4900000002
 20
1080053.0500000007
 30
3.0
  0
VERTEX
  8
0
 10
658918.4900000002
 20
1080506.0500000008
 30
3.0
  0
VERTEX
  8
0
 10
659401.9900000002
 20
1081956.0500000008
 30
3.0
  0
VERTEX
  8
0
 10
659745.1900000004
 20
1083766.0500000008
 30
3.0
  0
VERTEX
  8
0
 10
659760.6900000004
 20
1084546.0500000008
 30
3.0
  0
VERTEX
  8
0
 10
659901.0899999999
 20
1085169.0500000007
 30
3.0
  0
VERTEX
  8
0
 10
660213.0899999999
 20
1085481.0500000008
 30
3.0
  0
VERTEX
  8
0
 10
660415.7800000003
 20
1085435.0500000008
 30
3.0
  0
VERTEX
  8
0
 10
660634.1900000004
 20
1085076.0500000007
 30
3.0
  0
VERTEX
  8
0
 10
660774.5899999999
 20
1084436.0500000008
 30
3.0
  0
VERTEX
  8
0
 10
661039.6900000004
 20
1083828.0500000008
 30
3.0
  0
VERTEX
  8
0
 10
661226.8899999997
 20
1083641.0500000008
 30
3.0
  0
VERTEX
  8
0
 10
661585.6900000004
 20
1083469.0500000008
 30
3.0
  0
VERTEX
  8
0
 10
662022.3899999997
 20
1082580.0500000008
 30
3.0
  0
VERTEX
  8
0
 10
662178.2800000003
 20
1082424.0500000008
 30
3.0
  0
VERTEX
  8
0
 10
662771.0899999999
 20
1082705.0500000008
 30
3.0
  0
VERTEX
  8
0
 10
662474.6900000004
 20
1084000.0399999991
 30
3.0
  0
VERTEX
  8
0
 10
662646.2900000000
 20
1084655.0500000008
 30
3.0
  0
VERTEX
  8
0
 10
663285.7900000000
 20
1084920.0500000007
 30
3.0
  0
VERTEX
  8
0
 10
663675.6900000004
 20
1084748.0500000008
 30
3.0
  0
VERTEX
  8
0
 10
663940.8899999997
 20
1084343.0500000008
 30
3.0
  0
VERTEX
  8
0
 10
664096.8899999997
 20
1084265.0500000008
 30
3.0
  0
VERTEX
  8
0
 10
664315.1900000004
 20
1084296.0500000007
 30
3.0
  0
VERTEX
  8
0
 10
664299.6799999997
 20
1084514.0500000007
 30
3.0
  0
VERTEX
  8
0
 10
663613.2900000000
 20
1085450.0500000007
 30
3.0
  0
VERTEX
  8
0
 10
663270.1900000004
 20
1086183.0500000008
 30
3.0
  0
VERTEX
  8
0
 10
662942.6900000004
 20
1086542.0500000008
 30
3.0
  0
VERTEX
  8
0
 10
662147.1900000004
 20
1086651.0500000007
 30
3.0
  0
VERTEX
  8
0
 10
661523.2900000000
 20
1086994.0500000007
 30
3.0
  0
VERTEX
  8
0
 10
661070.9900000002
 20
1087556.0500000007
 30
3.0
  0
VERTEX
  8
0
 10
660930.5899999999
 20
1087883.0500000008
 30
3.0
  0
VERTEX
  8
0
 10
660868.1799999997
 20
1088289.0500000008
 30
3.0
  0
VERTEX
  8
0
 10
660680.9900000002
 20
1088757.0500000008
 30
3.0
  0
VERTEX
  8
0
 10
660400.1900000004
 20
1089131.0500000007
 30
3.0
  0
VERTEX
  8
0
 10
660181.8899999997
 20
1089615.0500000008
 30
3.0
  0
VERTEX
  8
0
 10
660150.6900000004
 20
1090036.0500000007
 30
3.0
  0
VERTEX
  8
0
 10
660213.0899999999
 20
1090395.0500000008
 30
3.0
  0
VERTEX
  8
0
 10
659433.1900000004
 20
1092126.0500000008
 30
3.0
  0
VERTEX
  8
0
 10
659807.4900000002
 20
1091814.0500000008
 30
3.0
  0
VERTEX
  8
0
 10
660135.0899999999
 20
1091564.0500000008
 30
3.0
  0
VERTEX
  8
0
 10
660602.9900000002
 20
1091128.0500000008
 30
3.0
  0
VERTEX
  8
0
 10
660836.9900000002
 20
1090878.0399999991
 30
3.0
  0
VERTEX
  8
0
 10
661039.6900000004
 20
1090644.0500000008
 30
3.0
  0
VERTEX
  8
0
 10
661117.6900000004
 20
1090566.0500000008
 30
3.0
  0
VERTEX
  8
0
 10
661242.4900000002
 20
1090441.0500000008
 30
3.0
  0
VERTEX
  8
0
 10
661289.2900000000
 20
1090410.0500000007
 30
3.0
  0
VERTEX
  8
0
 10
661398.4900000002
 20
1090317.0500000007
 30
3.0
  0
VERTEX
  8
0
 10
661507.6900000004
 20
1090285.0500000008
 30
3.0
  0
VERTEX
  8
0
 10
661632.4900000002
 20
1090114.0500000008
 30
3.0
  0
VERTEX
  8
0
 10
661757.1900000004
 20
1089896.0399999991
 30
3.0
  0
VERTEX
  8
0
 10
661866.3899999997
 20
1089771.0500000008
 30
3.0
  0
VERTEX
  8
0
 10
662115.9900000002
 20
1089490.0500000008
 30
3.0
  0
VERTEX
  8
0
 10
662334.2900000000
 20
1089209.0500000008
 30
3.0
  0
VERTEX
  8
0
 10
662630.6799999997
 20
1088850.0500000007
 30
3.0
  0
VERTEX
  8
0
 10
662771.0899999999
 20
1088694.0500000007
 30
3.0
  0
VERTEX
  8
0
 10
662895.7900000000
 20
1088539.0500000008
 30
3.0
  0
VERTEX
  8
0
 10
663020.6900000004
 20
1088398.0500000008
 30
3.0
  0
VERTEX
  8
0
 10
663207.7900000000
 20
1088133.0500000008
 30
3.0
  0
VERTEX
  8
0
 10
663285.7900000000
 20
1087977.0500000008
 30
3.0
  0
VERTEX
  8
0
 10
663519.7800000003
 20
1087727.0500000008
 30
3.0
  0
VERTEX
  8
0
 10
663613.2900000000
 20
1087618.0500000007
 30
3.0
  0
VERTEX
  8
0
 10
663800.4900000002
 20
1087400.0500000007
 30
3.0
  0
VERTEX
  8
0
 10
664081.2900000000
 20
1086979.0500000008
 30
3.0
  0
VERTEX
  8
0
 10
664159.2900000000
 20
1086885.0500000008
 30
3.0
  0
VERTEX
  8
0
 10
664393.1900000004
 20
1086526.0500000007
 30
3.0
  0
VERTEX
  8
0
 10
664455.5899999999
 20
1086511.0500000008
 30
3.0
  0
VERTEX
  8
0
 10
664533.5899999999
 20
1086433.0500000008
 30
3.0
  0
VERTEX
  8
0
 10
664658.3899999997
 20
1086324.0500000008
 30
3.0
  0
VERTEX
  8
0
 10
664907.9900000002
 20
1086090.0500000008
 30
3.0
  0
VERTEX
  8
0
 10
665219.8899999997
 20
1085715.0500000008
 30
3.0
  0
VERTEX
  8
0
 10
665485.0899999999
 20
1085403.0500000008
 30
3.0
  0
VERTEX
  8
0
 10
665609.7800000003
 20
1085247.0500000008
 30
3.0
  0
VERTEX
  8
0
 10
665937.3899999997
 20
1084889.0500000007
 30
3.0
  0
VERTEX
  8
0
 10
666155.7900000000
 20
1084670.0500000007
 30
3.0
  0
VERTEX
  8
0
 10
666249.2900000000
 20
1084561.0500000008
 30
3.0
  0
VERTEX
  8
0
 10
666405.2900000000
 20
1084327.0500000007
 30
3.0
  0
VERTEX
  8
0
 10
666545.6900000004
 20
1084031.0500000008
 30
3.0
  0
VERTEX
  8
0
 10
666623.6799999997
 20
1083672.0500000008
 30
3.0
  0
VERTEX
  8
0
 10
666639.2900000000
 20
1083251.0500000007
 30
3.0
  0
VERTEX
  8
0
 10
666701.6900000004
 20
1082736.0500000008
 30
3.0
  0
VERTEX
  8
0
 10
666748.4900000002
 20
1082175.0500000008
 30
3.0
  0
VERTEX
  8
0
 10
666779.6900000004
 20
1081769.0500000008
 30
3.0
  0
VERTEX
  8
0
 10
666779.6900000004
 20
1081208.0500000008
 30
3.0
  0
VERTEX
  8
0
 10
666779.6900000004
 20
1080818.0500000008
 30
3.0
  0
VERTEX
  8
0
 10
666826.4900000002
 20
1080631.0500000008
 30
3.0
  0
VERTEX
  8
0
 10
666888.7900000000
 20
1080428.0500000007
 30
3.0
  0
VERTEX
  8
0
 10
666873.1900000004
 20
1080241.0500000007
 30
3.0
  0
VERTEX
  8
0
 10
666935.6900000004
 20
1079944.0500000008
 30
3.0
  0
VERTEX
  8
0
 10
667060.3799999999
 20
1079570.0500000008
 30
3.0
  0
VERTEX
  8
0
 10
667185.1900000004
 20
1079336.0500000007
 30
3.0
  0
VERTEX
  8
0
 10
667294.3899999997
 20
1079211.0500000007
 30
3.0
  0
VERTEX
  8
0
 10
667294.3899999997
 20
1079180.0500000008
 30
3.0
  0
VERTEX
  8
0
 10
667419.1900000004
 20
1079008.0500000008
 30
3.0
  0
VERTEX
  8
0
 10
667606.2800000003
 20
1078821.0500000008
 30
3.0
  0
VERTEX
  8
0
 10
667855.8899999997
 20
1078650.0500000008
 30
3.0
  0
VERTEX
  8
0
 10
668214.6900000004
 20
1078447.0500000007
 30
3.0
  0
VERTEX
  8
0
 10
668479.7900000000
 20
1078338.0500000008
 30
3.0
  0
VERTEX
  8
0
 10
668635.7900000000
 20
1078260.0500000007
 30
3.0
  0
VERTEX
  8
0
 10
669088.0899999999
 20
1078057.0500000008
 30
3.0
  0
VERTEX
  8
0
 10
669462.4900000002
 20
1077932.0500000008
 30
3.0
  0
VERTEX
  8
0
 10
669758.7900000000
 20
1077823.0500000007
 30
3.0
  0
VERTEX
  8
0
 10
669914.7900000000
 20
1077776.0500000008
 30
3.0
  0
VERTEX
  8
0
 10
670351.4900000002
 20
1077651.0500000008
 30
3.0
  0
VERTEX
  8
0
 10
670694.6900000004
 20
1077573.0500000007
 30
3.0
  0
VERTEX
  8
0
 10
670866.1900000004
 20
1077495.0500000008
 30
3.0
  0
VERTEX
  8
0
 10
671256.1900000004
 20
1077339.0500000008
 30
3.0
  0
VERTEX
  8
0
 10
671536.8899999997
 20
1077261.0500000007
 30
3.0
  0
VERTEX
  8
0
 10
671643.8732000003
 20
1077218.5309999995
 30
3.0
  0
VERTEX
  8
0
 10
671773.3717999998
 20
1077059.0639999993
 30
3.0
  0
VERTEX
  8
0
 10
671930.8389999997
 20
1076865.1557000000
 30
3.0
  0
VERTEX
  8
0
 10
646627.4900000002
 20
1068277.0500000008
 30
3.0
  0
VERTEX
  8
0
 10
646315.5899999999
 20
1068230.0399999991
 30
3.0
  0
VERTEX
  8
0
 10
645582.4900000002
 20
1068293.0500000008
 30
3.0
  0
VERTEX
  8
0
 10
644864.9900000002
 20
1068511.0500000008
 30
3.0
  0
VERTEX
  8
0
 10
644553.0899999999
 20
1068464.0500000008
 30
3.0
  0
VERTEX
  8
0
 10
644459.4900000002
 20
1068324.0500000008
 30
3.0
  0
VERTEX
  8
0
 10
644506.2900000000
 20
1068168.0500000008
 30
3.0
  0
VERTEX
  8
0
 10
644646.6900000004
 20
1068043.0500000008
 30
3.0
  0
VERTEX
  8
0
 10
645395.2900000000
 20
1067934.0500000007
 30
3.0
  0
VERTEX
  8
0
 10
645644.8899999997
 20
1067809.0500000007
 30
3.0
  0
VERTEX
  8
0
 10
645442.1900000004
 20
1067685.0500000007
 30
3.0
  0
VERTEX
  8
0
 10
643960.2900000000
 20
1067451.0500000008
 30
3.0
  0
VERTEX
  8
0
 10
643726.3899999997
 20
1067341.0500000007
 30
3.0
  0
VERTEX
  8
0
 10
643523.6900000004
 20
1067045.0500000008
 30
3.0
  0
VERTEX
  8
0
 10
643242.8899999997
 20
1066811.0500000007
 30
3.0
  0
VERTEX
  8
0
 10
642915.2900000000
 20
1066655.0500000008
 30
3.0
  0
VERTEX
  8
0
 10
642759.2900000000
 20
1066390.0500000008
 30
3.0
  0
VERTEX
  8
0
 10
642556.5899999999
 20
1066328.0500000007
 30
3.0
  0
VERTEX
  8
0
 10
642119.7900000000
 20
1066406.0500000008
 30
3.0
  0
VERTEX
  8
0
 10
639826.9900000002
 20
1066437.0500000008
 30
3.0
  0
VERTEX
  8
0
 10
638953.4800000004
 20
1066359.0500000008
 30
3.0
  0
VERTEX
  8
0
 10
638017.6900000004
 20
1066140.0500000008
 30
3.0
  0
VERTEX
  8
0
 10
637768.0899999999
 20
1065953.0500000008
 30
3.0
  0
VERTEX
  8
0
 10
637643.2900000000
 20
1065766.0500000007
 30
3.0
  0
VERTEX
  8
0
 10
637705.6900000004
 20
1065438.0500000008
 30
3.0
  0
VERTEX
  8
0
 10
637908.4900000002
 20
1065282.0399999991
 30
3.0
  0
VERTEX
  8
0
 10
638797.5899999999
 20
1065844.0500000008
 30
3.0
  0
VERTEX
  8
0
 10
639499.4900000002
 20
1065984.0500000008
 30
3.0
  0
VERTEX
  8
0
 10
640450.8899999997
 20
1065953.0500000008
 30
3.0
  0
VERTEX
  8
0
 10
641199.5899999999
 20
1065797.0500000008
 30
3.0
  0
VERTEX
  8
0
 10
642587.7900000000
 20
1065875.0500000008
 30
3.0
  0
VERTEX
  8
0
 10
644475.0899999999
 20
1066328.0500000007
 30
3.0
  0
VERTEX
  8
0
 10
644646.6900000004
 20
1066484.0500000008
 30
3.0
  0
VERTEX
  8
0
 10
644755.7900000000
 20
1067045.0500000008
 30
3.0
  0
VERTEX
  8
0
 10
645254.9900000002
 20
1067310.0500000007
 30
3.0
  0
VERTEX
  8
0
 10
646705.4900000002
 20
1067918.0500000008
 30
3.0
  0
VERTEX
  8
0
 10
647641.3899999997
 20
1068496.0500000007
 30
3.0
  0
VERTEX
  8
0
 10
648982.7900000000
 20
1069010.0500000007
 30
3.0
  0
VERTEX
  8
0
 10
649435.1900000004
 20
1069275.0500000008
 30
3.0
  0
VERTEX
  8
0
 10
649591.0899999999
 20
1069572.0500000007
 30
3.0
  0
VERTEX
  8
0
 10
649528.6900000004
 20
1069775.0500000008
 30
3.0
  0
VERTEX
  8
0
 10
649435.1900000004
 20
1069821.0500000007
 30
3.0
  0
VERTEX
  8
0
 10
648935.9900000002
 20
1069681.0500000008
 30
3.0
  0
VERTEX
  8
0
 10
648717.6900000004
 20
1069494.0500000008
 30
3.0
  0
VERTEX
  8
0
 10
648156.1799999997
 20
1069182.0500000008
 30
3.0
  0
VERTEX
  8
0
 10
647220.2900000000
 20
1069182.0500000008
 30
3.0
  0
VERTEX
  8
0
 10
646736.6900000004
 20
1069042.0500000008
 30
3.0
  0
VERTEX
  8
0
 10
646299.9900000002
 20
1068776.0500000008
 30
3.0
  0
VERTEX
  8
0
 10
646299.9900000002
 20
1068574.0399999991
 30
3.0
  0
VERTEX
  8
0
 10
646721.1900000004
 20
1068527.0500000007
 30
3.0
  0
VERTEX
  8
0
 10
646799.1900000004
 20
1068433.0500000008
 30
3.0
  0
VERTEX
  8
0
 10
646627.4900000002
 20
1068277.0500000008
 30
3.0
  0
VERTEX
  8
0
 10
638064.4900000002
 20
1067809.0500000007
 30
3.0
  0
VERTEX
  8
0
 10
638095.6900000004
 20
1067965.0500000007
 30
3.0
  0
VERTEX
  8
0
 10
637861.6900000004
 20
1068090.0500000007
 30
3.0
  0
VERTEX
  8
0
 10
637518.4900000002
 20
1068106.0500000008
 30
3.0
  0
VERTEX
  8
0
 10
636801.0899999999
 20
1067934.0500000007
 30
3.0
  0
VERTEX
  8
0
 10
635631.2900000000
 20
1068090.0500000007
 30
3.0
  0
VERTEX
  8
0
 10
635116.4900000002
 20
1068012.0500000008
 30
3.0
  0
VERTEX
  8
0
 10
634976.1900000004
 20
1067840.0500000008
 30
3.0
  0
VERTEX
  8
0
 10
634976.1900000004
 20
1067747.0500000007
 30
3.0
  0
VERTEX
  8
0
 10
635085.2800000003
 20
1067622.0500000007
 30
3.0
  0
VERTEX
  8
0
 10
636067.9900000002
 20
1067357.0500000008
 30
3.0
  0
VERTEX
  8
0
 10
636426.6900000004
 20
1067388.0500000008
 30
3.0
  0
VERTEX
  8
0
 10
636754.2800000003
 20
1067497.0500000007
 30
3.0
  0
VERTEX
  8
0
 10
637268.9900000002
 20
1067529.0500000007
 30
3.0
  0
VERTEX
  8
0
 10
637814.8899999997
 20
1067653.0500000007
 30
3.0
  0
VERTEX
  8
0
 10
638064.4900000002
 20
1067809.0500000007
 30
3.0
  0
VERTEX
  8
0
 10
642447.3899999997
 20
1069291.0500000007
 30
3.0
  0
VERTEX
  8
0
 10
642041.7900000000
 20
1069073.0500000008
 30
3.0
  0
VERTEX
  8
0
 10
641698.6900000004
 20
1068995.0500000008
 30
3.0
  0
VERTEX
  8
0
 10
641449.1900000004
 20
1068839.0500000008
 30
3.0
  0
VERTEX
  8
0
 10
641121.5899999999
 20
1068776.0500000008
 30
3.0
  0
VERTEX
  8
0
 10
639655.3899999997
 20
1067950.0500000008
 30
3.0
  0
VERTEX
  8
0
 10
639670.9900000002
 20
1067716.0500000007
 30
3.0
  0
VERTEX
  8
0
 10
639795.7900000000
 20
1067607.0500000008
 30
3.0
  0
VERTEX
  8
0
 10
639998.5899999999
 20
1067560.0500000007
 30
3.0
  0
VERTEX
  8
0
 10
640388.4900000002
 20
1067622.0500000007
 30
3.0
  0
VERTEX
  8
0
 10
641261.9900000002
 20
1068059.0500000007
 30
3.0
  0
VERTEX
  8
0
 10
642275.7800000003
 20
1068792.0500000008
 30
3.0
  0
VERTEX
  8
0
 10
642759.2900000000
 20
1069057.0500000008
 30
3.0
  0
VERTEX
  8
0
 10
642837.2900000000
 20
1069275.0500000008
 30
3.0
  0
VERTEX
  8
0
 10
642728.1799999997
 20
1069353.0500000007
 30
3.0
  0
VERTEX
  8
0
 10
642447.3899999997
 20
1069291.0500000007
 30
3.0
  0
VERTEX
  8
0
 10
646016.9966000002
 20
1059588.5867999997
 30
3.0
  0
VERTEX
  8
0
 10
645714.7244999995
 20
1059758.3392999992
 30
3.0
  0
VERTEX
  8
0
 10
646128.4900000002
 20
1060385.0500000008
 30
3.0
  0
VERTEX
  8
0
 10
646362.3899999997
 20
1060650.0500000007
 30
3.0
  0
VERTEX
  8
0
 10
646767.9900000002
 20
1060868.0500000008
 30
3.0
  0
VERTEX
  8
0
 10
647469.7800000003
 20
1060884.0500000008
 30
3.0
  0
VERTEX
  8
0
 10
647703.7800000003
 20
1060775.0500000007
 30
3.0
  0
VERTEX
  8
0
 10
647906.5899999999
 20
1060588.0500000007
 30
3.0
  0
VERTEX
  8
0
 10
648046.9900000002
 20
1060276.0500000007
 30
3.0
  0
VERTEX
  8
0
 10
648468.0899999999
 20
1060104.0500000008
 30
3.0
  0
VERTEX
  8
0
 10
648904.7900000000
 20
1060182.0500000007
 30
3.0
  0
VERTEX
  8
0
 10
649637.8899999997
 20
1060463.0500000007
 30
3.0
  0
VERTEX
  8
0
 10
649902.9800000004
 20
1060494.0500000007
 30
3.0
  0
VERTEX
  8
0
 10
650448.9900000002
 20
1060322.0500000008
 30
3.0
  0
VERTEX
  8
0
 10
651119.6900000004
 20
1060385.0500000008
 30
3.0
  0
VERTEX
  8
0
 10
651915.1799999997
 20
1060151.0500000007
 30
3.0
  0
VERTEX
  8
0
 10
652149.0899999999
 20
1060260.0500000008
 30
3.0
  0
VERTEX
  8
0
 10
652445.4900000002
 20
1060759.0500000008
 30
3.0
  0
VERTEX
  8
0
 10
652601.4900000002
 20
1060884.0500000008
 30
3.0
  0
VERTEX
  8
0
 10
653053.7900000000
 20
1061071.0500000008
 30
3.0
  0
VERTEX
  8
0
 10
653521.6900000004
 20
1060931.0500000007
 30
3.0
  0
VERTEX
  8
0
 10
653880.4900000002
 20
1060962.0500000007
 30
3.0
  0
VERTEX
  8
0
 10
654098.7900000000
 20
1060868.0500000008
 30
3.0
  0
VERTEX
  8
0
 10
654426.2900000000
 20
1060104.0500000008
 30
3.0
  0
VERTEX
  8
0
 10
654504.2900000000
 20
1060104.0500000008
 30
3.0
  0
VERTEX
  8
0
 10
654675.8899999997
 20
1060260.0500000008
 30
3.0
  0
VERTEX
  8
0
 10
655019.0899999999
 20
1061367.0500000008
 30
3.0
  0
VERTEX
  8
0
 10
655221.7900000000
 20
1061523.0500000008
 30
3.0
  0
VERTEX
  8
0
 10
656313.6900000004
 20
1060931.0500000007
 30
3.0
  0
VERTEX
  8
0
 10
656563.1900000004
 20
1061102.0500000008
 30
3.0
  0
VERTEX
  8
0
 10
656843.9900000002
 20
1061134.0500000008
 30
3.0
  0
VERTEX
  8
0
 10
657077.9900000002
 20
1061024.0500000008
 30
3.0
  0
VERTEX
  8
0
 10
657374.2900000000
 20
1060619.0500000007
 30
3.0
  0
VERTEX
  8
0
 10
657717.4900000002
 20
1060556.0500000008
 30
3.0
  0
VERTEX
  8
0
 10
658481.6900000004
 20
1060588.0500000007
 30
3.0
  0
VERTEX
  8
0
 10
659292.7900000000
 20
1060463.0500000007
 30
3.0
  0
VERTEX
  8
0
 10
659838.6900000004
 20
1060307.0500000007
 30
3.0
  0
VERTEX
  8
0
 10
660166.2900000000
 20
1060369.0399999991
 30
3.0
  0
VERTEX
  8
0
 10
660244.2900000000
 20
1060556.0500000008
 30
3.0
  0
VERTEX
  8
0
 10
660181.8899999997
 20
1060759.0500000008
 30
3.0
  0
VERTEX
  8
0
 10
659433.1900000004
 20
1061071.0500000008
 30
3.0
  0
VERTEX
  8
0
 10
659323.9900000002
 20
1061274.0500000008
 30
3.0
  0
VERTEX
  8
0
 10
659370.7900000000
 20
1061383.0500000008
 30
3.0
  0
VERTEX
  8
0
 10
659495.5899999999
 20
1061445.0500000007
 30
3.0
  0
VERTEX
  8
0
 10
660041.4900000002
 20
1061290.0500000008
 30
3.0
  0
VERTEX
  8
0
 10
660228.6900000004
 20
1061399.0500000008
 30
3.0
  0
VERTEX
  8
0
 10
660524.9800000004
 20
1061820.0500000008
 30
3.0
  0
VERTEX
  8
0
 10
660680.9900000002
 20
1061898.0500000008
 30
3.0
  0
VERTEX
  8
0
 10
661195.6799999997
 20
1061726.0500000007
 30
3.0
  0
VERTEX
  8
0
 10
661913.1900000004
 20
1062007.0500000007
 30
3.0
  0
VERTEX
  8
0
 10
662225.1900000004
 20
1061960.0500000008
 30
3.0
  0
VERTEX
  8
0
 10
662427.8899999997
 20
1061835.0500000008
 30
3.0
  0
VERTEX
  8
0
 10
662240.7900000000
 20
1061492.0500000008
 30
3.0
  0
VERTEX
  8
0
 10
661476.4900000002
 20
1061040.0500000008
 30
3.0
  0
VERTEX
  8
0
 10
661273.6900000004
 20
1060853.0500000008
 30
3.0
  0
VERTEX
  8
0
 10
661102.1900000004
 20
1060385.0500000008
 30
3.0
  0
VERTEX
  8
0
 10
660758.9800000004
 20
1060073.0500000008
 30
3.0
  0
VERTEX
  8
0
 10
660025.8899999997
 20
1059605.0500000008
 30
3.0
  0
VERTEX
  8
0
 10
660103.8899999997
 20
1059449.0500000008
 30
3.0
  0
VERTEX
  8
0
 10
661086.4900000002
 20
1059184.0500000008
 30
3.0
  0
VERTEX
  8
0
 10
661024.1900000004
 20
1058747.0500000008
 30
3.0
  0
VERTEX
  8
0
 10
661102.1900000004
 20
1058482.0500000007
 30
3.0
  0
VERTEX
  8
0
 10
660805.7900000000
 20
1058201.0500000007
 30
3.0
  0
VERTEX
  8
0
 10
660228.6900000004
 20
1058264.0500000007
 30
3.0
  0
VERTEX
  8
0
 10
659729.4900000002
 20
1057562.0500000008
 30
3.0
  0
VERTEX
  8
0
 10
659526.7900000000
 20
1057421.0500000007
 30
3.0
  0
VERTEX
  8
0
 10
658622.0899999999
 20
1057312.0500000008
 30
3.0
  0
VERTEX
  8
0
 10
658169.7900000000
 20
1057172.0500000007
 30
3.0
  0
VERTEX
  8
0
 10
657577.0899999999
 20
1056688.0500000008
 30
3.0
  0
VERTEX
  8
0
 10
657405.4900000002
 20
1056376.0500000008
 30
3.0
  0
VERTEX
  8
0
 10
657124.6900000004
 20
1056111.0500000008
 30
3.0
  0
VERTEX
  8
0
 10
656672.3899999997
 20
1055924.0500000008
 30
3.0
  0
VERTEX
  8
0
 10
656313.6900000004
 20
1055940.0500000007
 30
3.0
  0
VERTEX
  8
0
 10
655596.1900000004
 20
1055706.0500000008
 30
3.0
  0
VERTEX
  8
0
 10
655596.1900000004
 20
1055643.0500000008
 30
3.0
  0
VERTEX
  8
0
 10
655252.9900000002
 20
1055534.0500000007
 30
3.0
  0
VERTEX
  8
0
 10
654504.2900000000
 20
1055503.0500000007
 30
3.0
  0
VERTEX
  8
0
 10
653646.4900000002
 20
1055035.0500000007
 30
3.0
  0
VERTEX
  8
0
 10
653178.4900000002
 20
1055082.0500000008
 30
3.0
  0
VERTEX
  8
0
 10
653147.2900000000
 20
1055206.0500000008
 30
3.0
  0
VERTEX
  8
0
 10
653272.1900000004
 20
1055362.0500000008
 30
3.0
  0
VERTEX
  8
0
 10
653740.0899999999
 20
1055612.0500000008
 30
3.0
  0
VERTEX
  8
0
 10
654036.3899999997
 20
1055846.0500000007
 30
3.0
  0
VERTEX
  8
0
 10
654129.9900000002
 20
1056127.0500000007
 30
3.0
  0
VERTEX
  8
0
 10
654083.1900000004
 20
1056485.0500000007
 30
3.0
  0
VERTEX
  8
0
 10
653303.2900000000
 20
1056454.0500000008
 30
3.0
  0
VERTEX
  8
0
 10
653038.1900000004
 20
1056548.0500000008
 30
3.0
  0
VERTEX
  8
0
 10
652835.3899999997
 20
1056985.0500000008
 30
3.0
  0
VERTEX
  8
0
 10
652492.2900000000
 20
1057328.0500000007
 30
3.0
  0
VERTEX
  8
0
 10
652180.2900000000
 20
1057281.0500000008
 30
3.0
  0
VERTEX
  8
0
 10
651837.1900000004
 20
1057749.0500000008
 30
3.0
  0
VERTEX
  8
0
 10
651681.1799999997
 20
1057624.0500000008
 30
3.0
  0
VERTEX
  8
0
 10
651649.9900000002
 20
1056751.0500000008
 30
3.0
  0
VERTEX
  8
0
 10
651509.5899999999
 20
1056329.0500000007
 30
3.0
  0
VERTEX
  8
0
 10
651244.4800000004
 20
1056205.0500000008
 30
3.0
  0
VERTEX
  8
0
 10
651072.8899999997
 20
1056220.0500000008
 30
3.0
  0
VERTEX
  8
0
 10
650838.8899999997
 20
1056345.0500000008
 30
3.0
  0
VERTEX
  8
0
 10
650620.4900000002
 20
1056579.0500000008
 30
3.0
  0
VERTEX
  8
0
 10
650511.2900000000
 20
1056797.0500000007
 30
3.0
  0
VERTEX
  8
0
 10
650589.2900000000
 20
1057156.0500000008
 30
3.0
  0
VERTEX
  8
0
 10
651447.1900000004
 20
1057952.0500000007
 30
3.0
  0
VERTEX
  8
0
 10
651540.7900000000
 20
1058154.0500000008
 30
3.0
  0
VERTEX
  8
0
 10
651540.7900000000
 20
1058342.0500000008
 30
3.0
  0
VERTEX
  8
0
 10
651275.6900000004
 20
1058466.0500000008
 30
3.0
  0
VERTEX
  8
0
 10
651072.8899999997
 20
1058685.0500000008
 30
3.0
  0
VERTEX
  8
0
 10
650885.6900000004
 20
1058794.0500000008
 30
3.0
  0
VERTEX
  8
0
 10
650636.1900000004
 20
1058731.0500000008
 30
3.0
  0
VERTEX
  8
0
 10
650526.9900000002
 20
1058451.0500000007
 30
3.0
  0
VERTEX
  8
0
 10
650433.3899999997
 20
1057858.0500000007
 30
3.0
  0
VERTEX
  8
0
 10
650261.7900000000
 20
1057390.0500000007
 30
3.0
  0
VERTEX
  8
0
 10
649731.4900000002
 20
1056392.0500000008
 30
3.0
  0
VERTEX
  8
0
 10
649528.6900000004
 20
1056532.0500000008
 30
3.0
  0
VERTEX
  8
0
 10
649325.9900000002
 20
1056673.0500000008
 30
3.0
  0
VERTEX
  8
0
 10
649123.1900000004
 20
1056875.0500000008
 30
3.0
  0
VERTEX
  8
0
 10
648811.1900000004
 20
1057109.0500000007
 30
3.0
  0
VERTEX
  8
0
 10
648452.4900000002
 20
1057484.0500000007
 30
3.0
  0
VERTEX
  8
0
 10
648249.6799999997
 20
1057686.0500000008
 30
3.0
  0
VERTEX
  8
0
 10
648124.8899999997
 20
1057952.0500000007
 30
3.0
  0
VERTEX
  8
0
 10
648046.9900000002
 20
1058201.0500000007
 30
3.0
  0
VERTEX
  8
0
 10
647781.7900000000
 20
1058544.0500000008
 30
3.0
  0
VERTEX
  8
0
 10
647422.9900000002
 20
1058825.0500000008
 30
3.0
  0
VERTEX
  8
0
 10
646986.2900000000
 20
1059059.0500000008
 30
3.0
  0
VERTEX
  8
0
 10
646814.6799999997
 20
1059121.0500000007
 30
3.0
  0
VERTEX
  8
0
 10
646580.7900000000
 20
1059277.0500000007
 30
3.0
  0
VERTEX
  8
0
 10
646262.2662000004
 20
1059404.4594999999
 30
3.0
  0
VERTEX
  8
0
 10
646016.9966000002
 20
1059588.5867999997
 30
3.0
  0
VERTEX
  8
0
 10
645364.1900000004
 20
1076809.0500000008
 30
3.0
  0
VERTEX
  8
0
 10
645987.9900000002
 20
1076778.0399999991
 30
3.0
  0
VERTEX
  8
0
 10
647438.6900000004
 20
1076856.0500000007
 30
3.0
  0
VERTEX
  8
0
 10
647454.1900000004
 20
1076778.0399999991
 30
3.0
  0
VERTEX
  8
0
 10
647235.7900000000
 20
1076513.0500000008
 30
3.0
  0
VERTEX
  8
0
 10
645410.9900000002
 20
1075811.0500000007
 30
3.0
  0
VERTEX
  8
0
 10
644553.0899999999
 20
1075281.0500000007
 30
3.0
  0
VERTEX
  8
0
 10
644256.6900000004
 20
1075421.0500000008
 30
3.0
  0
VERTEX
  8
0
 10
643414.4900000002
 20
1075515.0500000008
 30
3.0
  0
VERTEX
  8
0
 10
642696.9900000002
 20
1075265.0500000008
 30
3.0
  0
VERTEX
  8
0
 10
642509.7900000000
 20
1075281.0500000007
 30
3.0
  0
VERTEX
  8
0
 10
642197.7900000000
 20
1075437.0500000007
 30
3.0
  0
VERTEX
  8
0
 10
641636.2900000000
 20
1075343.0500000007
 30
3.0
  0
VERTEX
  8
0
 10
641527.1900000004
 20
1075265.0500000008
 30
3.0
  0
VERTEX
  8
0
 10
641449.1900000004
 20
1075078.0500000008
 30
3.0
  0
VERTEX
  8
0
 10
641558.2900000000
 20
1074906.0500000007
 30
3.0
  0
VERTEX
  8
0
 10
641714.2900000000
 20
1074797.0500000008
 30
3.0
  0
VERTEX
  8
0
 10
642306.9900000002
 20
1074797.0500000008
 30
3.0
  0
VERTEX
  8
0
 10
642930.8899999997
 20
1074672.0500000008
 30
3.0
  0
VERTEX
  8
0
 10
642743.7900000000
 20
1074002.0500000008
 30
3.0
  0
VERTEX
  8
0
 10
642540.9900000002
 20
1073534.0500000008
 30
3.0
  0
VERTEX
  8
0
 10
642556.5899999999
 20
1073284.0500000008
 30
3.0
  0
VERTEX
  8
0
 10
642790.4900000002
 20
1073050.0500000007
 30
3.0
  0
VERTEX
  8
0
 10
643180.4900000002
 20
1072957.0500000007
 30
3.0
  0
VERTEX
  8
0
 10
644178.6900000004
 20
1073206.0500000007
 30
3.0
  0
VERTEX
  8
0
 10
644974.1900000004
 20
1073502.0500000008
 30
3.0
  0
VERTEX
  8
0
 10
645613.6900000004
 20
1073877.0500000008
 30
3.0
  0
VERTEX
  8
0
 10
645987.9900000002
 20
1074017.0500000008
 30
3.0
  0
VERTEX
  8
0
 10
646377.9900000002
 20
1073924.0500000008
 30
3.0
  0
VERTEX
  8
0
 10
646362.3899999997
 20
1073799.0500000008
 30
3.0
  0
VERTEX
  8
0
 10
646206.3899999997
 20
1073565.0500000008
 30
3.0
  0
VERTEX
  8
0
 10
644958.5899999999
 20
1072707.0500000007
 30
3.0
  0
VERTEX
  8
0
 10
643133.6900000004
 20
1072208.0500000007
 30
3.0
  0
VERTEX
  8
0
 10
641698.6900000004
 20
1071724.0500000008
 30
3.0
  0
VERTEX
  8
0
 10
640981.1900000004
 20
1071412.0500000008
 30
3.0
  0
VERTEX
  8
0
 10
639967.3899999997
 20
1071069.0500000008
 30
3.0
  0
VERTEX
  8
0
 10
639858.1900000004
 20
1070960.0500000008
 30
3.0
  0
VERTEX
  8
0
 10
639842.5800000001
 20
1070851.0500000007
 30
3.0
  0
VERTEX
  8
0
 10
639920.5899999999
 20
1070773.0500000008
 30
3.0
  0
VERTEX
  8
0
 10
640154.4900000002
 20
1070710.0500000008
 30
3.0
  0
VERTEX
  8
0
 10
640716.0899999999
 20
1070695.0500000007
 30
3.0
  0
VERTEX
  8
0
 10
640688.5599999996
 20
1070679.9600000009
 30
3.0
  0
VERTEX
  8
0
 10
639780.1900000004
 20
1070087.0500000008
 30
3.0
  0
VERTEX
  8
0
 10
639047.1900000004
 20
1070227.0500000007
 30
3.0
  0
VERTEX
  8
0
 10
637627.6799999997
 20
1070289.0500000007
 30
3.0
  0
VERTEX
  8
0
 10
636801.0899999999
 20
1070227.0500000007
 30
3.0
  0
VERTEX
  8
0
 10
635833.9900000002
 20
1069853.0500000007
 30
3.0
  0
VERTEX
  8
0
 10
634757.7800000003
 20
1069541.0500000008
 30
3.0
  0
VERTEX
  8
0
 10
634523.7900000000
 20
1069619.0500000008
 30
3.0
  0
VERTEX
  8
0
 10
633899.8899999997
 20
1069478.0500000007
 30
3.0
  0
VERTEX
  8
0
 10
633541.1799999997
 20
1069291.0500000007
 30
3.0
  0
VERTEX
  8
0
 10
633104.4800000004
 20
1069229.0500000008
 30
3.0
  0
VERTEX
  8
0
 10
631872.1799999997
 20
1069353.0500000007
 30
3.0
  0
VERTEX
  8
0
 10
631232.6900000004
 20
1069291.0500000007
 30
3.0
  0
VERTEX
  8
0
 10
630889.5800000001
 20
1069603.0500000007
 30
3.0
  0
VERTEX
  8
0
 10
630499.6900000004
 20
1069931.0500000008
 30
3.0
  0
VERTEX
  8
0
 10
630281.2900000000
 20
1070133.0500000007
 30
3.0
  0
VERTEX
  8
0
 10
629938.1900000004
 20
1070445.0500000007
 30
3.0
  0
VERTEX
  8
0
 10
629688.5899999999
 20
1070679.0500000008
 30
3.0
  0
VERTEX
  8
0
 10
629532.5899999999
 20
1070804.0500000008
 30
3.0
  0
VERTEX
  8
0
 10
629454.5899999999
 20
1070882.0500000008
 30
3.0
  0
VERTEX
  8
0
 10
629267.3899999997
 20
1071038.0500000008
 30
3.0
  0
VERTEX
  8
0
 10
629017.7900000000
 20
1071288.0500000007
 30
3.0
  0
VERTEX
  8
0
 10
628643.4900000002
 20
1071678.0500000008
 30
3.0
  0
VERTEX
  8
0
 10
627925.9900000002
 20
1072473.0500000008
 30
3.0
  0
VERTEX
  8
0
 10
627723.2900000000
 20
1072754.0500000008
 30
3.0
  0
VERTEX
  8
0
 10
627411.2900000000
 20
1073081.0500000008
 30
3.0
  0
VERTEX
  8
0
 10
628315.9900000002
 20
1072988.0500000007
 30
3.0
  0
VERTEX
  8
0
 10
628861.8899999997
 20
1072691.0500000008
 30
3.0
  0
VERTEX
  8
0
 10
629610.5899999999
 20
1072442.0500000008
 30
3.0
  0
VERTEX
  8
0
 10
630031.6900000004
 20
1072395.0500000007
 30
3.0
  0
VERTEX
  8
0
 10
630780.3899999997
 20
1072442.0500000008
 30
3.0
  0
VERTEX
  8
0
 10
632012.5899999999
 20
1072286.0500000008
 30
3.0
  0
VERTEX
  8
0
 10
632714.4900000002
 20
1072348.0500000008
 30
3.0
  0
VERTEX
  8
0
 10
633322.7900000000
 20
1072598.0500000008
 30
3.0
  0
VERTEX
  8
0
 10
634508.1900000004
 20
1072598.0500000008
 30
3.0
  0
VERTEX
  8
0
 10
636348.6900000004
 20
1072738.0500000007
 30
3.0
  0
VERTEX
  8
0
 10
637034.9900000002
 20
1072707.0500000007
 30
3.0
  0
VERTEX
  8
0
 10
638672.7900000000
 20
1072317.0500000008
 30
3.0
  0
VERTEX
  8
0
 10
638922.2900000000
 20
1072379.0500000008
 30
3.0
  0
VERTEX
  8
0
 10
639125.0899999999
 20
1072598.0500000008
 30
3.0
  0
VERTEX
  8
0
 10
639109.4900000002
 20
1072723.0500000008
 30
3.0
  0
VERTEX
  8
0
 10
639000.2900000000
 20
1072847.0500000008
 30
3.0
  0
VERTEX
  8
0
 10
638719.5899999999
 20
1072972.0500000008
 30
3.0
  0
VERTEX
  8
0
 10
636801.0899999999
 20
1073128.0500000008
 30
3.0
  0
VERTEX
  8
0
 10
635974.3799999999
 20
1073300.0500000007
 30
3.0
  0
VERTEX
  8
0
 10
635022.9900000002
 20
1073300.0500000007
 30
3.0
  0
VERTEX
  8
0
 10
634523.7900000000
 20
1073190.0500000008
 30
3.0
  0
VERTEX
  8
0
 10
634726.5899999999
 20
1073736.0500000008
 30
3.0
  0
VERTEX
  8
0
 10
634664.1900000004
 20
1073970.0500000007
 30
3.0
  0
VERTEX
  8
0
 10
634476.9900000002
 20
1074189.0500000008
 30
3.0
  0
VERTEX
  8
0
 10
633619.1900000004
 20
1074610.0500000008
 30
3.0
  0
VERTEX
  8
0
 10
633431.9800000004
 20
1074859.0500000008
 30
3.0
  0
VERTEX
  8
0
 10
633494.3899999997
 20
1075000.0500000007
 30
3.0
  0
VERTEX
  8
0
 10
633634.7900000000
 20
1075093.0500000007
 30
3.0
  0
VERTEX
  8
0
 10
634508.1900000004
 20
1075265.0500000008
 30
3.0
  0
VERTEX
  8
0
 10
635802.7900000000
 20
1075249.0500000007
 30
3.0
  0
VERTEX
  8
0
 10
636395.4900000002
 20
1075359.0500000008
 30
3.0
  0
VERTEX
  8
0
 10
636567.0899999999
 20
1075499.0500000007
 30
3.0
  0
VERTEX
  8
0
 10
637986.4900000002
 20
1076045.0500000008
 30
3.0
  0
VERTEX
  8
0
 10
637175.3899999997
 20
1076388.0500000008
 30
3.0
  0
VERTEX
  8
0
 10
638610.3899999997
 20
1076482.0500000008
 30
3.0
  0
VERTEX
  8
0
 10
639514.9900000002
 20
1076669.0500000008
 30
3.0
  0
VERTEX
  8
0
 10
640357.2900000000
 20
1077059.0500000008
 30
3.0
  0
VERTEX
  8
0
 10
640716.0899999999
 20
1077121.0500000008
 30
3.0
  0
VERTEX
  8
0
 10
641230.7900000000
 20
1077464.0500000008
 30
3.0
  0
VERTEX
  8
0
 10
643118.0899999999
 20
1079492.0500000007
 30
3.0
  0
VERTEX
  8
0
 10
644615.4900000002
 20
1079773.0500000007
 30
3.0
  0
VERTEX
  8
0
 10
644896.1900000004
 20
1079913.0500000008
 30
3.0
  0
VERTEX
  8
0
 10
645395.2900000000
 20
1080443.0500000008
 30
3.0
  0
VERTEX
  8
0
 10
646003.6900000004
 20
1081223.0500000008
 30
3.0
  0
VERTEX
  8
0
 10
646159.6799999997
 20
1081176.0500000008
 30
3.0
  0
VERTEX
  8
0
 10
646190.7900000000
 20
1081098.0500000008
 30
3.0
  0
VERTEX
  8
0
 10
646112.7900000000
 20
1080896.0500000007
 30
3.0
  0
VERTEX
  8
0
 10
646253.1799999997
 20
1080303.0500000007
 30
3.0
  0
VERTEX
  8
0
 10
645598.0800000001
 20
1079804.0500000007
 30
3.0
  0
VERTEX
  8
0
 10
645083.3899999997
 20
1079274.0500000008
 30
3.0
  0
VERTEX
  8
0
 10
644989.7900000000
 20
1078930.0500000007
 30
3.0
  0
VERTEX
  8
0
 10
645442.1900000004
 20
1078384.0500000008
 30
3.0
  0
VERTEX
  8
0
 10
645504.4900000002
 20
1077963.0500000008
 30
3.0
  0
VERTEX
  8
0
 10
644958.5899999999
 20
1077776.0500000008
 30
3.0
  0
VERTEX
  8
0
 10
644615.4900000002
 20
1077417.0399999991
 30
3.0
  0
VERTEX
  8
0
 10
644553.0899999999
 20
1077230.0500000007
 30
3.0
  0
VERTEX
  8
0
 10
644584.2900000000
 20
1077105.0500000007
 30
3.0
  0
VERTEX
  8
0
 10
644771.4900000002
 20
1076949.0500000007
 30
3.0
  0
VERTEX
  8
0
 10
645364.1900000004
 20
1076809.0500000008
 30
3.0
  0
VERTEX
  8
0
 10
620454.7900000000
 20
1080007.0500000008
 30
3.0
  0
VERTEX
  8
0
 10
620173.9900000002
 20
1080163.0500000008
 30
3.0
  0
VERTEX
  8
0
 10
620033.6900000004
 20
1080225.0500000008
 30
3.0
  0
VERTEX
  8
0
 10
619939.9900000002
 20
1080287.0500000008
 30
3.0
  0
VERTEX
  8
0
 10
619939.9900000002
 20
1080319.0500000008
 30
3.0
  0
VERTEX
  8
0
 10
619128.9900000002
 20
1080615.0500000007
 30
3.0
  0
VERTEX
  8
0
 10
618972.9900000002
 20
1080693.0500000008
 30
3.0
  0
VERTEX
  8
0
 10
618302.2900000000
 20
1081286.0500000008
 30
3.0
  0
VERTEX
  8
0
 10
617881.1900000004
 20
1081504.0500000008
 30
3.0
  0
VERTEX
  8
0
 10
617600.3799999999
 20
1081785.0500000008
 30
3.0
  0
VERTEX
  8
0
 10
616992.0899999999
 20
1082643.0500000008
 30
3.0
  0
VERTEX
  8
0
 10
616617.7800000003
 20
1083360.0500000008
 30
3.0
  0
VERTEX
  8
0
 10
615822.2900000000
 20
1084499.0500000008
 30
3.0
  0
VERTEX
  8
0
 10
613732.1799999997
 20
1086698.0500000008
 30
3.0
  0
VERTEX
  8
0
 10
613389.0899999999
 20
1087244.0500000007
 30
3.0
  0
VERTEX
  8
0
 10
612624.7900000000
 20
1088180.0500000007
 30
3.0
  0
VERTEX
  8
0
 10
612219.1900000004
 20
1088804.0500000008
 30
3.0
  0
VERTEX
  8
0
 10
611938.4900000002
 20
1089116.0500000008
 30
3.0
  0
VERTEX
  8
0
 10
612047.6900000004
 20
1089162.0500000007
 30
3.0
  0
VERTEX
  8
0
 10
612546.7900000000
 20
1089131.0500000007
 30
3.0
  0
VERTEX
  8
0
 10
612952.2800000003
 20
1089038.0500000008
 30
3.0
  0
VERTEX
  8
0
 10
613295.4800000004
 20
1088835.0500000008
 30
3.0
  0
VERTEX
  8
0
 10
613451.4900000002
 20
1088476.0500000008
 30
3.0
  0
VERTEX
  8
0
 10
613872.5899999999
 20
1088897.0500000008
 30
3.0
  0
VERTEX
  8
0
 10
615104.7900000000
 20
1089630.0500000007
 30
3.0
  0
VERTEX
  8
0
 10
616149.7900000000
 20
1090519.0500000008
 30
3.0
  0
VERTEX
  8
0
 10
616118.6900000004
 20
1090894.0500000008
 30
3.0
  0
VERTEX
  8
0
 10
615869.0899999999
 20
1090925.0500000008
 30
3.0
  0
VERTEX
  8
0
 10
615276.3899999997
 20
1090847.0500000008
 30
3.0
  0
VERTEX
  8
0
 10
614855.1900000004
 20
1090504.0500000007
 30
3.0
  0
VERTEX
  8
0
 10
614792.7900000000
 20
1090379.0500000007
 30
3.0
  0
VERTEX
  8
0
 10
614434.0899999999
 20
1090129.0500000007
 30
3.0
  0
VERTEX
  8
0
 10
613638.6799999997
 20
1089802.0500000008
 30
3.0
  0
VERTEX
  8
0
 10
613326.6900000004
 20
1089599.0500000007
 30
3.0
  0
VERTEX
  8
0
 10
613295.4800000004
 20
1089443.0500000007
 30
3.0
  0
VERTEX
  8
0
 10
613295.4800000004
 20
1089303.0500000008
 30
3.0
  0
VERTEX
  8
0
 10
612468.7900000000
 20
1089989.0500000008
 30
3.0
  0
VERTEX
  8
0
 10
611891.6900000004
 20
1090395.0500000008
 30
3.0
  0
VERTEX
  8
0
 10
611657.6900000004
 20
1090660.0500000007
 30
3.0
  0
VERTEX
  8
0
 10
611657.6900000004
 20
1091003.0500000008
 30
3.0
  0
VERTEX
  8
0
 10
613014.6900000004
 20
1091003.0500000008
 30
3.0
  0
VERTEX
  8
0
 10
613404.6799999997
 20
1091190.0500000008
 30
3.0
  0
VERTEX
  8
0
 10
613498.2900000000
 20
1091299.0500000007
 30
3.0
  0
VERTEX
  8
0
 10
613420.2900000000
 20
1092048.0500000007
 30
3.0
  0
VERTEX
  8
0
 10
613529.4900000002
 20
1092578.0500000007
 30
3.0
  0
VERTEX
  8
0
 10
613997.3899999997
 20
1092797.0500000007
 30
3.0
  0
VERTEX
  8
0
 10
614714.7900000000
 20
1092843.0399999991
 30
3.0
  0
VERTEX
  8
0
 10
614917.6900000004
 20
1092968.0500000008
 30
3.0
  0
VERTEX
  8
0
 10
614995.5899999999
 20
1093155.0500000008
 30
3.0
  0
VERTEX
  8
0
 10
615057.9800000004
 20
1093639.0500000008
 30
3.0
  0
VERTEX
  8
0
 10
615369.9900000002
 20
1093888.0500000008
 30
3.0
  0
VERTEX
  8
0
 10
616196.6900000004
 20
1093764.0500000008
 30
3.0
  0
VERTEX
  8
0
 10
616430.5899999999
 20
1094341.0500000007
 30
3.0
  0
VERTEX
  8
0
 10
616695.7900000000
 20
1094341.0500000007
 30
3.0
  0
VERTEX
  8
0
 10
617210.4900000002
 20
1094637.0500000008
 30
3.0
  0
VERTEX
  8
0
 10
618972.9900000002
 20
1096447.0500000008
 30
3.0
  0
VERTEX
  8
0
 10
619128.9900000002
 20
1096509.0500000008
 30
3.0
  0
VERTEX
  8
0
 10
619690.4900000002
 20
1096493.0500000008
 30
3.0
  0
VERTEX
  8
0
 10
620002.4900000002
 20
1096634.0500000008
 30
3.0
  0
VERTEX
  8
0
 10
620033.6900000004
 20
1097351.0500000007
 30
3.0
  0
VERTEX
  8
0
 10
620314.3899999997
 20
1097616.0500000008
 30
3.0
  0
VERTEX
  8
0
 10
620626.2900000000
 20
1097585.0500000008
 30
3.0
  0
VERTEX
  8
0
 10
620782.2900000000
 20
1098006.0500000008
 30
3.0
  0
VERTEX
  8
0
 10
620953.8899999997
 20
1098147.0500000008
 30
3.0
  0
VERTEX
  8
0
 10
621250.2900000000
 20
1097741.0500000008
 30
3.0
  0
VERTEX
  8
0
 10
621390.6900000004
 20
1097226.0500000007
 30
3.0
  0
VERTEX
  8
0
 10
621452.9900000002
 20
1096291.0500000008
 30
3.0
  0
VERTEX
  8
0
 10
621562.1900000004
 20
1095994.0500000008
 30
3.0
  0
VERTEX
  8
0
 10
622092.4900000002
 20
1095308.0500000007
 30
3.0
  0
VERTEX
  8
0
 10
622388.8899999997
 20
1095090.0500000007
 30
3.0
  0
VERTEX
  8
0
 10
622919.1799999997
 20
1095043.0500000008
 30
3.0
  0
VERTEX
  8
0
 10
623527.4900000002
 20
1094715.0500000007
 30
3.0
  0
VERTEX
  8
0
 10
623309.1900000004
 20
1093811.0500000008
 30
3.0
  0
VERTEX
  8
0
 10
623340.2900000000
 20
1093452.0500000007
 30
3.0
  0
VERTEX
  8
0
 10
623699.0800000001
 20
1092609.0500000007
 30
3.0
  0
VERTEX
  8
0
 10
623309.1900000004
 20
1092173.0500000007
 30
3.0
  0
VERTEX
  8
0
 10
622700.7900000000
 20
1092079.0500000007
 30
3.0
  0
VERTEX
  8
0
 10
622295.2900000000
 20
1091923.0500000007
 30
3.0
  0
VERTEX
  8
0
 10
621593.3799999999
 20
1091923.0500000007
 30
3.0
  0
VERTEX
  8
0
 10
620173.9900000002
 20
1091611.0500000007
 30
3.0
  0
VERTEX
  8
0
 10
619253.7900000000
 20
1091861.0399999991
 30
3.0
  0
VERTEX
  8
0
 10
618349.0899999999
 20
1091752.0500000008
 30
3.0
  0
VERTEX
  8
0
 10
618208.6900000004
 20
1091814.0500000008
 30
3.0
  0
VERTEX
  8
0
 10
617959.1900000004
 20
1091798.0500000007
 30
3.0
  0
VERTEX
  8
0
 10
617959.1900000004
 20
1091596.0500000008
 30
3.0
  0
VERTEX
  8
0
 10
618146.2900000000
 20
1091237.0500000008
 30
3.0
  0
VERTEX
  8
0
 10
618317.8899999997
 20
1090722.0500000008
 30
3.0
  0
VERTEX
  8
0
 10
618068.2900000000
 20
1090410.0500000007
 30
3.0
  0
VERTEX
  8
0
 10
618068.2900000000
 20
1090176.0500000008
 30
3.0
  0
VERTEX
  8
0
 10
618177.4900000002
 20
1089927.0500000008
 30
3.0
  0
VERTEX
  8
0
 10
618130.6900000004
 20
1089693.0500000007
 30
3.0
  0
VERTEX
  8
0
 10
617943.5800000001
 20
1089615.0500000008
 30
3.0
  0
VERTEX
  8
0
 10
617506.7900000000
 20
1089584.0500000008
 30
3.0
  0
VERTEX
  8
0
 10
617678.3899999997
 20
1089178.0500000008
 30
3.0
  0
VERTEX
  8
0
 10
617943.5800000001
 20
1089022.0500000008
 30
3.0
  0
VERTEX
  8
0
 10
617990.2900000000
 20
1088866.0500000008
 30
3.0
  0
VERTEX
  8
0
 10
617943.5800000001
 20
1088539.0500000008
 30
3.0
  0
VERTEX
  8
0
 10
617771.9900000002
 20
1088305.0500000007
 30
3.0
  0
VERTEX
  8
0
 10
617881.1900000004
 20
1088102.0500000008
 30
3.0
  0
VERTEX
  8
0
 10
618208.6900000004
 20
1088055.0500000007
 30
3.0
  0
VERTEX
  8
0
 10
618894.9900000002
 20
1087727.0500000008
 30
3.0
  0
VERTEX
  8
0
 10
618193.1900000004
 20
1086604.0399999991
 30
3.0
  0
VERTEX
  8
0
 10
617912.2900000000
 20
1086402.0500000008
 30
3.0
  0
VERTEX
  8
0
 10
617272.7900000000
 20
1085715.0500000008
 30
3.0
  0
VERTEX
  8
0
 10
618068.2900000000
 20
1085918.0500000008
 30
3.0
  0
VERTEX
  8
0
 10
618427.0899999999
 20
1086417.0500000008
 30
3.0
  0
VERTEX
  8
0
 10
618910.5899999999
 20
1086838.0500000007
 30
3.0
  0
VERTEX
  8
0
 10
619440.9900000002
 20
1087462.0500000007
 30
3.0
  0
VERTEX
  8
0
 10
619815.2900000000
 20
1087743.0500000007
 30
3.0
  0
VERTEX
  8
0
 10
620033.6900000004
 20
1088289.0500000008
 30
3.0
  0
VERTEX
  8
0
 10
620080.4900000002
 20
1088507.0500000008
 30
3.0
  0
VERTEX
  8
0
 10
620205.1900000004
 20
1088710.0500000008
 30
3.0
  0
VERTEX
  8
0
 10
620517.1900000004
 20
1088866.0500000008
 30
3.0
  0
VERTEX
  8
0
 10
620797.8899999997
 20
1088928.0500000008
 30
3.0
  0
VERTEX
  8
0
 10
621234.6900000004
 20
1088882.0500000008
 30
3.0
  0
VERTEX
  8
0
 10
621905.2900000000
 20
1089209.0500000008
 30
3.0
  0
VERTEX
  8
0
 10
622373.2900000000
 20
1089225.0500000008
 30
3.0
  0
VERTEX
  8
0
 10
622825.5899999999
 20
1089256.0500000007
 30
3.0
  0
VERTEX
  8
0
 10
622856.7900000000
 20
1089256.0500000007
 30
3.0
  0
VERTEX
  8
0
 10
623870.6900000004
 20
1089942.0500000007
 30
3.0
  0
VERTEX
  8
0
 10
624166.9900000002
 20
1089646.0500000008
 30
3.0
  0
VERTEX
  8
0
 10
624478.9900000002
 20
1089209.0500000008
 30
3.0
  0
VERTEX
  8
0
 10
623901.7800000003
 20
1088913.0399999991
 30
3.0
  0
VERTEX
  8
0
 10
623527.4900000002
 20
1088258.0500000008
 30
3.0
  0
VERTEX
  8
0
 10
622794.3899999997
 20
1087322.0500000008
 30
3.0
  0
VERTEX
  8
0
 10
622841.1900000004
 20
1087166.0500000008
 30
3.0
  0
VERTEX
  8
0
 10
622981.5899999999
 20
1087166.0500000008
 30
3.0
  0
VERTEX
  8
0
 10
623387.1900000004
 20
1087665.0500000008
 30
3.0
  0
VERTEX
  8
0
 10
623527.4900000002
 20
1087961.0500000008
 30
3.0
  0
VERTEX
  8
0
 10
624478.9900000002
 20
1089209.0500000008
 30
3.0
  0
VERTEX
  8
0
 10
625087.2900000000
 20
1088913.0399999991
 30
3.0
  0
VERTEX
  8
0
 10
625414.7900000000
 20
1088850.0500000007
 30
3.0
  0
VERTEX
  8
0
 10
625648.7900000000
 20
1088975.0500000007
 30
3.0
  0
VERTEX
  8
0
 10
625383.6900000004
 20
1089100.0500000007
 30
3.0
  0
VERTEX
  8
0
 10
625336.7900000000
 20
1089225.0500000008
 30
3.0
  0
VERTEX
  8
0
 10
625570.7800000003
 20
1089443.0500000007
 30
3.0
  0
VERTEX
  8
0
 10
625461.5800000001
 20
1089693.0500000007
 30
3.0
  0
VERTEX
  8
0
 10
625243.1900000004
 20
1089864.0500000008
 30
3.0
  0
VERTEX
  8
0
 10
625165.2900000000
 20
1090051.0500000008
 30
3.0
  0
VERTEX
  8
0
 10
625211.9900000002
 20
1090254.0500000007
 30
3.0
  0
VERTEX
  8
0
 10
625492.7900000000
 20
1090129.0500000007
 30
3.0
  0
VERTEX
  8
0
 10
625960.6900000004
 20
1090036.0500000007
 30
3.0
  0
VERTEX
  8
0
 10
626771.7900000000
 20
1089443.0500000007
 30
3.0
  0
VERTEX
  8
0
 10
627536.0899999999
 20
1089022.0500000008
 30
3.0
  0
VERTEX
  8
0
 10
627801.2900000000
 20
1088694.0500000007
 30
3.0
  0
VERTEX
  8
0
 10
627692.0899999999
 20
1088461.0500000007
 30
3.0
  0
VERTEX
  8
0
 10
628300.3899999997
 20
1088164.0500000008
 30
3.0
  0
VERTEX
  8
0
 10
628222.3899999997
 20
1087899.0500000007
 30
3.0
  0
VERTEX
  8
0
 10
627941.6900000004
 20
1087743.0500000007
 30
3.0
  0
VERTEX
  8
0
 10
627941.6900000004
 20
1087665.0500000008
 30
3.0
  0
VERTEX
  8
0
 10
628081.9900000002
 20
1087556.0500000007
 30
3.0
  0
VERTEX
  8
0
 10
628534.2900000000
 20
1087603.0500000008
 30
3.0
  0
VERTEX
  8
0
 10
628721.4900000002
 20
1087525.0500000007
 30
3.0
  0
VERTEX
  8
0
 10
628799.4900000002
 20
1087415.0500000008
 30
3.0
  0
VERTEX
  8
0
 10
628799.4900000002
 20
1087244.0500000007
 30
3.0
  0
VERTEX
  8
0
 10
628456.2900000000
 20
1086714.0500000008
 30
3.0
  0
VERTEX
  8
0
 10
628128.7900000000
 20
1086511.0500000008
 30
3.0
  0
VERTEX
  8
0
 10
627692.0899999999
 20
1086495.0500000007
 30
3.0
  0
VERTEX
  8
0
 10
627005.7900000000
 20
1086714.0500000008
 30
3.0
  0
VERTEX
  8
0
 10
626522.2900000000
 20
1086729.0500000008
 30
3.0
  0
VERTEX
  8
0
 10
625742.2900000000
 20
1086558.0500000008
 30
3.0
  0
VERTEX
  8
0
 10
625165.2900000000
 20
1086292.0500000008
 30
3.0
  0
VERTEX
  8
0
 10
624541.2900000000
 20
1086511.0500000008
 30
3.0
  0
VERTEX
  8
0
 10
623839.4900000002
 20
1085138.0500000007
 30
3.0
  0
VERTEX
  8
0
 10
624120.1900000004
 20
1085294.0500000007
 30
3.0
  0
VERTEX
  8
0
 10
625695.5899999999
 20
1085684.0500000008
 30
3.0
  0
VERTEX
  8
0
 10
626007.4800000004
 20
1085591.0500000008
 30
3.0
  0
VERTEX
  8
0
 10
626537.7900000000
 20
1084733.0500000007
 30
3.0
  0
VERTEX
  8
0
 10
626943.3899999997
 20
1084530.0500000008
 30
3.0
  0
VERTEX
  8
0
 10
627629.6900000004
 20
1084436.0500000008
 30
3.0
  0
VERTEX
  8
0
 10
627894.7800000003
 20
1083937.0500000008
 30
3.0
  0
VERTEX
  8
0
 10
628627.8899999997
 20
1083001.0500000008
 30
3.0
  0
VERTEX
  8
0
 10
627847.9900000002
 20
1082253.0500000007
 30
3.0
  0
VERTEX
  8
0
 10
627099.2900000000
 20
1082019.0500000008
 30
3.0
  0
VERTEX
  8
0
 10
626116.6900000004
 20
1082190.0500000007
 30
3.0
  0
VERTEX
  8
0
 10
625867.1900000004
 20
1082144.0500000008
 30
3.0
  0
VERTEX
  8
0
 10
625601.9900000002
 20
1081988.0500000008
 30
3.0
  0
VERTEX
  8
0
 10
625461.5800000001
 20
1081520.0500000008
 30
3.0
  0
VERTEX
  8
0
 10
625523.9900000002
 20
1081364.0500000008
 30
3.0
  0
VERTEX
  8
0
 10
625882.6900000004
 20
1081442.0500000008
 30
3.0
  0
VERTEX
  8
0
 10
625835.9900000002
 20
1081161.0500000008
 30
3.0
  0
VERTEX
  8
0
 10
625430.3899999997
 20
1080849.0500000008
 30
3.0
  0
VERTEX
  8
0
 10
624884.4900000002
 20
1080584.0500000007
 30
3.0
  0
VERTEX
  8
0
 10
624510.1900000004
 20
1080521.0500000008
 30
3.0
  0
VERTEX
  8
0
 10
624322.9900000002
 20
1080412.0500000008
 30
3.0
  0
VERTEX
  8
0
 10
624790.8799999999
 20
1080209.0500000007
 30
3.0
  0
VERTEX
  8
0
 10
625289.9900000002
 20
1080178.0500000007
 30
3.0
  0
VERTEX
  8
0
 10
625601.9900000002
 20
1079773.0500000007
 30
3.0
  0
VERTEX
  8
0
 10
626740.5899999999
 20
1079788.0500000008
 30
3.0
  0
VERTEX
  8
0
 10
626990.1900000004
 20
1079944.0500000008
 30
3.0
  0
VERTEX
  8
0
 10
627083.7900000000
 20
1080100.0500000008
 30
3.0
  0
VERTEX
  8
0
 10
627036.9900000002
 20
1080209.0500000007
 30
3.0
  0
VERTEX
  8
0
 10
626459.7900000000
 20
1080397.0500000007
 30
3.0
  0
VERTEX
  8
0
 10
626350.6799999997
 20
1080709.0399999991
 30
3.0
  0
VERTEX
  8
0
 10
626381.7900000000
 20
1080911.0500000008
 30
3.0
  0
VERTEX
  8
0
 10
626600.1900000004
 20
1081083.0500000008
 30
3.0
  0
VERTEX
  8
0
 10
627224.1900000004
 20
1081239.0500000008
 30
3.0
  0
VERTEX
  8
0
 10
627629.6900000004
 20
1081270.0500000008
 30
3.0
  0
VERTEX
  8
0
 10
628050.7900000000
 20
1081161.0500000008
 30
3.0
  0
VERTEX
  8
0
 10
628409.4900000002
 20
1080958.0500000008
 30
3.0
  0
VERTEX
  8
0
 10
628627.8899999997
 20
1080709.0399999991
 30
3.0
  0
VERTEX
  8
0
 10
628768.2900000000
 20
1080303.0500000007
 30
3.0
  0
VERTEX
  8
0
 10
628565.4900000002
 20
1079851.0500000008
 30
3.0
  0
VERTEX
  8
0
 10
628362.7900000000
 20
1079617.0500000007
 30
3.0
  0
VERTEX
  8
0
 10
627832.4900000002
 20
1079352.0500000008
 30
3.0
  0
VERTEX
  8
0
 10
626927.7900000000
 20
1079180.0500000008
 30
3.0
  0
VERTEX
  8
0
 10
626194.6900000004
 20
1078603.0500000008
 30
3.0
  0
VERTEX
  8
0
 10
625789.1900000004
 20
1078431.0500000008
 30
3.0
  0
VERTEX
  8
0
 10
625383.6900000004
 20
1078884.0500000008
 30
3.0
  0
VERTEX
  8
0
 10
625289.9900000002
 20
1078884.0500000008
 30
3.0
  0
VERTEX
  8
0
 10
625102.7900000000
 20
1078650.0500000008
 30
3.0
  0
VERTEX
  8
0
 10
625243.1900000004
 20
1078322.0500000008
 30
3.0
  0
VERTEX
  8
0
 10
625508.3899999997
 20
1077948.0500000007
 30
3.0
  0
VERTEX
  8
0
 10
625633.1900000004
 20
1077215.0500000008
 30
3.0
  0
VERTEX
  8
0
 10
625211.9900000002
 20
1077339.0500000008
 30
3.0
  0
VERTEX
  8
0
 10
625399.1900000004
 20
1076731.0500000007
 30
3.0
  0
VERTEX
  8
0
 10
625367.9900000002
 20
1076310.0500000008
 30
3.0
  0
VERTEX
  8
0
 10
624728.4900000002
 20
1076170.0500000008
 30
3.0
  0
VERTEX
  8
0
 10
624416.5899999999
 20
1076560.0500000008
 30
3.0
  0
VERTEX
  8
0
 10
624104.5899999999
 20
1076840.0500000008
 30
3.0
  0
VERTEX
  8
0
 10
623854.9900000002
 20
1077152.0500000008
 30
3.0
  0
VERTEX
  8
0
 10
623730.2900000000
 20
1077277.0500000008
 30
3.0
  0
VERTEX
  8
0
 10
623496.2900000000
 20
1077480.0500000007
 30
3.0
  0
VERTEX
  8
0
 10
623340.2900000000
 20
1077667.0500000007
 30
3.0
  0
VERTEX
  8
0
 10
623075.1900000004
 20
1077963.0500000008
 30
3.0
  0
VERTEX
  8
0
 10
622903.5899999999
 20
1078166.0500000007
 30
3.0
  0
VERTEX
  8
0
 10
622747.6900000004
 20
1078322.0500000008
 30
3.0
  0
VERTEX
  8
0
 10
622560.4900000002
 20
1078478.0500000008
 30
3.0
  0
VERTEX
  8
0
 10
622232.8899999997
 20
1078728.0500000007
 30
3.0
  0
VERTEX
  8
0
 10
621998.9900000002
 20
1078884.0500000008
 30
3.0
  0
VERTEX
  8
0
 10
621562.1900000004
 20
1079242.0500000007
 30
3.0
  0
VERTEX
  8
0
 10
621219.0899999999
 20
1079476.0500000008
 30
3.0
  0
VERTEX
  8
0
 10
620766.6900000004
 20
1079804.0500000007
 30
3.0
  0
VERTEX
  8
0
 10
620454.7900000000
 20
1080007.0500000008
 30
3.0
  0
VERTEX
  8
0
 10
617257.2900000000
 20
1086745.0500000008
 30
3.0
  0
VERTEX
  8
0
 10
616929.6900000004
 20
1086589.0500000008
 30
3.0
  0
VERTEX
  8
0
 10
616446.1900000004
 20
1086214.0500000007
 30
3.0
  0
VERTEX
  8
0
 10
615650.6900000004
 20
1086012.0500000007
 30
3.0
  0
VERTEX
  8
0
 10
615947.0800000001
 20
1085528.0500000008
 30
3.0
  0
VERTEX
  8
0
 10
617272.7900000000
 20
1086074.0500000008
 30
3.0
  0
VERTEX
  8
0
 10
617631.5899999999
 20
1086448.0500000008
 30
3.0
  0
VERTEX
  8
0
 10
617678.3899999997
 20
1086604.0399999991
 30
3.0
  0
VERTEX
  8
0
 10
617522.3899999997
 20
1086729.0500000008
 30
3.0
  0
VERTEX
  8
0
 10
617257.2900000000
 20
1086745.0500000008
 30
3.0
  0
VERTEX
  8
0
 10
617569.1900000004
 20
1092001.0500000008
 30
3.0
  0
VERTEX
  8
0
 10
618052.7800000003
 20
1093187.0399999991
 30
3.0
  0
VERTEX
  8
0
 10
618614.2900000000
 20
1093951.0500000008
 30
3.0
  0
VERTEX
  8
0
 10
618645.4900000002
 20
1094512.0500000008
 30
3.0
  0
VERTEX
  8
0
 10
618551.8899999997
 20
1094746.0500000007
 30
3.0
  0
VERTEX
  8
0
 10
618286.6900000004
 20
1094715.0500000007
 30
3.0
  0
VERTEX
  8
0
 10
617881.1900000004
 20
1094481.0500000008
 30
3.0
  0
VERTEX
  8
0
 10
617881.1900000004
 20
1094122.0500000007
 30
3.0
  0
VERTEX
  8
0
 10
617787.5899999999
 20
1093826.0399999991
 30
3.0
  0
VERTEX
  8
0
 10
617179.2900000000
 20
1093514.0500000008
 30
3.0
  0
VERTEX
  8
0
 10
617257.2900000000
 20
1093358.0500000008
 30
3.0
  0
VERTEX
  8
0
 10
617569.1900000004
 20
1093265.0500000007
 30
3.0
  0
VERTEX
  8
0
 10
617647.1900000004
 20
1093109.0500000007
 30
3.0
  0
VERTEX
  8
0
 10
616898.4900000002
 20
1092173.0500000007
 30
3.0
  0
VERTEX
  8
0
 10
616711.2800000003
 20
1091315.0500000008
 30
3.0
  0
VERTEX
  8
0
 10
617023.2900000000
 20
1091190.0500000008
 30
3.0
  0
VERTEX
  8
0
 10
617257.2900000000
 20
1091330.0500000007
 30
3.0
  0
VERTEX
  8
0
 10
617428.7900000000
 20
1091658.0500000008
 30
3.0
  0
VERTEX
  8
0
 10
617569.1900000004
 20
1092001.0500000008
 30
3.0
  0
VERTEX
  8
0
 10
634788.9900000002
 20
1099301.0500000007
 30
3.0
  0
VERTEX
  8
0
 10
634445.7900000000
 20
1099597.0500000008
 30
3.0
  0
VERTEX
  8
0
 10
633899.8899999997
 20
1099691.0500000008
 30
3.0
  0
VERTEX
  8
0
 10
633478.7900000000
 20
1100174.0500000007
 30
3.0
  0
VERTEX
  8
0
 10
633244.7900000000
 20
1100252.0500000008
 30
3.0
  0
VERTEX
  8
0
 10
633166.7900000000
 20
1100174.0500000007
 30
3.0
  0
VERTEX
  8
0
 10
633135.6900000004
 20
1099363.0500000007
 30
3.0
  0
VERTEX
  8
0
 10
632917.2900000000
 20
1099363.0500000007
 30
3.0
  0
VERTEX
  8
0
 10
632542.8799999999
 20
1099223.0500000008
 30
3.0
  0
VERTEX
  8
0
 10
632386.9900000002
 20
1099020.0500000007
 30
3.0
  0
VERTEX
  8
0
 10
632340.1900000004
 20
1098739.0399999991
 30
3.0
  0
VERTEX
  8
0
 10
632184.1900000004
 20
1098583.0500000008
 30
3.0
  0
VERTEX
  8
0
 10
631778.6799999997
 20
1098677.0500000008
 30
3.0
  0
VERTEX
  8
0
 10
631591.4900000002
 20
1098927.0500000008
 30
3.0
  0
VERTEX
  8
0
 10
631560.2900000000
 20
1099176.0500000007
 30
3.0
  0
VERTEX
  8
0
 10
631747.4900000002
 20
1099862.0500000007
 30
3.0
  0
VERTEX
  8
0
 10
631575.7900000000
 20
1100751.0500000008
 30
3.0
  0
VERTEX
  8
0
 10
631762.9800000004
 20
1100954.0500000008
 30
3.0
  0
VERTEX
  8
0
 10
632137.3899999997
 20
1101173.0500000008
 30
3.0
  0
VERTEX
  8
0
 10
632449.2900000000
 20
1101516.0500000008
 30
3.0
  0
VERTEX
  8
0
 10
632542.8799999999
 20
1101781.0500000007
 30
3.0
  0
VERTEX
  8
0
 10
632542.8799999999
 20
1101984.0500000008
 30
3.0
  0
VERTEX
  8
0
 10
632371.2900000000
 20
1102545.0500000008
 30
3.0
  0
VERTEX
  8
0
 10
632418.1900000004
 20
1102904.0500000007
 30
3.0
  0
VERTEX
  8
0
 10
632558.4900000002
 20
1103107.0500000008
 30
3.0
  0
VERTEX
  8
0
 10
632792.4900000002
 20
1103278.0500000008
 30
3.0
  0
VERTEX
  8
0
 10
633244.7900000000
 20
1103777.0500000008
 30
3.0
  0
VERTEX
  8
0
 10
633291.5899999999
 20
1103949.0500000008
 30
3.0
  0
VERTEX
  8
0
 10
633119.9900000002
 20
1104791.0500000007
 30
3.0
  0
VERTEX
  8
0
 10
633275.9900000002
 20
1105010.0500000007
 30
3.0
  0
VERTEX
  8
0
 10
633650.2900000000
 20
1105290.0500000008
 30
3.0
  0
VERTEX
  8
0
 10
633962.2900000000
 20
1105665.0500000007
 30
3.0
  0
VERTEX
  8
0
 10
634118.2900000000
 20
1105618.0500000008
 30
3.0
  0
VERTEX
  8
0
 10
634274.2900000000
 20
1105462.0500000008
 30
3.0
  0
VERTEX
  8
0
 10
634258.6900000004
 20
1105259.0500000007
 30
3.0
  0
VERTEX
  8
0
 10
634133.8899999997
 20
1105056.0500000008
 30
3.0
  0
VERTEX
  8
0
 10
634102.6900000004
 20
1104713.0500000008
 30
3.0
  0
VERTEX
  8
0
 10
634243.0899999999
 20
1104588.0500000008
 30
3.0
  0
VERTEX
  8
0
 10
634305.4900000002
 20
1103637.0500000008
 30
3.0
  0
VERTEX
  8
0
 10
634664.1900000004
 20
1102951.0500000008
 30
3.0
  0
VERTEX
  8
0
 10
634601.7900000000
 20
1102124.0500000007
 30
3.0
  0
VERTEX
  8
0
 10
634445.7900000000
 20
1101812.0500000007
 30
3.0
  0
VERTEX
  8
0
 10
634398.9900000002
 20
1101344.0500000008
 30
3.0
  0
VERTEX
  8
0
 10
634508.1900000004
 20
1101204.0500000008
 30
3.0
  0
VERTEX
  8
0
 10
634726.5899999999
 20
1101173.0500000008
 30
3.0
  0
VERTEX
  8
0
 10
634976.1900000004
 20
1101625.0500000008
 30
3.0
  0
VERTEX
  8
0
 10
635350.4900000002
 20
1103013.0399999991
 30
3.0
  0
VERTEX
  8
0
 10
635506.4900000002
 20
1103153.0500000008
 30
3.0
  0
VERTEX
  8
0
 10
635896.3899999997
 20
1103185.0500000007
 30
3.0
  0
VERTEX
  8
0
 10
635943.1900000004
 20
1103231.0500000008
 30
3.0
  0
VERTEX
  8
0
 10
635974.3799999999
 20
1104167.0500000007
 30
3.0
  0
VERTEX
  8
0
 10
636052.3899999997
 20
1104261.0500000007
 30
3.0
  0
VERTEX
  8
0
 10
636364.2900000000
 20
1104323.0500000007
 30
3.0
  0
VERTEX
  8
0
 10
636972.6799999997
 20
1105571.0500000008
 30
3.0
  0
VERTEX
  8
0
 10
637159.7900000000
 20
1105524.0500000008
 30
3.0
  0
VERTEX
  8
0
 10
637424.9900000002
 20
1105322.0399999991
 30
3.0
  0
VERTEX
  8
0
 10
637393.7900000000
 20
1104339.0399999991
 30
3.0
  0
VERTEX
  8
0
 10
637534.1900000004
 20
1103809.0500000008
 30
3.0
  0
VERTEX
  8
0
 10
637409.3799999999
 20
1103169.0500000008
 30
3.0
  0
VERTEX
  8
0
 10
637440.5899999999
 20
1102904.0500000007
 30
3.0
  0
VERTEX
  8
0
 10
637877.2900000000
 20
1101890.0500000008
 30
3.0
  0
VERTEX
  8
0
 10
637846.0800000001
 20
1101219.0500000007
 30
3.0
  0
VERTEX
  8
0
 10
638064.4900000002
 20
1100455.0500000007
 30
3.0
  0
VERTEX
  8
0
 10
638142.4900000002
 20
1100190.0500000008
 30
3.0
  0
VERTEX
  8
0
 10
637331.3899999997
 20
1099816.0500000008
 30
3.0
  0
VERTEX
  8
0
 10
637222.1900000004
 20
1099582.0500000007
 30
3.0
  0
VERTEX
  8
0
 10
636894.6900000004
 20
1099738.0500000007
 30
3.0
  0
VERTEX
  8
0
 10
636707.4900000002
 20
1099753.0500000008
 30
3.0
  0
VERTEX
  8
0
 10
636504.6900000004
 20
1099691.0500000008
 30
3.0
  0
VERTEX
  8
0
 10
636192.7900000000
 20
1099363.0500000007
 30
3.0
  0
VERTEX
  8
0
 10
635755.9900000002
 20
1098396.0500000008
 30
3.0
  0
VERTEX
  8
0
 10
635428.4900000002
 20
1098256.0500000007
 30
3.0
  0
VERTEX
  8
0
 10
635116.4900000002
 20
1098303.0500000008
 30
3.0
  0
VERTEX
  8
0
 10
634742.1900000004
 20
1098677.0500000008
 30
3.0
  0
VERTEX
  8
0
 10
634788.9900000002
 20
1099301.0500000007
 30
3.0
  0
VERTEX
  8
0
 10
667231.9900000002
 20
1059277.0500000007
 30
3.0
  0
VERTEX
  8
0
 10
667044.7900000000
 20
1059324.0500000008
 30
3.0
  0
VERTEX
  8
0
 10
666841.9900000002
 20
1059511.0500000008
 30
3.0
  0
VERTEX
  8
0
 10
666686.0899999999
 20
1059761.0500000008
 30
3.0
  0
VERTEX
  8
0
 10
666608.0899999999
 20
1059792.0500000008
 30
3.0
  0
VERTEX
  8
0
 10
666452.0899999999
 20
1059683.0500000007
 30
3.0
  0
VERTEX
  8
0
 10
666249.2900000000
 20
1059293.0500000008
 30
3.0
  0
VERTEX
  8
0
 10
666124.5899999999
 20
1059293.0500000008
 30
3.0
  0
VERTEX
  8
0
 10
665984.1900000004
 20
1059418.0500000008
 30
3.0
  0
VERTEX
  8
0
 10
665937.3899999997
 20
1059589.0500000007
 30
3.0
  0
VERTEX
  8
0
 10
665999.7900000000
 20
1059979.0500000008
 30
3.0
  0
VERTEX
  8
0
 10
666249.2900000000
 20
1060400.0500000007
 30
3.0
  0
VERTEX
  8
0
 10
666686.0899999999
 20
1060744.0500000007
 30
3.0
  0
VERTEX
  8
0
 10
667341.1900000004
 20
1061134.0500000008
 30
3.0
  0
VERTEX
  8
0
 10
667746.6900000004
 20
1061711.0500000008
 30
3.0
  0
VERTEX
  8
0
 10
668011.7900000000
 20
1061867.0500000008
 30
3.0
  0
VERTEX
  8
0
 10
668214.6900000004
 20
1061882.0500000007
 30
3.0
  0
VERTEX
  8
0
 10
668417.3899999997
 20
1061726.0500000007
 30
3.0
  0
VERTEX
  8
0
 10
668479.7900000000
 20
1061570.0500000007
 30
3.0
  0
VERTEX
  8
0
 10
668401.7900000000
 20
1061399.0500000008
 30
3.0
  0
VERTEX
  8
0
 10
668464.1900000004
 20
1061009.0500000008
 30
3.0
  0
VERTEX
  8
0
 10
668386.1799999997
 20
1060775.0500000007
 30
3.0
  0
VERTEX
  8
0
 10
668136.6900000004
 20
1060541.0500000008
 30
3.0
  0
VERTEX
  8
0
 10
668043.0899999999
 20
1060307.0500000007
 30
3.0
  0
VERTEX
  8
0
 10
667996.2900000000
 20
1059917.0500000008
 30
3.0
  0
VERTEX
  8
0
 10
667824.6900000004
 20
1059636.0500000008
 30
3.0
  0
VERTEX
  8
0
 10
667434.7900000000
 20
1059309.0500000008
 30
3.0
  0
VERTEX
  8
0
 10
667231.9900000002
 20
1059277.0500000007
 30
3.0
  0
VERTEX
  8
0
 10
666374.1900000004
 20
1063567.0500000007
 30
3.0
  0
VERTEX
  8
0
 10
666280.4800000004
 20
1063255.0500000007
 30
3.0
  0
VERTEX
  8
0
 10
666311.6900000004
 20
1063068.0500000007
 30
3.0
  0
VERTEX
  8
0
 10
666436.4900000002
 20
1063068.0500000007
 30
3.0
  0
VERTEX
  8
0
 10
666686.0899999999
 20
1063520.0500000008
 30
3.0
  0
VERTEX
  8
0
 10
666592.4900000002
 20
1064050.0500000007
 30
3.0
  0
VERTEX
  8
0
 10
666608.0899999999
 20
1064315.0500000008
 30
3.0
  0
VERTEX
  8
0
 10
666717.2900000000
 20
1064503.0500000008
 30
3.0
  0
VERTEX
  8
0
 10
667091.5899999999
 20
1064659.0500000008
 30
3.0
  0
VERTEX
  8
0
 10
667403.5899999999
 20
1064612.0500000007
 30
3.0
  0
VERTEX
  8
0
 10
667699.8899999997
 20
1064409.0500000008
 30
3.0
  0
VERTEX
  8
0
 10
667933.8899999997
 20
1063988.0500000008
 30
3.0
  0
VERTEX
  8
0
 10
667965.0899999999
 20
1063676.0500000008
 30
3.0
  0
VERTEX
  8
0
 10
667746.6900000004
 20
1063177.0500000008
 30
3.0
  0
VERTEX
  8
0
 10
667465.9900000002
 20
1062865.0500000008
 30
3.0
  0
VERTEX
  8
0
 10
667247.5899999999
 20
1062428.0500000008
 30
3.0
  0
VERTEX
  8
0
 10
667231.9900000002
 20
1061929.0500000008
 30
3.0
  0
VERTEX
  8
0
 10
667185.1900000004
 20
1061851.0500000007
 30
3.0
  0
VERTEX
  8
0
 10
666795.2900000000
 20
1061851.0500000007
 30
3.0
  0
VERTEX
  8
0
 10
666296.1799999997
 20
1061991.0399999991
 30
3.0
  0
VERTEX
  8
0
 10
666093.2900000000
 20
1061882.0500000007
 30
3.0
  0
VERTEX
  8
0
 10
665687.7900000000
 20
1061414.0500000008
 30
3.0
  0
VERTEX
  8
0
 10
665594.1900000004
 20
1061227.0500000008
 30
3.0
  0
VERTEX
  8
0
 10
665407.0800000001
 20
1061149.0500000008
 30
3.0
  0
VERTEX
  8
0
 10
665095.0899999999
 20
1061445.0500000007
 30
3.0
  0
VERTEX
  8
0
 10
665079.4900000002
 20
1062069.0500000007
 30
3.0
  0
VERTEX
  8
0
 10
664907.9900000002
 20
1062319.0500000007
 30
3.0
  0
VERTEX
  8
0
 10
664689.5899999999
 20
1062366.0500000008
 30
3.0
  0
VERTEX
  8
0
 10
664611.5899999999
 20
1062319.0500000007
 30
3.0
  0
VERTEX
  8
0
 10
664549.1900000004
 20
1061976.0500000008
 30
3.0
  0
VERTEX
  8
0
 10
664705.1900000004
 20
1061570.0500000007
 30
3.0
  0
VERTEX
  8
0
 10
664627.1799999997
 20
1061461.0500000008
 30
3.0
  0
VERTEX
  8
0
 10
664408.7900000000
 20
1061430.0500000008
 30
3.0
  0
VERTEX
  8
0
 10
664252.7900000000
 20
1061492.0500000008
 30
3.0
  0
VERTEX
  8
0
 10
663644.4900000002
 20
1062194.0500000007
 30
3.0
  0
VERTEX
  8
0
 10
662755.4900000002
 20
1062787.0500000007
 30
3.0
  0
VERTEX
  8
0
 10
662661.8899999997
 20
1063130.0500000007
 30
3.0
  0
VERTEX
  8
0
 10
662942.6900000004
 20
1063286.0500000007
 30
3.0
  0
VERTEX
  8
0
 10
663176.5899999999
 20
1063286.0500000007
 30
3.0
  0
VERTEX
  8
0
 10
663488.5899999999
 20
1063192.0500000008
 30
3.0
  0
VERTEX
  8
0
 10
664439.9900000002
 20
1063567.0500000007
 30
3.0
  0
VERTEX
  8
0
 10
664829.9900000002
 20
1063395.0500000008
 30
3.0
  0
VERTEX
  8
0
 10
665578.6900000004
 20
1063395.0500000008
 30
3.0
  0
VERTEX
  8
0
 10
665656.6900000004
 20
1063317.0399999991
 30
3.0
  0
VERTEX
  8
0
 10
665656.6900000004
 20
1063161.0500000007
 30
3.0
  0
VERTEX
  8
0
 10
665422.6900000004
 20
1062958.0500000008
 30
3.0
  0
VERTEX
  8
0
 10
665360.2900000000
 20
1062771.0500000008
 30
3.0
  0
VERTEX
  8
0
 10
665485.0899999999
 20
1062615.0500000008
 30
3.0
  0
VERTEX
  8
0
 10
665672.1900000004
 20
1062693.0500000007
 30
3.0
  0
VERTEX
  8
0
 10
665796.9900000002
 20
1062927.0500000008
 30
3.0
  0
VERTEX
  8
0
 10
665952.9800000004
 20
1063551.0500000008
 30
3.0
  0
VERTEX
  8
0
 10
666108.9900000002
 20
1063785.0500000008
 30
3.0
  0
VERTEX
  8
0
 10
666218.1900000004
 20
1063785.0500000008
 30
3.0
  0
VERTEX
  8
0
 10
666342.8899999997
 20
1063692.0500000007
 30
3.0
  0
VERTEX
  8
0
 10
666374.1900000004
 20
1063567.0500000007
 30
3.0
  0
VERTEX
  8
0
 10
663285.7900000000
 20
1068262.0500000008
 30
3.0
  0
VERTEX
  8
0
 10
663987.6900000004
 20
1068324.0500000008
 30
3.0
  0
VERTEX
  8
0
 10
664424.3899999997
 20
1068277.0500000008
 30
3.0
  0
VERTEX
  8
0
 10
664330.7900000000
 20
1067965.0500000007
 30
3.0
  0
VERTEX
  8
0
 10
663972.0899999999
 20
1067653.0500000007
 30
3.0
  0
VERTEX
  8
0
 10
663098.6900000004
 20
1067217.0500000008
 30
3.0
  0
VERTEX
  8
0
 10
662568.2900000000
 20
1067107.0500000008
 30
3.0
  0
VERTEX
  8
0
 10
659370.7900000000
 20
1067014.0500000008
 30
3.0
  0
VERTEX
  8
0
 10
659370.7900000000
 20
1066920.0500000008
 30
3.0
  0
VERTEX
  8
0
 10
659495.5899999999
 20
1066842.0500000007
 30
3.0
  0
VERTEX
  8
0
 10
660010.2900000000
 20
1066795.0500000008
 30
3.0
  0
VERTEX
  8
0
 10
661070.9900000002
 20
1066873.0500000007
 30
3.0
  0
VERTEX
  8
0
 10
661788.3899999997
 20
1066733.0500000008
 30
3.0
  0
VERTEX
  8
0
 10
662459.1900000004
 20
1066749.0500000008
 30
3.0
  0
VERTEX
  8
0
 10
662677.4900000002
 20
1066593.0500000008
 30
3.0
  0
VERTEX
  8
0
 10
661881.9900000002
 20
1066203.0500000008
 30
3.0
  0
VERTEX
  8
0
 10
661148.8899999997
 20
1065485.0500000007
 30
3.0
  0
VERTEX
  8
0
 10
660665.3899999997
 20
1065376.0500000008
 30
3.0
  0
VERTEX
  8
0
 10
660306.6900000004
 20
1065392.0500000007
 30
3.0
  0
VERTEX
  8
0
 10
659526.7900000000
 20
1064939.0500000008
 30
3.0
  0
VERTEX
  8
0
 10
658559.6900000004
 20
1064612.0500000007
 30
3.0
  0
VERTEX
  8
0
 10
658356.9900000002
 20
1064705.0500000007
 30
3.0
  0
VERTEX
  8
0
 10
658247.7900000000
 20
1064830.0500000007
 30
3.0
  0
VERTEX
  8
0
 10
658076.1900000004
 20
1065626.0399999991
 30
3.0
  0
VERTEX
  8
0
 10
657842.1900000004
 20
1065782.0500000008
 30
3.0
  0
VERTEX
  8
0
 10
657732.9900000002
 20
1065782.0500000008
 30
3.0
  0
VERTEX
  8
0
 10
657655.0800000001
 20
1065641.0500000007
 30
3.0
  0
VERTEX
  8
0
 10
657311.8899999997
 20
1065438.0500000008
 30
3.0
  0
VERTEX
  8
0
 10
657093.4800000004
 20
1065579.0500000007
 30
3.0
  0
VERTEX
  8
0
 10
656968.7900000000
 20
1065454.0500000007
 30
3.0
  0
VERTEX
  8
0
 10
656953.1900000004
 20
1065251.0500000008
 30
3.0
  0
VERTEX
  8
0
 10
657062.2900000000
 20
1064939.0500000008
 30
3.0
  0
VERTEX
  8
0
 10
657187.1900000004
 20
1063941.0500000008
 30
3.0
  0
VERTEX
  8
0
 10
657062.2900000000
 20
1063707.0500000008
 30
3.0
  0
VERTEX
  8
0
 10
656578.7900000000
 20
1063442.0500000007
 30
3.0
  0
VERTEX
  8
0
 10
656032.8899999997
 20
1063317.0399999991
 30
3.0
  0
VERTEX
  8
0
 10
655798.9900000002
 20
1063317.0399999991
 30
3.0
  0
VERTEX
  8
0
 10
655440.1799999997
 20
1063567.0500000007
 30
3.0
  0
VERTEX
  8
0
 10
655143.7900000000
 20
1063692.0500000007
 30
3.0
  0
VERTEX
  8
0
 10
655050.2900000000
 20
1063489.0500000008
 30
3.0
  0
VERTEX
  8
0
 10
655190.6900000004
 20
1063146.0500000008
 30
3.0
  0
VERTEX
  8
0
 10
655034.6900000004
 20
1063021.0500000008
 30
3.0
  0
VERTEX
  8
0
 10
654987.8899999997
 20
1063052.0500000008
 30
3.0
  0
VERTEX
  8
0
 10
654800.6900000004
 20
1063099.0500000007
 30
3.0
  0
VERTEX
  8
0
 10
654691.4900000002
 20
1063224.0500000007
 30
3.0
  0
VERTEX
  8
0
 10
654644.6900000004
 20
1063395.0500000008
 30
3.0
  0
VERTEX
  8
0
 10
654348.2900000000
 20
1063551.0500000008
 30
3.0
  0
VERTEX
  8
0
 10
653615.2900000000
 20
1062958.0500000008
 30
3.0
  0
VERTEX
  8
0
 10
653412.4900000002
 20
1062912.0500000007
 30
3.0
  0
VERTEX
  8
0
 10
653209.6900000004
 20
1062958.0500000008
 30
3.0
  0
VERTEX
  8
0
 10
653022.5899999999
 20
1063083.0500000008
 30
3.0
  0
VERTEX
  8
0
 10
651587.5899999999
 20
1063442.0500000007
 30
3.0
  0
VERTEX
  8
0
 10
651556.3899999997
 20
1063614.0500000008
 30
3.0
  0
VERTEX
  8
0
 10
651790.2900000000
 20
1063848.0500000007
 30
3.0
  0
VERTEX
  8
0
 10
652071.0899999999
 20
1063957.0500000008
 30
3.0
  0
VERTEX
  8
0
 10
652850.9900000002
 20
1063848.0500000007
 30
3.0
  0
VERTEX
  8
0
 10
653022.5899999999
 20
1063957.0500000008
 30
3.0
  0
VERTEX
  8
0
 10
653100.5899999999
 20
1064503.0500000008
 30
3.0
  0
VERTEX
  8
0
 10
653350.1799999997
 20
1064627.0500000008
 30
3.0
  0
VERTEX
  8
0
 10
653630.8899999997
 20
1064659.0500000008
 30
3.0
  0
VERTEX
  8
0
 10
654129.9900000002
 20
1064518.0500000007
 30
3.0
  0
VERTEX
  8
0
 10
654441.9900000002
 20
1064503.0500000008
 30
3.0
  0
VERTEX
  8
0
 10
656048.4900000002
 20
1064986.0500000007
 30
3.0
  0
VERTEX
  8
0
 10
656204.4900000002
 20
1065205.0500000007
 30
3.0
  0
VERTEX
  8
0
 10
656142.0899999999
 20
1065282.0399999991
 30
3.0
  0
VERTEX
  8
0
 10
655830.1900000004
 20
1065345.0500000008
 30
3.0
  0
VERTEX
  8
0
 10
655705.2900000000
 20
1065610.0500000007
 30
3.0
  0
VERTEX
  8
0
 10
655830.1900000004
 20
1065782.0500000008
 30
3.0
  0
VERTEX
  8
0
 10
656110.8799999999
 20
1066000.0500000008
 30
3.0
  0
VERTEX
  8
0
 10
656578.7900000000
 20
1066749.0500000008
 30
3.0
  0
VERTEX
  8
0
 10
656781.5899999999
 20
1066905.0500000008
 30
3.0
  0
VERTEX
  8
0
 10
657062.2900000000
 20
1066951.0500000008
 30
3.0
  0
VERTEX
  8
0
 10
657389.8899999997
 20
1066764.0500000008
 30
3.0
  0
VERTEX
  8
0
 10
657842.1900000004
 20
1066827.0500000008
 30
3.0
  0
VERTEX
  8
0
 10
658076.1900000004
 20
1066920.0500000008
 30
3.0
  0
VERTEX
  8
0
 10
658840.4900000002
 20
1067700.0500000008
 30
3.0
  0
VERTEX
  8
0
 10
659620.2900000000
 20
1068698.0500000008
 30
3.0
  0
VERTEX
  8
0
 10
659932.2900000000
 20
1068605.0500000008
 30
3.0
  0
VERTEX
  8
0
 10
659979.0800000001
 20
1068464.0500000008
 30
3.0
  0
VERTEX
  8
0
 10
659885.4900000002
 20
1068137.0500000008
 30
3.0
  0
VERTEX
  8
0
 10
660244.2900000000
 20
1067887.0500000008
 30
3.0
  0
VERTEX
  8
0
 10
660103.8899999997
 20
1067731.0500000008
 30
3.0
  0
VERTEX
  8
0
 10
660103.8899999997
 20
1067653.0500000007
 30
3.0
  0
VERTEX
  8
0
 10
660306.6900000004
 20
1067544.0500000008
 30
3.0
  0
VERTEX
  8
0
 10
661070.9900000002
 20
1067903.0500000007
 30
3.0
  0
VERTEX
  8
0
 10
661336.0899999999
 20
1067903.0500000007
 30
3.0
  0
VERTEX
  8
0
 10
661959.9900000002
 20
1067669.0500000008
 30
3.0
  0
VERTEX
  8
0
 10
662318.6900000004
 20
1067716.0500000007
 30
3.0
  0
VERTEX
  8
0
 10
662911.4900000002
 20
1067918.0500000008
 30
3.0
  0
VERTEX
  8
0
 10
663285.7900000000
 20
1068262.0500000008
 30
3.0
  0
VERTEX
  8
0
 10
664595.9900000002
 20
1064971.0500000008
 30
3.0
  0
VERTEX
  8
0
 10
665079.4900000002
 20
1064846.0500000008
 30
3.0
  0
VERTEX
  8
0
 10
665360.2900000000
 20
1064877.0500000008
 30
3.0
  0
VERTEX
  8
0
 10
665516.2800000003
 20
1064986.0500000007
 30
3.0
  0
VERTEX
  8
0
 10
665562.9900000002
 20
1065189.0500000008
 30
3.0
  0
VERTEX
  8
0
 10
665422.6900000004
 20
1065626.0399999991
 30
3.0
  0
VERTEX
  8
0
 10
665469.4900000002
 20
1066172.0500000007
 30
3.0
  0
VERTEX
  8
0
 10
665640.9900000002
 20
1066764.0500000008
 30
3.0
  0
VERTEX
  8
0
 10
666436.4900000002
 20
1067809.0500000007
 30
3.0
  0
VERTEX
  8
0
 10
666561.2900000000
 20
1068199.0500000008
 30
3.0
  0
VERTEX
  8
0
 10
666561.2900000000
 20
1068480.0500000008
 30
3.0
  0
VERTEX
  8
0
 10
666405.2900000000
 20
1069291.0500000007
 30
3.0
  0
VERTEX
  8
0
 10
666452.0899999999
 20
1069509.0500000007
 30
3.0
  0
VERTEX
  8
0
 10
666608.0899999999
 20
1069712.0500000008
 30
3.0
  0
VERTEX
  8
0
 10
667029.1900000004
 20
1069775.0500000008
 30
3.0
  0
VERTEX
  8
0
 10
667372.2900000000
 20
1070149.0500000008
 30
3.0
  0
VERTEX
  8
0
 10
667606.2800000003
 20
1070274.0500000008
 30
3.0
  0
VERTEX
  8
0
 10
668245.7900000000
 20
1070180.0500000008
 30
3.0
  0
VERTEX
  8
0
 10
667824.6900000004
 20
1068402.0500000008
 30
3.0
  0
VERTEX
  8
0
 10
667044.7900000000
 20
1067107.0500000008
 30
3.0
  0
VERTEX
  8
0
 10
666935.6900000004
 20
1066608.0500000008
 30
3.0
  0
VERTEX
  8
0
 10
666919.9900000002
 20
1066062.0500000008
 30
3.0
  0
VERTEX
  8
0
 10
666826.4900000002
 20
1065470.0500000008
 30
3.0
  0
VERTEX
  8
0
 10
666701.6900000004
 20
1065236.0500000007
 30
3.0
  0
VERTEX
  8
0
 10
666452.0899999999
 20
1064971.0500000008
 30
3.0
  0
VERTEX
  8
0
 10
665859.3899999997
 20
1064690.0500000008
 30
3.0
  0
VERTEX
  8
0
 10
665001.4900000002
 20
1063707.0500000008
 30
3.0
  0
VERTEX
  8
0
 10
664736.3799999999
 20
1063738.0500000008
 30
3.0
  0
VERTEX
  8
0
 10
664346.4900000002
 20
1064035.0500000008
 30
3.0
  0
VERTEX
  8
0
 10
664315.1900000004
 20
1064596.0500000008
 30
3.0
  0
VERTEX
  8
0
 10
664439.9900000002
 20
1064939.0500000008
 30
3.0
  0
VERTEX
  8
0
 10
664595.9900000002
 20
1064971.0500000008
 30
3.0
  0
VERTEX
  8
0
 10
670990.9900000002
 20
1067357.0500000008
 30
3.0
  0
VERTEX
  8
0
 10
671349.7900000000
 20
1067653.0500000007
 30
3.0
  0
VERTEX
  8
0
 10
671474.4800000004
 20
1067607.0500000008
 30
3.0
  0
VERTEX
  8
0
 10
671552.4900000002
 20
1067326.0500000008
 30
3.0
  0
VERTEX
  8
0
 10
671458.9900000002
 20
1066967.0500000007
 30
3.0
  0
VERTEX
  8
0
 10
671162.5899999999
 20
1066624.0500000008
 30
3.0
  0
VERTEX
  8
0
 10
670756.9900000002
 20
1066374.0500000008
 30
3.0
  0
VERTEX
  8
0
 10
670086.2900000000
 20
1066265.0399999991
 30
3.0
  0
VERTEX
  8
0
 10
669618.3899999997
 20
1065938.0500000008
 30
3.0
  0
VERTEX
  8
0
 10
669446.7900000000
 20
1065610.0500000007
 30
3.0
  0
VERTEX
  8
0
 10
669197.2900000000
 20
1065392.0500000007
 30
3.0
  0
VERTEX
  8
0
 10
668885.2900000000
 20
1065360.0500000007
 30
3.0
  0
VERTEX
  8
0
 10
667933.8899999997
 20
1065672.0500000008
 30
3.0
  0
VERTEX
  8
0
 10
667809.0899999999
 20
1066187.0500000008
 30
3.0
  0
VERTEX
  8
0
 10
668167.7900000000
 20
1066873.0500000007
 30
3.0
  0
VERTEX
  8
0
 10
668542.1900000004
 20
1067357.0500000008
 30
3.0
  0
VERTEX
  8
0
 10
668635.7900000000
 20
1067934.0500000007
 30
3.0
  0
VERTEX
  8
0
 10
668479.7900000000
 20
1068730.0500000008
 30
3.0
  0
VERTEX
  8
0
 10
668604.5899999999
 20
1069088.0500000008
 30
3.0
  0
VERTEX
  8
0
 10
668963.2900000000
 20
1069712.0500000008
 30
3.0
  0
VERTEX
  8
0
 10
668994.4900000002
 20
1070118.0500000008
 30
3.0
  0
VERTEX
  8
0
 10
669711.9800000004
 20
1070523.0500000008
 30
3.0
  0
VERTEX
  8
0
 10
670164.2900000000
 20
1070976.0500000007
 30
3.0
  0
VERTEX
  8
0
 10
670460.6900000004
 20
1071022.0500000008
 30
3.0
  0
VERTEX
  8
0
 10
670632.2900000000
 20
1070976.0500000007
 30
3.0
  0
VERTEX
  8
0
 10
670710.2800000003
 20
1070882.0500000008
 30
3.0
  0
VERTEX
  8
0
 10
670772.6900000004
 20
1070617.0500000008
 30
3.0
  0
VERTEX
  8
0
 10
670725.7900000000
 20
1070211.0500000008
 30
3.0
  0
VERTEX
  8
0
 10
670476.2900000000
 20
1069697.0500000007
 30
3.0
  0
VERTEX
  8
0
 10
670335.8899999997
 20
1068808.0500000007
 30
3.0
  0
VERTEX
  8
0
 10
670413.8899999997
 20
1068012.0500000008
 30
3.0
  0
VERTEX
  8
0
 10
670320.2900000000
 20
1067170.0500000008
 30
3.0
  0
VERTEX
  8
0
 10
670460.6900000004
 20
1066858.0500000008
 30
3.0
  0
VERTEX
  8
0
 10
670585.4900000002
 20
1066811.0500000007
 30
3.0
  0
VERTEX
  8
0
 10
670772.6900000004
 20
1066951.0500000008
 30
3.0
  0
VERTEX
  8
0
 10
670990.9900000002
 20
1067357.0500000008
 30
3.0
  0
VERTEX
  8
0
 10
671474.4800000004
 20
1070118.0500000008
 30
3.0
  0
VERTEX
  8
0
 10
671599.2900000000
 20
1070414.0500000007
 30
3.0
  0
VERTEX
  8
0
 10
672332.3899999997
 20
1071225.0500000008
 30
3.0
  0
VERTEX
  8
0
 10
672332.3899999997
 20
1069010.0500000007
 30
3.0
  0
VERTEX
  8
0
 10
672098.4900000002
 20
1068652.0500000007
 30
3.0
  0
VERTEX
  8
0
 10
671817.6799999997
 20
1068433.0500000008
 30
3.0
  0
VERTEX
  8
0
 10
671505.6900000004
 20
1068480.0500000008
 30
3.0
  0
VERTEX
  8
0
 10
671458.9900000002
 20
1068605.0500000008
 30
3.0
  0
VERTEX
  8
0
 10
671474.4800000004
 20
1068886.0500000008
 30
3.0
  0
VERTEX
  8
0
 10
671630.4900000002
 20
1069197.0500000007
 30
3.0
  0
VERTEX
  8
0
 10
672051.6900000004
 20
1069728.0500000007
 30
3.0
  0
VERTEX
  8
0
 10
672129.6900000004
 20
1069962.0500000008
 30
3.0
  0
VERTEX
  8
0
 10
672098.4900000002
 20
1070087.0500000008
 30
3.0
  0
VERTEX
  8
0
 10
671739.6900000004
 20
1069899.0500000008
 30
3.0
  0
VERTEX
  8
0
 10
671552.4900000002
 20
1069868.0500000008
 30
3.0
  0
VERTEX
  8
0
 10
671474.4800000004
 20
1070118.0500000008
 30
3.0
  0
VERTEX
  8
0
 10
653022.5899999999
 20
1075608.0500000008
 30
3.0
  0
VERTEX
  8
0
 10
653131.7900000000
 20
1075561.0500000008
 30
3.0
  0
VERTEX
  8
0
 10
653240.9800000004
 20
1075296.0500000008
 30
3.0
  0
VERTEX
  8
0
 10
653022.5899999999
 20
1075608.0500000008
 30
3.0
  0
VERTEX
  8
0
 10
657795.4900000002
 20
1087182.0500000007
 30
3.0
  0
VERTEX
  8
0
 10
658107.3899999997
 20
1087447.0500000008
 30
3.0
  0
VERTEX
  8
0
 10
658466.1900000004
 20
1087556.0500000007
 30
3.0
  0
VERTEX
  8
0
 10
658590.8899999997
 20
1087509.0500000008
 30
3.0
  0
VERTEX
  8
0
 10
658684.4900000002
 20
1087166.0500000008
 30
3.0
  0
VERTEX
  8
0
 10
658606.4900000002
 20
1086963.0500000007
 30
3.0
  0
VERTEX
  8
0
 10
658169.7900000000
 20
1086589.0500000008
 30
3.0
  0
VERTEX
  8
0
 10
658232.1900000004
 20
1086230.0500000008
 30
3.0
  0
VERTEX
  8
0
 10
658466.1900000004
 20
1086370.0500000007
 30
3.0
  0
VERTEX
  8
0
 10
658731.2900000000
 20
1086963.0500000007
 30
3.0
  0
VERTEX
  8
0
 10
658856.0899999999
 20
1086963.0500000007
 30
3.0
  0
VERTEX
  8
0
 10
658918.4900000002
 20
1086682.0500000007
 30
3.0
  0
VERTEX
  8
0
 10
658700.0899999999
 20
1086012.0500000007
 30
3.0
  0
VERTEX
  8
0
 10
658762.4800000004
 20
1085700.0500000007
 30
3.0
  0
VERTEX
  8
0
 10
658871.6799999997
 20
1085622.0500000008
 30
3.0
  0
VERTEX
  8
0
 10
659058.7900000000
 20
1085871.0500000008
 30
3.0
  0
VERTEX
  8
0
 10
659308.3799999999
 20
1086480.0500000008
 30
3.0
  0
VERTEX
  8
0
 10
659089.9800000004
 20
1087119.0500000007
 30
3.0
  0
VERTEX
  8
0
 10
659027.6900000004
 20
1088071.0500000008
 30
3.0
  0
VERTEX
  8
0
 10
658606.4900000002
 20
1088242.0500000008
 30
3.0
  0
VERTEX
  8
0
 10
658497.2900000000
 20
1088445.0500000008
 30
3.0
  0
VERTEX
  8
0
 10
658528.4900000002
 20
1088585.0500000008
 30
3.0
  0
VERTEX
  8
0
 10
658824.8899999997
 20
1088866.0500000008
 30
3.0
  0
VERTEX
  8
0
 10
658918.4900000002
 20
1089256.0500000007
 30
3.0
  0
VERTEX
  8
0
 10
659043.2900000000
 20
1089334.0500000008
 30
3.0
  0
VERTEX
  8
0
 10
659199.1799999997
 20
1089256.0500000007
 30
3.0
  0
VERTEX
  8
0
 10
659245.9900000002
 20
1089272.0500000008
 30
3.0
  0
VERTEX
  8
0
 10
659308.3799999999
 20
1089038.0500000008
 30
3.0
  0
VERTEX
  8
0
 10
659230.3899999997
 20
1088928.0500000008
 30
3.0
  0
VERTEX
  8
0
 10
659214.7900000000
 20
1088694.0500000007
 30
3.0
  0
VERTEX
  8
0
 10
659167.9900000002
 20
1088336.0500000007
 30
3.0
  0
VERTEX
  8
0
 10
659308.3799999999
 20
1088164.0500000008
 30
3.0
  0
VERTEX
  8
0
 10
659620.2900000000
 20
1088039.0500000008
 30
3.0
  0
VERTEX
  8
0
 10
659745.1900000004
 20
1087883.0500000008
 30
3.0
  0
VERTEX
  8
0
 10
659979.0800000001
 20
1086651.0500000007
 30
3.0
  0
VERTEX
  8
0
 10
659776.2900000000
 20
1085934.0500000008
 30
3.0
  0
VERTEX
  8
0
 10
659339.5899999999
 20
1084686.0500000008
 30
3.0
  0
VERTEX
  8
0
 10
659043.2900000000
 20
1084062.0500000008
 30
3.0
  0
VERTEX
  8
0
 10
658949.6900000004
 20
1083734.0500000007
 30
3.0
  0
VERTEX
  8
0
 10
658918.4900000002
 20
1083282.0500000008
 30
3.0
  0
VERTEX
  8
0
 10
658965.2900000000
 20
1082908.0500000007
 30
3.0
  0
VERTEX
  8
0
 10
658294.5899999999
 20
1083126.0500000008
 30
3.0
  0
VERTEX
  8
0
 10
658216.5800000001
 20
1082986.0500000008
 30
3.0
  0
VERTEX
  8
0
 10
658310.1900000004
 20
1082705.0500000008
 30
3.0
  0
VERTEX
  8
0
 10
658232.1900000004
 20
1082502.0500000007
 30
3.0
  0
VERTEX
  8
0
 10
656968.7900000000
 20
1082175.0500000008
 30
3.0
  0
VERTEX
  8
0
 10
656344.7900000000
 20
1081520.0500000008
 30
3.0
  0
VERTEX
  8
0
 10
655876.9900000002
 20
1081223.0500000008
 30
3.0
  0
VERTEX
  8
0
 10
655346.5899999999
 20
1080599.0500000008
 30
3.0
  0
VERTEX
  8
0
 10
655019.0899999999
 20
1080350.0500000008
 30
3.0
  0
VERTEX
  8
0
 10
654941.0899999999
 20
1080381.0500000008
 30
3.0
  0
VERTEX
  8
0
 10
654956.6900000004
 20
1080942.0500000008
 30
3.0
  0
VERTEX
  8
0
 10
655081.4900000002
 20
1081364.0500000008
 30
3.0
  0
VERTEX
  8
0
 10
655939.2900000000
 20
1082175.0500000008
 30
3.0
  0
VERTEX
  8
0
 10
656344.7900000000
 20
1082643.0500000008
 30
3.0
  0
VERTEX
  8
0
 10
656298.0899999999
 20
1082674.0399999991
 30
3.0
  0
VERTEX
  8
0
 10
655518.1900000004
 20
1082315.0500000007
 30
3.0
  0
VERTEX
  8
0
 10
655346.5899999999
 20
1082346.0500000007
 30
3.0
  0
VERTEX
  8
0
 10
655315.3899999997
 20
1082424.0500000008
 30
3.0
  0
VERTEX
  8
0
 10
655486.9900000002
 20
1082736.0500000008
 30
3.0
  0
VERTEX
  8
0
 10
656095.2900000000
 20
1083173.0500000008
 30
3.0
  0
VERTEX
  8
0
 10
656485.1900000004
 20
1083594.0500000008
 30
3.0
  0
VERTEX
  8
0
 10
656344.7900000000
 20
1083625.0500000008
 30
3.0
  0
VERTEX
  8
0
 10
655923.6900000004
 20
1083376.0500000007
 30
3.0
  0
VERTEX
  8
0
 10
655783.2900000000
 20
1083407.0500000008
 30
3.0
  0
VERTEX
  8
0
 10
655752.1900000004
 20
1083610.0500000008
 30
3.0
  0
VERTEX
  8
0
 10
655954.8899999997
 20
1084109.0500000008
 30
3.0
  0
VERTEX
  8
0
 10
656531.9900000002
 20
1084779.0500000008
 30
3.0
  0
VERTEX
  8
0
 10
657421.0899999999
 20
1085575.0500000007
 30
3.0
  0
VERTEX
  8
0
 10
657639.4900000002
 20
1086043.0500000008
 30
3.0
  0
VERTEX
  8
0
 10
657670.6900000004
 20
1086916.0500000008
 30
3.0
  0
VERTEX
  8
0
 10
657795.4900000002
 20
1087182.0500000007
 30
3.0
  0
VERTEX
  8
0
 10
641121.5899999999
 20
1099644.0500000007
 30
3.0
  0
VERTEX
  8
0
 10
641199.5899999999
 20
1099800.0500000007
 30
3.0
  0
VERTEX
  8
0
 10
640887.6900000004
 20
1099987.0500000007
 30
3.0
  0
VERTEX
  8
0
 10
640466.4900000002
 20
1100018.0500000007
 30
3.0
  0
VERTEX
  8
0
 10
639951.7800000003
 20
1100252.0500000008
 30
3.0
  0
VERTEX
  8
0
 10
639920.5899999999
 20
1100393.0500000007
 30
3.0
  0
VERTEX
  8
0
 10
640528.8899999997
 20
1100673.0500000008
 30
3.0
  0
VERTEX
  8
0
 10
639764.5899999999
 20
1101765.0500000008
 30
3.0
  0
VERTEX
  8
0
 10
639608.6900000004
 20
1101874.0500000007
 30
3.0
  0
VERTEX
  8
0
 10
639249.8899999997
 20
1101890.0500000008
 30
3.0
  0
VERTEX
  8
0
 10
639109.4900000002
 20
1102015.0500000008
 30
3.0
  0
VERTEX
  8
0
 10
639187.4900000002
 20
1102171.0500000008
 30
3.0
  0
VERTEX
  8
0
 10
640762.7900000000
 20
1103559.0500000008
 30
3.0
  0
VERTEX
  8
0
 10
641402.2900000000
 20
1104604.0500000007
 30
3.0
  0
VERTEX
  8
0
 10
641558.2900000000
 20
1104635.0500000007
 30
3.0
  0
VERTEX
  8
0
 10
642026.2900000000
 20
1104573.0500000007
 30
3.0
  0
VERTEX
  8
0
 10
642447.3899999997
 20
1104401.0500000008
 30
3.0
  0
VERTEX
  8
0
 10
642884.1900000004
 20
1104308.0500000008
 30
3.0
  0
VERTEX
  8
0
 10
643523.6900000004
 20
1104448.0500000007
 30
3.0
  0
VERTEX
  8
0
 10
643632.7900000000
 20
1104401.0500000008
 30
3.0
  0
VERTEX
  8
0
 10
643897.9900000002
 20
1103809.0500000008
 30
3.0
  0
VERTEX
  8
0
 10
644116.2900000000
 20
1103668.0500000008
 30
3.0
  0
VERTEX
  8
0
 10
645208.1900000004
 20
1104245.0500000008
 30
3.0
  0
VERTEX
  8
0
 10
645395.2900000000
 20
1105025.0500000008
 30
3.0
  0
VERTEX
  8
0
 10
645520.1900000004
 20
1105290.0500000008
 30
3.0
  0
VERTEX
  8
0
 10
645629.2900000000
 20
1105337.0500000008
 30
3.0
  0
VERTEX
  8
0
 10
645941.2900000000
 20
1104963.0500000008
 30
3.0
  0
VERTEX
  8
0
 10
646315.5899999999
 20
1104666.0500000007
 30
3.0
  0
VERTEX
  8
0
 10
646409.1900000004
 20
1104464.0500000008
 30
3.0
  0
VERTEX
  8
0
 10
646112.7900000000
 20
1103902.0500000008
 30
3.0
  0
VERTEX
  8
0
 10
645676.0899999999
 20
1103949.0500000008
 30
3.0
  0
VERTEX
  8
0
 10
645520.1900000004
 20
1103793.0500000008
 30
3.0
  0
VERTEX
  8
0
 10
645707.2800000003
 20
1103512.0500000008
 30
3.0
  0
VERTEX
  8
0
 10
646019.2900000000
 20
1103387.0500000008
 30
3.0
  0
VERTEX
  8
0
 10
646799.1900000004
 20
1103263.0500000008
 30
3.0
  0
VERTEX
  8
0
 10
646986.2900000000
 20
1103107.0500000008
 30
3.0
  0
VERTEX
  8
0
 10
647516.5899999999
 20
1102093.0500000007
 30
3.0
  0
VERTEX
  8
0
 10
647547.7900000000
 20
1101874.0500000007
 30
3.0
  0
VERTEX
  8
0
 10
647126.6900000004
 20
1101313.0500000008
 30
3.0
  0
VERTEX
  8
0
 10
646580.7900000000
 20
1101656.0500000007
 30
3.0
  0
VERTEX
  8
0
 10
646471.5899999999
 20
1101625.0500000008
 30
3.0
  0
VERTEX
  8
0
 10
646268.7900000000
 20
1101282.0500000008
 30
3.0
  0
VERTEX
  8
0
 10
646175.1900000004
 20
1100845.0500000008
 30
3.0
  0
VERTEX
  8
0
 10
646003.6900000004
 20
1100736.0500000007
 30
3.0
  0
VERTEX
  8
0
 10
645410.9900000002
 20
1100861.0500000007
 30
3.0
  0
VERTEX
  8
0
 10
645254.9900000002
 20
1100658.0500000008
 30
3.0
  0
VERTEX
  8
0
 10
645254.9900000002
 20
1100346.0500000008
 30
3.0
  0
VERTEX
  8
0
 10
645348.4900000002
 20
1100081.0500000007
 30
3.0
  0
VERTEX
  8
0
 10
645223.7900000000
 20
1099878.0500000008
 30
3.0
  0
VERTEX
  8
0
 10
644553.0899999999
 20
1099691.0500000008
 30
3.0
  0
VERTEX
  8
0
 10
644303.4900000002
 20
1099504.0500000008
 30
3.0
  0
VERTEX
  8
0
 10
644116.2900000000
 20
1099270.0500000008
 30
3.0
  0
VERTEX
  8
0
 10
644069.4900000002
 20
1098958.0500000008
 30
3.0
  0
VERTEX
  8
0
 10
643741.9900000002
 20
1098505.0500000008
 30
3.0
  0
VERTEX
  8
0
 10
643289.6900000004
 20
1098303.0500000008
 30
3.0
  0
VERTEX
  8
0
 10
642884.1900000004
 20
1098256.0500000007
 30
3.0
  0
VERTEX
  8
0
 10
642540.9900000002
 20
1098100.0399999991
 30
3.0
  0
VERTEX
  8
0
 10
642213.4900000002
 20
1097866.0500000008
 30
3.0
  0
VERTEX
  8
0
 10
641979.4900000002
 20
1097772.0500000008
 30
3.0
  0
VERTEX
  8
0
 10
641386.7900000000
 20
1098209.0500000008
 30
3.0
  0
VERTEX
  8
0
 10
641012.3899999997
 20
1098583.0500000008
 30
3.0
  0
VERTEX
  8
0
 10
640778.4900000002
 20
1098599.0500000008
 30
3.0
  0
VERTEX
  8
0
 10
640294.8899999997
 20
1098162.0500000008
 30
3.0
  0
VERTEX
  8
0
 10
639811.3899999997
 20
1097991.0500000008
 30
3.0
  0
VERTEX
  8
0
 10
639374.6900000004
 20
1097694.0500000007
 30
3.0
  0
VERTEX
  8
0
 10
638828.7900000000
 20
1096790.0500000008
 30
3.0
  0
VERTEX
  8
0
 10
638828.7900000000
 20
1096758.0500000007
 30
3.0
  0
VERTEX
  8
0
 10
638813.1900000004
 20
1097304.0500000008
 30
3.0
  0
VERTEX
  8
0
 10
638937.9900000002
 20
1097788.0500000007
 30
3.0
  0
VERTEX
  8
0
 10
638797.5899999999
 20
1098271.0500000008
 30
3.0
  0
VERTEX
  8
0
 10
638844.2800000003
 20
1098490.0500000008
 30
3.0
  0
VERTEX
  8
0
 10
639047.1900000004
 20
1098677.0500000008
 30
3.0
  0
VERTEX
  8
0
 10
638625.9800000004
 20
1099223.0500000008
 30
3.0
  0
VERTEX
  8
0
 10
638657.1900000004
 20
1099410.0500000008
 30
3.0
  0
VERTEX
  8
0
 10
639062.6799999997
 20
1099332.0500000007
 30
3.0
  0
VERTEX
  8
0
 10
639265.4900000002
 20
1099363.0500000007
 30
3.0
  0
VERTEX
  8
0
 10
639655.3899999997
 20
1099550.0500000007
 30
3.0
  0
VERTEX
  8
0
 10
639967.3899999997
 20
1099566.0500000008
 30
3.0
  0
VERTEX
  8
0
 10
640326.1900000004
 20
1099410.0500000008
 30
3.0
  0
VERTEX
  8
0
 10
640716.0899999999
 20
1099426.0500000008
 30
3.0
  0
VERTEX
  8
0
 10
641121.5899999999
 20
1099644.0500000007
 30
3.0
  0
VERTEX
  8
0
 10
610690.6900000004
 20
1088492.0500000007
 30
3.0
  0
VERTEX
  8
0
 10
610675.0899999999
 20
1088523.0500000008
 30
3.0
  0
VERTEX
  8
0
 10
610659.4900000002
 20
1088601.0500000008
 30
3.0
  0
VERTEX
  8
0
 10
610612.6900000004
 20
1088648.0500000008
 30
3.0
  0
VERTEX
  8
0
 10
610581.4900000002
 20
1088710.0500000008
 30
3.0
  0
VERTEX
  8
0
 10
610534.6900000004
 20
1088741.0500000008
 30
3.0
  0
VERTEX
  8
0
 10
610331.9900000002
 20
1088835.0500000008
 30
3.0
  0
VERTEX
  8
0
 10
610051.1900000004
 20
1088975.0500000007
 30
3.0
  0
VERTEX
  8
0
 10
609865.4955000002
 20
1089091.1089999992
 30
3.0
  0
VERTEX
  8
0
 10
609834.3254000004
 20
1089130.0605999995
 30
3.0
  0
VERTEX
  8
0
 10
609191.2434000000
 20
1090714.6337000001
 30
3.0
  0
VERTEX
  8
0
 10
607495.3732000003
 20
1092728.3725000005
 30
3.0
  0
VERTEX
  8
0
 10
607069.7181000002
 20
1093617.1633000001
 30
3.0
  0
VERTEX
  8
0
 10
607013.0747999996
 20
1093735.4376999997
 30
3.0
  0
VERTEX
  8
0
 10
604421.3660000004
 20
1096991.2686999999
 30
3.0
  0
VERTEX
  8
0
 10
604485.8213000000
 20
1096982.8104999997
 30
3.0
  0
VERTEX
  8
0
 10
604576.3899999997
 20
1096899.0500000008
 30
3.0
  0
VERTEX
  8
0
 10
605075.4900000002
 20
1096431.0500000008
 30
3.0
  0
VERTEX
  8
0
 10
605621.4900000002
 20
1096010.0500000008
 30
3.0
  0
VERTEX
  8
0
 10
606276.4900000002
 20
1095479.0500000008
 30
3.0
  0
VERTEX
  8
0
 10
606822.4900000002
 20
1094934.0500000007
 30
3.0
  0
VERTEX
  8
0
 10
607352.7900000000
 20
1094294.0500000008
 30
3.0
  0
VERTEX
  8
0
 10
607836.2900000000
 20
1093561.0500000008
 30
3.0
  0
VERTEX
  8
0
 10
608397.7900000000
 20
1092875.0500000008
 30
3.0
  0
VERTEX
  8
0
 10
608896.9900000002
 20
1092251.0500000008
 30
3.0
  0
VERTEX
  8
0
 10
609598.7900000000
 20
1091221.0500000008
 30
3.0
  0
VERTEX
  8
0
 10
609926.3899999997
 20
1090644.0500000008
 30
3.0
  0
VERTEX
  8
0
 10
610082.3899999997
 20
1090161.0500000007
 30
3.0
  0
VERTEX
  8
0
 10
610285.1900000004
 20
1089708.0500000008
 30
3.0
  0
VERTEX
  8
0
 10
610472.2900000000
 20
1089131.0500000007
 30
3.0
  0
VERTEX
  8
0
 10
610643.8799999999
 20
1088679.0500000008
 30
3.0
  0
VERTEX
  8
0
 10
610690.6900000004
 20
1088492.0500000007
 30
3.0
  0
SEQEND
  8
0
  0
POLYLINE
  8
0
 66
     1
 10
0.0
 20
0.0
 30
0.0
 70
     1
  0
VERTEX
  8
0
 10
672263.3959999997
 20
1072294.7846000008
 30
4.0
  0
VERTEX
  8
0
 10
672379.3898000000
 20
1072196.0636000000
 30
4.0
  0
VERTEX
  8
0
 10
672506.2202000003
 20
1072107.5199999996
 30
4.0
  0
VERTEX
  8
0
 10
672682.4923000000
 20
1072210.8925999999
 30
4.0
  0
VERTEX
  8
0
 10
672762.6087999996
 20
1072257.8759000003
 30
4.0
  0
VERTEX
  8
0
 10
672784.7100000000
 20
1072177.0700000003
 30
4.0
  0
VERTEX
  8
0
 10
672893.8899999997
 20
1071989.0000000000
 30
4.0
  0
VERTEX
  8
0
 10
673018.6799999997
 20
1071818.0199999996
 30
4.0
  0
VERTEX
  8
0
 10
673018.7100000000
 20
1071506.0199999996
 30
4.0
  0
VERTEX
  8
0
 10
673065.4900000002
 20
1071428.0299999993
 30
4.0
  0
VERTEX
  8
0
 10
673112.2999999998
 20
1071225.0800000001
 30
4.0
  0
VERTEX
  8
0
 10
673065.5199999996
 20
1070757.0000000000
 30
4.0
  0
VERTEX
  8
0
 10
673018.6699999999
 20
1070258.0700000003
 30
4.0
  0
VERTEX
  8
0
 10
672987.5099999998
 20
1069899.0299999993
 30
4.0
  0
VERTEX
  8
0
 10
673018.6900000004
 20
1069541.0299999993
 30
4.0
  0
VERTEX
  8
0
 10
673018.6500000004
 20
1069431.0899999999
 30
4.0
  0
VERTEX
  8
0
 10
673018.6699999999
 20
1069120.0700000003
 30
4.0
  0
VERTEX
  8
0
 10
672987.4600000000
 20
1068605.0700000003
 30
4.0
  0
VERTEX
  8
0
 10
672893.8899999997
 20
1068168.0899999999
 30
4.0
  0
VERTEX
  8
0
 10
672815.8600000003
 20
1067716.0199999996
 30
4.0
  0
VERTEX
  8
0
 10
672711.9029000001
 20
1067121.3544999994
 30
4.0
  0
VERTEX
  8
0
 10
672617.9895000001
 20
1066893.0410999991
 30
4.0
  0
VERTEX
  8
0
 10
671883.4850000003
 20
1065260.5156999994
 30
4.0
  0
VERTEX
  8
0
 10
670919.9594000001
 20
1063418.2836000007
 30
4.0
  0
VERTEX
  8
0
 10
670919.9523000000
 20
1063418.2704000007
 30
4.0
  0
VERTEX
  8
0
 10
670919.9441999998
 20
1063418.2592999991
 30
4.0
  0
VERTEX
  8
0
 10
667897.1535999998
 20
1059410.1475000009
 30
4.0
  0
VERTEX
  8
0
 10
667897.1490000002
 20
1059410.1422000006
 30
4.0
  0
VERTEX
  8
0
 10
666886.3198999995
 20
1058617.2403999995
 30
4.0
  0
VERTEX
  8
0
 10
666820.1338999998
 20
1058574.6822999995
 30
4.0
  0
VERTEX
  8
0
 10
666527.6589000002
 20
1058692.3268999998
 30
4.0
  0
VERTEX
  8
0
 10
666434.3553999998
 20
1058622.7017999999
 30
4.0
  0
VERTEX
  8
0
 10
666346.5143999998
 20
1058557.1527999993
 30
4.0
  0
VERTEX
  8
0
 10
666432.0838000001
 20
1058144.0633000005
 30
4.0
  0
VERTEX
  8
0
 10
666432.0691000000
 20
1058144.0528999995
 30
4.0
  0
VERTEX
  8
0
 10
664775.5055000000
 20
1056994.4978000000
 30
4.0
  0
VERTEX
  8
0
 10
663930.4587000003
 20
1056462.0600000005
 30
4.0
  0
VERTEX
  8
0
 10
662501.1650999999
 20
1055717.9379999992
 30
4.0
  0
VERTEX
  8
0
 10
662501.1585999997
 20
1055717.9348000009
 30
4.0
  0
VERTEX
  8
0
 10
660456.5151000004
 20
1055005.5719000008
 30
4.0
  0
VERTEX
  8
0
 10
660026.8508000001
 20
1054855.8749000002
 30
4.0
  0
VERTEX
  8
0
 10
659947.8799999999
 20
1054848.0099999998
 30
4.0
  0
VERTEX
  8
0
 10
659573.5700000003
 20
1054863.0199999996
 30
4.0
  0
VERTEX
  8
0
 10
659339.5999999996
 20
1054894.0000000000
 30
4.0
  0
VERTEX
  8
0
 10
659230.3499999996
 20
1054926.0500000008
 30
4.0
  0
VERTEX
  8
0
 10
659183.7400000002
 20
1054941.0099999998
 30
4.0
  0
VERTEX
  8
0
 10
659136.8099999996
 20
1055004.0800000001
 30
4.0
  0
VERTEX
  8
0
 10
659230.3799999999
 20
1055050.0399999991
 30
4.0
  0
VERTEX
  8
0
 10
659417.6299999999
 20
1055082.0099999998
 30
4.0
  0
VERTEX
  8
0
 10
659651.4900000002
 20
1055050.0399999991
 30
4.0
  0
VERTEX
  8
0
 10
659869.8499999996
 20
1055050.0700000003
 30
4.0
  0
VERTEX
  8
0
 10
660135.0999999996
 20
1055019.0000000000
 30
4.0
  0
VERTEX
  8
0
 10
660306.6900000004
 20
1055019.0600000005
 30
4.0
  0
VERTEX
  8
0
 10
660540.6200000001
 20
1055050.0299999993
 30
4.0
  0
VERTEX
  8
0
 10
660571.7699999996
 20
1055082.0099999998
 30
4.0
  0
VERTEX
  8
0
 10
660571.7999999998
 20
1055128.0199999996
 30
4.0
  0
VERTEX
  8
0
 10
660509.4299999997
 20
1055128.0800000001
 30
4.0
  0
VERTEX
  8
0
 10
660306.6399999997
 20
1055160.0800000001
 30
4.0
  0
VERTEX
  8
0
 10
660103.9299999997
 20
1055175.0299999993
 30
4.0
  0
VERTEX
  8
0
 10
659745.1600000001
 20
1055253.0399999991
 30
4.0
  0
VERTEX
  8
0
 10
659355.2199999997
 20
1055253.0600000005
 30
4.0
  0
VERTEX
  8
0
 10
659105.6900000004
 20
1055253.0099999998
 30
4.0
  0
VERTEX
  8
0
 10
658871.6299999999
 20
1055253.0199999996
 30
4.0
  0
VERTEX
  8
0
 10
658778.1100000003
 20
1055331.0399999991
 30
4.0
  0
VERTEX
  8
0
 10
658715.7300000004
 20
1055362.0800000001
 30
4.0
  0
VERTEX
  8
0
 10
658793.6799999997
 20
1055440.0500000007
 30
4.0
  0
VERTEX
  8
0
 10
659074.5400000000
 20
1055456.0399999991
 30
4.0
  0
VERTEX
  8
0
 10
659230.4299999997
 20
1055456.0299999993
 30
4.0
  0
VERTEX
  8
0
 10
659433.1900000004
 20
1055455.9900000002
 30
4.0
  0
VERTEX
  8
0
 10
659636.0400000000
 20
1055409.0700000003
 30
4.0
  0
VERTEX
  8
0
 10
659745.1699999999
 20
1055409.0899999999
 30
4.0
  0
VERTEX
  8
0
 10
659854.2699999996
 20
1055440.0800000001
 30
4.0
  0
VERTEX
  8
0
 10
659745.1699999999
 20
1055487.0600000005
 30
4.0
  0
VERTEX
  8
0
 10
659495.6100000003
 20
1055518.0800000001
 30
4.0
  0
VERTEX
  8
0
 10
659136.7900000000
 20
1055612.0199999996
 30
4.0
  0
VERTEX
  8
0
 10
658871.6900000004
 20
1055581.0500000008
 30
4.0
  0
VERTEX
  8
0
 10
658668.8899999997
 20
1055565.0500000007
 30
4.0
  0
VERTEX
  8
0
 10
658512.9299999997
 20
1055581.0999999996
 30
4.0
  0
VERTEX
  8
0
 10
658434.9900000002
 20
1055659.0700000003
 30
4.0
  0
VERTEX
  8
0
 10
658278.9600000000
 20
1055643.0500000008
 30
4.0
  0
VERTEX
  8
0
 10
657826.6600000001
 20
1055565.0700000003
 30
4.0
  0
VERTEX
  8
0
 10
657389.8799999999
 20
1055425.0099999998
 30
4.0
  0
VERTEX
  8
0
 10
657031.1900000004
 20
1055331.0700000003
 30
4.0
  0
VERTEX
  8
0
 10
656672.3399999999
 20
1055191.0099999998
 30
4.0
  0
VERTEX
  8
0
 10
656235.6399999997
 20
1055113.0000000000
 30
4.0
  0
VERTEX
  8
0
 10
656048.4600000000
 20
1055113.0000000000
 30
4.0
  0
VERTEX
  8
0
 10
655752.1399999997
 20
1055066.0000000000
 30
4.0
  0
VERTEX
  8
0
 10
655362.2000000002
 20
1054879.0500000007
 30
4.0
  0
VERTEX
  8
0
 10
655019.0800000001
 20
1054707.0000000000
 30
4.0
  0
VERTEX
  8
0
 10
654925.4500000002
 20
1054676.0899999999
 30
4.0
  0
VERTEX
  8
0
 10
654769.4600000000
 20
1054567.0800000001
 30
4.0
  0
VERTEX
  8
0
 10
654660.3099999996
 20
1054520.0700000003
 30
4.0
  0
VERTEX
  8
0
 10
654597.8399999999
 20
1054520.0399999991
 30
4.0
  0
VERTEX
  8
0
 10
654479.1787000000
 20
1054482.7853999995
 30
4.0
  0
VERTEX
  8
0
 10
654356.3978000004
 20
1054597.7554000001
 30
4.0
  0
VERTEX
  8
0
 10
654043.3397000004
 20
1054551.5525000002
 30
4.0
  0
VERTEX
  8
0
 10
653347.2501999997
 20
1054185.2164999992
 30
4.0
  0
VERTEX
  8
0
 10
652429.1628999999
 20
1053809.9031000007
 30
4.0
  0
VERTEX
  8
0
 10
652069.7599999998
 20
1053720.6418999992
 30
4.0
  0
VERTEX
  8
0
 10
651721.6101000002
 20
1053711.9813000001
 30
4.0
  0
VERTEX
  8
0
 10
651774.7699999996
 20
1053771.0999999996
 30
4.0
  0
VERTEX
  8
0
 10
651774.8099999996
 20
1053927.0299999993
 30
4.0
  0
VERTEX
  8
0
 10
651743.5800000001
 20
1054021.0199999996
 30
4.0
  0
VERTEX
  8
0
 10
651696.7999999998
 20
1054052.0199999996
 30
4.0
  0
VERTEX
  8
0
 10
651618.7599999998
 20
1054161.0899999999
 30
4.0
  0
VERTEX
  8
0
 10
651493.9600000000
 20
1054208.0299999993
 30
4.0
  0
VERTEX
  8
0
 10
651259.9600000000
 20
1054333.0600000005
 30
4.0
  0
VERTEX
  8
0
 10
651228.7800000003
 20
1054364.0199999996
 30
4.0
  0
VERTEX
  8
0
 10
651228.7900000000
 20
1054442.0899999999
 30
4.0
  0
VERTEX
  8
0
 10
651197.7000000002
 20
1054614.0600000005
 30
4.0
  0
VERTEX
  8
0
 10
651182.0199999996
 20
1054801.0000000000
 30
4.0
  0
VERTEX
  8
0
 10
651119.6799999997
 20
1054879.0500000007
 30
4.0
  0
VERTEX
  8
0
 10
651072.9100000001
 20
1055019.0899999999
 30
4.0
  0
VERTEX
  8
0
 10
651026.0499999998
 20
1055097.0999999996
 30
4.0
  0
VERTEX
  8
0
 10
650994.9000000004
 20
1055284.0999999996
 30
4.0
  0
VERTEX
  8
0
 10
650916.9000000004
 20
1055409.0899999999
 30
4.0
  0
VERTEX
  8
0
 10
650792.1299999999
 20
1055565.0800000001
 30
4.0
  0
VERTEX
  8
0
 10
650558.2199999997
 20
1055752.0399999991
 30
4.0
  0
VERTEX
  8
0
 10
650355.3399999999
 20
1055893.0299999993
 30
4.0
  0
VERTEX
  8
0
 10
650074.6600000001
 20
1056111.0999999996
 30
4.0
  0
VERTEX
  8
0
 10
649809.5400000000
 20
1056283.0299999993
 30
4.0
  0
VERTEX
  8
0
 10
649731.5000000000
 20
1056392.0800000001
 30
4.0
  0
VERTEX
  8
0
 10
650261.7999999998
 20
1057390.0700000003
 30
4.0
  0
VERTEX
  8
0
 10
650433.3799999999
 20
1057858.0099999998
 30
4.0
  0
VERTEX
  8
0
 10
650526.9600000000
 20
1058451.0500000007
 30
4.0
  0
VERTEX
  8
0
 10
650636.1600000001
 20
1058731.0600000005
 30
4.0
  0
VERTEX
  8
0
 10
650885.7300000004
 20
1058794.0999999996
 30
4.0
  0
VERTEX
  8
0
 10
651072.8899999997
 20
1058685.0299999993
 30
4.0
  0
VERTEX
  8
0
 10
651275.7300000004
 20
1058466.0899999999
 30
4.0
  0
VERTEX
  8
0
 10
651540.7699999996
 20
1058342.0700000003
 30
4.0
  0
VERTEX
  8
0
 10
651540.7599999998
 20
1058154.0700000003
 30
4.0
  0
VERTEX
  8
0
 10
651447.1600000001
 20
1057952.0800000001
 30
4.0
  0
VERTEX
  8
0
 10
650589.2999999998
 20
1057156.0399999991
 30
4.0
  0
VERTEX
  8
0
 10
650511.2599999998
 20
1056797.0700000003
 30
4.0
  0
VERTEX
  8
0
 10
650620.4600000000
 20
1056579.0899999999
 30
4.0
  0
VERTEX
  8
0
 10
650838.8499999996
 20
1056345.0500000008
 30
4.0
  0
VERTEX
  8
0
 10
651072.8499999996
 20
1056220.0199999996
 30
4.0
  0
VERTEX
  8
0
 10
651509.6399999997
 20
1056329.0500000007
 30
4.0
  0
VERTEX
  8
0
 10
651650.0000000000
 20
1056751.0700000003
 30
4.0
  0
VERTEX
  8
0
 10
651681.1799999997
 20
1057624.0000000000
 30
4.0
  0
VERTEX
  8
0
 10
651837.2199999997
 20
1057749.0500000008
 30
4.0
  0
VERTEX
  8
0
 10
652180.2599999998
 20
1057281.0600000005
 30
4.0
  0
VERTEX
  8
0
 10
652492.2699999996
 20
1057328.0999999996
 30
4.0
  0
VERTEX
  8
0
 10
652835.3700000001
 20
1056985.0999999996
 30
4.0
  0
VERTEX
  8
0
 10
653038.2400000002
 20
1056548.0800000001
 30
4.0
  0
VERTEX
  8
0
 10
653303.2900000000
 20
1056454.0399999991
 30
4.0
  0
VERTEX
  8
0
 10
654083.2199999997
 20
1056485.0800000001
 30
4.0
  0
VERTEX
  8
0
 10
654130.0099999998
 20
1056127.0500000007
 30
4.0
  0
VERTEX
  8
0
 10
654036.4199999999
 20
1055846.0999999996
 30
4.0
  0
VERTEX
  8
0
 10
653740.0899999999
 20
1055612.0899999999
 30
4.0
  0
VERTEX
  8
0
 10
653272.1399999997
 20
1055362.0199999996
 30
4.0
  0
VERTEX
  8
0
 10
653147.2900000000
 20
1055206.0299999993
 30
4.0
  0
VERTEX
  8
0
 10
653178.5300000003
 20
1055082.0600000005
 30
4.0
  0
VERTEX
  8
0
 10
653646.4800000004
 20
1055035.0800000001
 30
4.0
  0
VERTEX
  8
0
 10
654504.2599999998
 20
1055503.0600000005
 30
4.0
  0
VERTEX
  8
0
 10
655253.0400000000
 20
1055534.0999999996
 30
4.0
  0
VERTEX
  8
0
 10
655596.1900000004
 20
1055643.0000000000
 30
4.0
  0
VERTEX
  8
0
 10
655596.1500000004
 20
1055706.0399999991
 30
4.0
  0
VERTEX
  8
0
 10
656313.6799999997
 20
1055940.0299999993
 30
4.0
  0
VERTEX
  8
0
 10
656672.3899999997
 20
1055924.0299999993
 30
4.0
  0
VERTEX
  8
0
 10
657124.6699999999
 20
1056111.0399999991
 30
4.0
  0
VERTEX
  8
0
 10
657405.4699999997
 20
1056376.0899999999
 30
4.0
  0
VERTEX
  8
0
 10
657577.0700000003
 20
1056688.0099999998
 30
4.0
  0
VERTEX
  8
0
 10
658169.8099999996
 20
1057172.0299999993
 30
4.0
  0
VERTEX
  8
0
 10
658622.0499999998
 20
1057312.0500000008
 30
4.0
  0
VERTEX
  8
0
 10
659526.7900000000
 20
1057421.0299999993
 30
4.0
  0
VERTEX
  8
0
 10
659729.5000000000
 20
1057562.0099999998
 30
4.0
  0
VERTEX
  8
0
 10
660228.7400000002
 20
1058264.0800000001
 30
4.0
  0
VERTEX
  8
0
 10
660805.7599999998
 20
1058201.0700000003
 30
4.0
  0
VERTEX
  8
0
 10
661102.1500000004
 20
1058482.0299999993
 30
4.0
  0
VERTEX
  8
0
 10
661024.1799999997
 20
1058747.0199999996
 30
4.0
  0
VERTEX
  8
0
 10
661086.5300000003
 20
1059184.0299999993
 30
4.0
  0
VERTEX
  8
0
 10
660103.8499999996
 20
1059449.0399999991
 30
4.0
  0
VERTEX
  8
0
 10
660025.9100000001
 20
1059605.0999999996
 30
4.0
  0
VERTEX
  8
0
 10
660759.0300000003
 20
1060073.0600000005
 30
4.0
  0
VERTEX
  8
0
 10
661102.1500000004
 20
1060385.0700000003
 30
4.0
  0
VERTEX
  8
0
 10
661273.7000000002
 20
1060853.0800000001
 30
4.0
  0
VERTEX
  8
0
 10
661476.5099999998
 20
1061040.0899999999
 30
4.0
  0
VERTEX
  8
0
 10
662240.8300000001
 20
1061492.0600000005
 30
4.0
  0
VERTEX
  8
0
 10
662427.9299999997
 20
1061835.0600000005
 30
4.0
  0
VERTEX
  8
0
 10
662225.2100000000
 20
1061960.0399999991
 30
4.0
  0
VERTEX
  8
0
 10
661913.1699999999
 20
1062007.0299999993
 30
4.0
  0
VERTEX
  8
0
 10
661195.6500000004
 20
1061726.0299999993
 30
4.0
  0
VERTEX
  8
0
 10
660681.0099999998
 20
1061898.0099999998
 30
4.0
  0
VERTEX
  8
0
 10
660524.9299999997
 20
1061820.0500000008
 30
4.0
  0
VERTEX
  8
0
 10
660228.7199999997
 20
1061399.0700000003
 30
4.0
  0
VERTEX
  8
0
 10
660041.4900000002
 20
1061290.0000000000
 30
4.0
  0
VERTEX
  8
0
 10
659495.6399999997
 20
1061445.0700000003
 30
4.0
  0
VERTEX
  8
0
 10
659370.7699999996
 20
1061383.0500000008
 30
4.0
  0
VERTEX
  8
0
 10
659324.0300000003
 20
1061274.0199999996
 30
4.0
  0
VERTEX
  8
0
 10
659433.2300000004
 20
1061071.0899999999
 30
4.0
  0
VERTEX
  8
0
 10
660181.9299999997
 20
1060759.0700000003
 30
4.0
  0
VERTEX
  8
0
 10
660244.2599999998
 20
1060556.0600000005
 30
4.0
  0
VERTEX
  8
0
 10
660166.2500000000
 20
1060369.0299999993
 30
4.0
  0
VERTEX
  8
0
 10
659838.6299999999
 20
1060307.0399999991
 30
4.0
  0
VERTEX
  8
0
 10
659292.7699999996
 20
1060463.0000000000
 30
4.0
  0
VERTEX
  8
0
 10
658481.7400000002
 20
1060588.0899999999
 30
4.0
  0
VERTEX
  8
0
 10
657717.4699999997
 20
1060556.0299999993
 30
4.0
  0
VERTEX
  8
0
 10
657374.2999999998
 20
1060619.0600000005
 30
4.0
  0
VERTEX
  8
0
 10
657078.0199999996
 20
1061024.0500000008
 30
4.0
  0
VERTEX
  8
0
 10
656843.9800000004
 20
1061134.0099999998
 30
4.0
  0
VERTEX
  8
0
 10
656563.2400000002
 20
1061102.0999999996
 30
4.0
  0
VERTEX
  8
0
 10
656313.6799999997
 20
1060931.0700000003
 30
4.0
  0
VERTEX
  8
0
 10
655221.7400000002
 20
1061523.0000000000
 30
4.0
  0
VERTEX
  8
0
 10
655019.1100000003
 20
1061367.0000000000
 30
4.0
  0
VERTEX
  8
0
 10
654675.9299999997
 20
1060260.0899999999
 30
4.0
  0
VERTEX
  8
0
 10
654504.2300000004
 20
1060104.0000000000
 30
4.0
  0
VERTEX
  8
0
 10
654426.2999999998
 20
1060104.0099999998
 30
4.0
  0
VERTEX
  8
0
 10
654098.8200000003
 20
1060868.0899999999
 30
4.0
  0
VERTEX
  8
0
 10
653880.4600000000
 20
1060962.0899999999
 30
4.0
  0
VERTEX
  8
0
 10
653521.6699999999
 20
1060931.0999999996
 30
4.0
  0
VERTEX
  8
0
 10
653053.8499999996
 20
1061071.0899999999
 30
4.0
  0
VERTEX
  8
0
 10
652601.5000000000
 20
1060884.0199999996
 30
4.0
  0
VERTEX
  8
0
 10
652445.4900000002
 20
1060759.0800000001
 30
4.0
  0
VERTEX
  8
0
 10
652149.0599999996
 20
1060260.1099999994
 30
4.0
  0
VERTEX
  8
0
 10
651915.1600000001
 20
1060151.0000000000
 30
4.0
  0
VERTEX
  8
0
 10
651119.6500000004
 20
1060385.0299999993
 30
4.0
  0
VERTEX
  8
0
 10
650449.0300000003
 20
1060322.0700000003
 30
4.0
  0
VERTEX
  8
0
 10
649902.9400000004
 20
1060494.0899999999
 30
4.0
  0
VERTEX
  8
0
 10
649637.8899999997
 20
1060463.0700000003
 30
4.0
  0
VERTEX
  8
0
 10
648904.7999999998
 20
1060182.0199999996
 30
4.0
  0
VERTEX
  8
0
 10
648468.0400000000
 20
1060104.0000000000
 30
4.0
  0
VERTEX
  8
0
 10
648046.9800000004
 20
1060276.0800000001
 30
4.0
  0
VERTEX
  8
0
 10
647906.5700000003
 20
1060588.0600000005
 30
4.0
  0
VERTEX
  8
0
 10
647703.7800000003
 20
1060775.0500000007
 30
4.0
  0
VERTEX
  8
0
 10
647469.7800000003
 20
1060884.0600000005
 30
4.0
  0
VERTEX
  8
0
 10
646767.9400000004
 20
1060868.0500000008
 30
4.0
  0
VERTEX
  8
0
 10
646362.3499999996
 20
1060650.0500000007
 30
4.0
  0
VERTEX
  8
0
 10
646128.4900000002
 20
1060385.0500000008
 30
4.0
  0
VERTEX
  8
0
 10
645714.6968999999
 20
1059758.3548000008
 30
4.0
  0
VERTEX
  8
0
 10
643619.3779999996
 20
1060935.0614000000
 30
4.0
  0
VERTEX
  8
0
 10
643318.9385000002
 20
1060619.6674000006
 30
4.0
  0
VERTEX
  8
0
 10
643308.7529999996
 20
1060608.9748999998
 30
4.0
  0
VERTEX
  8
0
 10
642696.9500000002
 20
1060915.0199999996
 30
4.0
  0
VERTEX
  8
0
 10
642104.3300000001
 20
1061305.0500000008
 30
4.0
  0
VERTEX
  8
0
 10
641620.7199999997
 20
1061633.0099999998
 30
4.0
  0
VERTEX
  8
0
 10
641261.9500000002
 20
1061835.0399999991
 30
4.0
  0
VERTEX
  8
0
 10
640700.5400000000
 20
1062163.0399999991
 30
4.0
  0
VERTEX
  8
0
 10
640263.6600000001
 20
1062506.0099999998
 30
4.0
  0
VERTEX
  8
0
 10
639827.0199999996
 20
1062756.0800000001
 30
4.0
  0
VERTEX
  8
0
 10
639062.6799999997
 20
1063239.0600000005
 30
4.0
  0
VERTEX
  8
0
 10
638797.5499999998
 20
1063473.0800000001
 30
4.0
  0
VERTEX
  8
0
 10
638594.8200000003
 20
1063598.0800000001
 30
4.0
  0
VERTEX
  8
0
 10
640248.2100000000
 20
1064175.0600000005
 30
4.0
  0
VERTEX
  8
0
 10
640466.5300000003
 20
1064019.0600000005
 30
4.0
  0
VERTEX
  8
0
 10
642213.5400000000
 20
1064066.0999999996
 30
4.0
  0
VERTEX
  8
0
 10
643757.5599999996
 20
1064643.0600000005
 30
4.0
  0
VERTEX
  8
0
 10
646097.1600000001
 20
1066078.0500000008
 30
4.0
  0
VERTEX
  8
0
 10
647890.9600000000
 20
1066655.0700000003
 30
4.0
  0
VERTEX
  8
0
 10
648608.5199999996
 20
1066998.0899999999
 30
4.0
  0
VERTEX
  8
0
 10
650370.9900000002
 20
1067653.0800000001
 30
4.0
  0
VERTEX
  8
0
 10
652367.5300000003
 20
1068293.0700000003
 30
4.0
  0
VERTEX
  8
0
 10
653155.2400000002
 20
1068453.8900000006
 30
4.0
  0
VERTEX
  8
0
 10
655424.6100000003
 20
1068917.0199999996
 30
4.0
  0
VERTEX
  8
0
 10
657499.0599999996
 20
1069712.0199999996
 30
4.0
  0
VERTEX
  8
0
 10
657888.9900000002
 20
1069759.0099999998
 30
4.0
  0
VERTEX
  8
0
 10
659292.7400000002
 20
1069400.0000000000
 30
4.0
  0
VERTEX
  8
0
 10
659604.8099999996
 20
1069509.0399999991
 30
4.0
  0
VERTEX
  8
0
 10
659698.2800000003
 20
1069619.0399999991
 30
4.0
  0
VERTEX
  8
0
 10
659698.2599999998
 20
1069728.0899999999
 30
4.0
  0
VERTEX
  8
0
 10
659606.3600000003
 20
1069789.1999999993
 30
4.0
  0
VERTEX
  8
0
 10
659323.9800000004
 20
1069977.0000000000
 30
4.0
  0
VERTEX
  8
0
 10
658777.2000000002
 20
1070068.5700000003
 30
4.0
  0
VERTEX
  8
0
 10
658762.4900000002
 20
1070071.0500000007
 30
4.0
  0
VERTEX
  8
0
 10
659526.8399999999
 20
1070321.0500000007
 30
4.0
  0
VERTEX
  8
0
 10
659760.7300000004
 20
1070492.0299999993
 30
4.0
  0
VERTEX
  8
0
 10
659774.1500000004
 20
1070586.4399999995
 30
4.0
  0
VERTEX
  8
0
 10
659776.2800000003
 20
1070601.0399999991
 30
4.0
  0
VERTEX
  8
0
 10
659698.2999999998
 20
1070695.0399999991
 30
4.0
  0
VERTEX
  8
0
 10
659542.3399999999
 20
1070726.0199999996
 30
4.0
  0
VERTEX
  8
0
 10
659058.7800000003
 20
1070664.0099999998
 30
4.0
  0
VERTEX
  8
0
 10
656968.8200000003
 20
1069712.0000000000
 30
4.0
  0
VERTEX
  8
0
 10
654036.3499999996
 20
1069010.0399999991
 30
4.0
  0
VERTEX
  8
0
 10
650651.7000000002
 20
1068090.0500000007
 30
4.0
  0
VERTEX
  8
0
 10
650489.0800000001
 20
1068058.8800000008
 30
4.0
  0
VERTEX
  8
0
 10
649513.0400000000
 20
1067872.0500000007
 30
4.0
  0
VERTEX
  8
0
 10
648982.7599999998
 20
1067544.0099999998
 30
4.0
  0
VERTEX
  8
0
 10
648743.8600000003
 20
1067460.7899999991
 30
4.0
  0
VERTEX
  8
0
 10
648623.9699999997
 20
1067419.0600000005
 30
4.0
  0
VERTEX
  8
0
 10
648140.4800000004
 20
1067357.0899999999
 30
4.0
  0
VERTEX
  8
0
 10
648140.4800000004
 20
1067497.0999999996
 30
4.0
  0
VERTEX
  8
0
 10
649481.8700000001
 20
1068230.0199999996
 30
4.0
  0
VERTEX
  8
0
 10
650854.4500000002
 20
1068511.0199999996
 30
4.0
  0
VERTEX
  8
0
 10
651587.6299999999
 20
1068886.0099999998
 30
4.0
  0
VERTEX
  8
0
 10
653209.6900000004
 20
1069307.0199999996
 30
4.0
  0
VERTEX
  8
0
 10
654644.7300000004
 20
1069385.0299999993
 30
4.0
  0
VERTEX
  8
0
 10
655310.1799999997
 20
1069622.1300000008
 30
4.0
  0
VERTEX
  8
0
 10
656438.4699999997
 20
1070024.0999999996
 30
4.0
  0
VERTEX
  8
0
 10
657795.4699999997
 20
1070336.0399999991
 30
4.0
  0
VERTEX
  8
0
 10
659729.5300000003
 20
1070960.0600000005
 30
4.0
  0
VERTEX
  8
0
 10
659987.1200000001
 20
1071129.4900000002
 30
4.0
  0
VERTEX
  8
0
 10
660821.3799999999
 20
1071678.0999999996
 30
4.0
  0
VERTEX
  8
0
 10
662880.2400000002
 20
1072801.0899999999
 30
4.0
  0
VERTEX
  8
0
 10
663098.5400000000
 20
1072993.7200000007
 30
4.0
  0
VERTEX
  8
0
 10
663145.4299999997
 20
1073035.0700000003
 30
4.0
  0
VERTEX
  8
0
 10
663332.5499999998
 20
1073378.0800000001
 30
4.0
  0
VERTEX
  8
0
 10
664315.1799999997
 20
1073627.0500000008
 30
4.0
  0
VERTEX
  8
0
 10
663426.1799999997
 20
1072972.0299999993
 30
4.0
  0
VERTEX
  8
0
 10
663379.3799999999
 20
1072832.0299999993
 30
4.0
  0
VERTEX
  8
0
 10
663426.1500000004
 20
1072676.0700000003
 30
4.0
  0
VERTEX
  8
0
 10
663488.5499999998
 20
1072660.0800000001
 30
4.0
  0
VERTEX
  8
0
 10
664517.9600000000
 20
1073502.0700000003
 30
4.0
  0
VERTEX
  8
0
 10
664830.0300000003
 20
1073924.0700000003
 30
4.0
  0
VERTEX
  8
0
 10
665251.0700000003
 20
1074220.0199999996
 30
4.0
  0
VERTEX
  8
0
 10
665451.7500000000
 20
1074246.3399999999
 30
4.0
  0
VERTEX
  8
0
 10
665609.7800000003
 20
1074267.0700000003
 30
4.0
  0
VERTEX
  8
0
 10
665952.9400000004
 20
1074454.0700000003
 30
4.0
  0
VERTEX
  8
0
 10
666654.9199999999
 20
1074859.0199999996
 30
4.0
  0
VERTEX
  8
0
 10
666545.6299999999
 20
1074516.0000000000
 30
4.0
  0
VERTEX
  8
0
 10
666951.2100000000
 20
1073066.0700000003
 30
4.0
  0
VERTEX
  8
0
 10
666857.7400000002
 20
1072645.0399999991
 30
4.0
  0
VERTEX
  8
0
 10
666483.3200000003
 20
1072130.0600000005
 30
4.0
  0
VERTEX
  8
0
 10
666108.9800000004
 20
1071818.0500000008
 30
4.0
  0
VERTEX
  8
0
 10
665906.1900000004
 20
1071397.0899999999
 30
4.0
  0
VERTEX
  8
0
 10
665984.1399999997
 20
1071069.0700000003
 30
4.0
  0
VERTEX
  8
0
 10
666124.6100000003
 20
1070944.0399999991
 30
4.0
  0
VERTEX
  8
0
 10
666608.0899999999
 20
1070851.0800000001
 30
4.0
  0
VERTEX
  8
0
 10
667107.2500000000
 20
1070960.0399999991
 30
4.0
  0
VERTEX
  8
0
 10
667434.8399999999
 20
1071272.0800000001
 30
4.0
  0
VERTEX
  8
0
 10
667668.7400000002
 20
1071334.0600000005
 30
4.0
  0
VERTEX
  8
0
 10
667871.5000000000
 20
1070976.0800000001
 30
4.0
  0
VERTEX
  8
0
 10
668105.4500000002
 20
1070929.0199999996
 30
4.0
  0
VERTEX
  8
0
 10
668433.0099999998
 20
1071272.0299999993
 30
4.0
  0
VERTEX
  8
0
 10
668994.5000000000
 20
1071646.0800000001
 30
4.0
  0
VERTEX
  8
0
 10
669197.2599999998
 20
1071678.0700000003
 30
4.0
  0
VERTEX
  8
0
 10
670866.2300000004
 20
1071397.0000000000
 30
4.0
  0
VERTEX
  8
0
 10
671365.3099999996
 20
1071568.0800000001
 30
4.0
  0
VERTEX
  8
0
 10
672264.8457000004
 20
1072596.5642000008
 30
4.0
  0
VERTEX
  8
0
 10
672263.3959999997
 20
1072294.7846000008
 30
4.0
  0
VERTEX
  8
0
 10
666608.0899999999
 20
1059792.0500000008
 30
4.0
  0
VERTEX
  8
0
 10
666686.0599999996
 20
1059761.0999999996
 30
4.0
  0
VERTEX
  8
0
 10
666841.9400000004
 20
1059511.0600000005
 30
4.0
  0
VERTEX
  8
0
 10
667044.7400000002
 20
1059324.0500000008
 30
4.0
  0
VERTEX
  8
0
 10
667232.0099999998
 20
1059277.0999999996
 30
4.0
  0
VERTEX
  8
0
 10
667434.8300000001
 20
1059309.0700000003
 30
4.0
  0
VERTEX
  8
0
 10
667824.7199999997
 20
1059636.0700000003
 30
4.0
  0
VERTEX
  8
0
 10
667996.2500000000
 20
1059916.9900000002
 30
4.0
  0
VERTEX
  8
0
 10
668043.1399999997
 20
1060307.0700000003
 30
4.0
  0
VERTEX
  8
0
 10
668136.7100000000
 20
1060541.0700000003
 30
4.0
  0
VERTEX
  8
0
 10
668386.1699999999
 20
1060775.0000000000
 30
4.0
  0
VERTEX
  8
0
 10
668464.1600000001
 20
1061009.0399999991
 30
4.0
  0
VERTEX
  8
0
 10
668401.8200000003
 20
1061399.0800000001
 30
4.0
  0
VERTEX
  8
0
 10
668479.7599999998
 20
1061570.0800000001
 30
4.0
  0
VERTEX
  8
0
 10
668417.3799999999
 20
1061726.0899999999
 30
4.0
  0
VERTEX
  8
0
 10
668214.7100000000
 20
1061882.0199999996
 30
4.0
  0
VERTEX
  8
0
 10
668011.8200000003
 20
1061867.0600000005
 30
4.0
  0
VERTEX
  8
0
 10
667746.6600000001
 20
1061711.0399999991
 30
4.0
  0
VERTEX
  8
0
 10
667341.2199999997
 20
1061134.0000000000
 30
4.0
  0
VERTEX
  8
0
 10
666686.1100000003
 20
1060744.0000000000
 30
4.0
  0
VERTEX
  8
0
 10
666249.3200000003
 20
1060400.0999999996
 30
4.0
  0
VERTEX
  8
0
 10
665999.7999999998
 20
1059979.0500000008
 30
4.0
  0
VERTEX
  8
0
 10
665937.4100000001
 20
1059589.0199999996
 30
4.0
  0
VERTEX
  8
0
 10
665984.1500000004
 20
1059418.0299999993
 30
4.0
  0
VERTEX
  8
0
 10
666124.5499999998
 20
1059293.0000000000
 30
4.0
  0
VERTEX
  8
0
 10
666249.2500000000
 20
1059293.0999999996
 30
4.0
  0
VERTEX
  8
0
 10
666452.0400000000
 20
1059683.0899999999
 30
4.0
  0
VERTEX
  8
0
 10
666608.0899999999
 20
1059792.0500000008
 30
4.0
  0
VERTEX
  8
0
 10
664689.5899999999
 20
1062366.0199999996
 30
4.0
  0
VERTEX
  8
0
 10
664908.0000000000
 20
1062319.0899999999
 30
4.0
  0
VERTEX
  8
0
 10
665079.4400000004
 20
1062069.0000000000
 30
4.0
  0
VERTEX
  8
0
 10
665095.1399999997
 20
1061445.0700000003
 30
4.0
  0
VERTEX
  8
0
 10
665407.0700000003
 20
1061149.0299999993
 30
4.0
  0
VERTEX
  8
0
 10
665594.2100000000
 20
1061227.0500000008
 30
4.0
  0
VERTEX
  8
0
 10
665687.7800000003
 20
1061414.0399999991
 30
4.0
  0
VERTEX
  8
0
 10
666093.2800000003
 20
1061882.0099999998
 30
4.0
  0
VERTEX
  8
0
 10
666296.1900000004
 20
1061991.0600000005
 30
4.0
  0
VERTEX
  8
0
 10
666795.2599999998
 20
1061851.0399999991
 30
4.0
  0
VERTEX
  8
0
 10
667185.1399999997
 20
1061851.0999999996
 30
4.0
  0
VERTEX
  8
0
 10
667231.9900000002
 20
1061929.0700000003
 30
4.0
  0
VERTEX
  8
0
 10
667247.5599999996
 20
1062428.0600000005
 30
4.0
  0
VERTEX
  8
0
 10
667466.0199999996
 20
1062865.0199999996
 30
4.0
  0
VERTEX
  8
0
 10
667746.7199999997
 20
1063177.0500000008
 30
4.0
  0
VERTEX
  8
0
 10
667965.1100000003
 20
1063676.0600000005
 30
4.0
  0
VERTEX
  8
0
 10
667933.8700000001
 20
1063988.0399999991
 30
4.0
  0
VERTEX
  8
0
 10
667699.8399999999
 20
1064409.0399999991
 30
4.0
  0
VERTEX
  8
0
 10
667403.5899999999
 20
1064612.0000000000
 30
4.0
  0
VERTEX
  8
0
 10
667091.5499999998
 20
1064659.0500000008
 30
4.0
  0
VERTEX
  8
0
 10
666717.3200000003
 20
1064503.0999999996
 30
4.0
  0
VERTEX
  8
0
 10
666608.0700000003
 20
1064315.0399999991
 30
4.0
  0
VERTEX
  8
0
 10
666592.4400000004
 20
1064050.0899999999
 30
4.0
  0
VERTEX
  8
0
 10
666686.1100000003
 20
1063520.0600000005
 30
4.0
  0
VERTEX
  8
0
 10
666436.5499999998
 20
1063068.0500000007
 30
4.0
  0
VERTEX
  8
0
 10
666311.6399999997
 20
1063068.0500000007
 30
4.0
  0
VERTEX
  8
0
 10
666280.5199999996
 20
1063255.0399999991
 30
4.0
  0
VERTEX
  8
0
 10
666374.1900000004
 20
1063567.0099999998
 30
4.0
  0
VERTEX
  8
0
 10
666342.9100000001
 20
1063692.0800000001
 30
4.0
  0
VERTEX
  8
0
 10
666218.1299999999
 20
1063785.0899999999
 30
4.0
  0
VERTEX
  8
0
 10
666109.0400000000
 20
1063785.0500000008
 30
4.0
  0
VERTEX
  8
0
 10
665953.0000000000
 20
1063551.0000000000
 30
4.0
  0
VERTEX
  8
0
 10
665797.0400000000
 20
1062927.0800000001
 30
4.0
  0
VERTEX
  8
0
 10
665672.1699999999
 20
1062693.0500000007
 30
4.0
  0
VERTEX
  8
0
 10
665485.0400000000
 20
1062615.0399999991
 30
4.0
  0
VERTEX
  8
0
 10
665360.3200000003
 20
1062771.0999999996
 30
4.0
  0
VERTEX
  8
0
 10
665422.7300000004
 20
1062958.0600000005
 30
4.0
  0
VERTEX
  8
0
 10
665656.7199999997
 20
1063161.0500000007
 30
4.0
  0
VERTEX
  8
0
 10
665656.6900000004
 20
1063316.9900000002
 30
4.0
  0
VERTEX
  8
0
 10
665578.6399999997
 20
1063395.0600000005
 30
4.0
  0
VERTEX
  8
0
 10
664829.9699999997
 20
1063395.0899999999
 30
4.0
  0
VERTEX
  8
0
 10
664440.0099999998
 20
1063567.0199999996
 30
4.0
  0
VERTEX
  8
0
 10
663488.6100000003
 20
1063192.0399999991
 30
4.0
  0
VERTEX
  8
0
 10
663176.5899999999
 20
1063286.0199999996
 30
4.0
  0
VERTEX
  8
0
 10
662942.7000000002
 20
1063286.0099999998
 30
4.0
  0
VERTEX
  8
0
 10
662661.8399999999
 20
1063130.0600000005
 30
4.0
  0
VERTEX
  8
0
 10
662755.5199999996
 20
1062787.0600000005
 30
4.0
  0
VERTEX
  8
0
 10
663644.5199999996
 20
1062194.0099999998
 30
4.0
  0
VERTEX
  8
0
 10
664252.8200000003
 20
1061492.0399999991
 30
4.0
  0
VERTEX
  8
0
 10
664408.8300000001
 20
1061430.0099999998
 30
4.0
  0
VERTEX
  8
0
 10
664627.1399999997
 20
1061461.0399999991
 30
4.0
  0
VERTEX
  8
0
 10
664705.1399999997
 20
1061570.0999999996
 30
4.0
  0
VERTEX
  8
0
 10
664549.1500000004
 20
1061976.0999999996
 30
4.0
  0
VERTEX
  8
0
 10
664611.6399999997
 20
1062319.0099999998
 30
4.0
  0
VERTEX
  8
0
 10
664689.5899999999
 20
1062366.0199999996
 30
4.0
  0
VERTEX
  8
0
 10
660103.8399999999
 20
1067653.0299999993
 30
4.0
  0
VERTEX
  8
0
 10
660103.8399999999
 20
1067731.0099999998
 30
4.0
  0
VERTEX
  8
0
 10
660244.2999999998
 20
1067887.0999999996
 30
4.0
  0
VERTEX
  8
0
 10
659885.4600000000
 20
1068137.0600000005
 30
4.0
  0
VERTEX
  8
0
 10
659979.1100000003
 20
1068464.0600000005
 30
4.0
  0
VERTEX
  8
0
 10
659932.2999999998
 20
1068605.0999999996
 30
4.0
  0
VERTEX
  8
0
 10
659620.2300000004
 20
1068698.0999999996
 30
4.0
  0
VERTEX
  8
0
 10
658840.4800000004
 20
1067700.0700000003
 30
4.0
  0
VERTEX
  8
0
 10
658076.2199999997
 20
1066920.0099999998
 30
4.0
  0
VERTEX
  8
0
 10
657842.1900000004
 20
1066827.0099999998
 30
4.0
  0
VERTEX
  8
0
 10
657389.8600000003
 20
1066764.0600000005
 30
4.0
  0
VERTEX
  8
0
 10
657062.2599999998
 20
1066951.0399999991
 30
4.0
  0
VERTEX
  8
0
 10
656781.6100000003
 20
1066905.0600000005
 30
4.0
  0
VERTEX
  8
0
 10
656578.7999999998
 20
1066749.0600000005
 30
4.0
  0
VERTEX
  8
0
 10
656110.8799999999
 20
1066000.0299999993
 30
4.0
  0
VERTEX
  8
0
 10
655830.1699999999
 20
1065782.0999999996
 30
4.0
  0
VERTEX
  8
0
 10
655705.3399999999
 20
1065610.0500000007
 30
4.0
  0
VERTEX
  8
0
 10
655830.2300000004
 20
1065345.0199999996
 30
4.0
  0
VERTEX
  8
0
 10
656142.0700000003
 20
1065282.0600000005
 30
4.0
  0
VERTEX
  8
0
 10
656204.5099999998
 20
1065205.0199999996
 30
4.0
  0
VERTEX
  8
0
 10
656048.4800000004
 20
1064986.0600000005
 30
4.0
  0
VERTEX
  8
0
 10
654441.9600000000
 20
1064503.0800000001
 30
4.0
  0
VERTEX
  8
0
 10
654129.9900000002
 20
1064518.0600000005
 30
4.0
  0
VERTEX
  8
0
 10
653630.9199999999
 20
1064659.0199999996
 30
4.0
  0
VERTEX
  8
0
 10
653350.2000000002
 20
1064627.0199999996
 30
4.0
  0
VERTEX
  8
0
 10
653100.5800000001
 20
1064503.0099999998
 30
4.0
  0
VERTEX
  8
0
 10
653022.5800000001
 20
1063957.0199999996
 30
4.0
  0
VERTEX
  8
0
 10
652851.0400000000
 20
1063848.0600000005
 30
4.0
  0
VERTEX
  8
0
 10
652071.1399999997
 20
1063957.0399999991
 30
4.0
  0
VERTEX
  8
0
 10
651790.2800000003
 20
1063848.0800000001
 30
4.0
  0
VERTEX
  8
0
 10
651556.3499999996
 20
1063614.0000000000
 30
4.0
  0
VERTEX
  8
0
 10
651587.5599999996
 20
1063442.0500000007
 30
4.0
  0
VERTEX
  8
0
 10
653022.6200000001
 20
1063083.0000000000
 30
4.0
  0
VERTEX
  8
0
 10
653209.7100000000
 20
1062958.0199999996
 30
4.0
  0
VERTEX
  8
0
 10
653412.5099999998
 20
1062912.0700000003
 30
4.0
  0
VERTEX
  8
0
 10
653615.2599999998
 20
1062958.0199999996
 30
4.0
  0
VERTEX
  8
0
 10
654348.2999999998
 20
1063551.0399999991
 30
4.0
  0
VERTEX
  8
0
 10
654644.7199999997
 20
1063395.0999999996
 30
4.0
  0
VERTEX
  8
0
 10
654691.5300000003
 20
1063224.0800000001
 30
4.0
  0
VERTEX
  8
0
 10
654800.7000000002
 20
1063099.0099999998
 30
4.0
  0
VERTEX
  8
0
 10
654987.9199999999
 20
1063052.0099999998
 30
4.0
  0
VERTEX
  8
0
 10
655034.7000000002
 20
1063021.0199999996
 30
4.0
  0
VERTEX
  8
0
 10
655190.6900000004
 20
1063146.0700000003
 30
4.0
  0
VERTEX
  8
0
 10
655050.3200000003
 20
1063489.0000000000
 30
4.0
  0
VERTEX
  8
0
 10
655143.7599999998
 20
1063692.0000000000
 30
4.0
  0
VERTEX
  8
0
 10
655440.1799999997
 20
1063567.0299999993
 30
4.0
  0
VERTEX
  8
0
 10
655799.0199999996
 20
1063317.0199999996
 30
4.0
  0
VERTEX
  8
0
 10
656032.9000000004
 20
1063316.9900000002
 30
4.0
  0
VERTEX
  8
0
 10
656578.7500000000
 20
1063442.0299999993
 30
4.0
  0
VERTEX
  8
0
 10
657062.3200000003
 20
1063707.0399999991
 30
4.0
  0
VERTEX
  8
0
 10
657187.2300000004
 20
1063941.0299999993
 30
4.0
  0
VERTEX
  8
0
 10
657062.3300000001
 20
1064939.0700000003
 30
4.0
  0
VERTEX
  8
0
 10
656953.1500000004
 20
1065251.0500000008
 30
4.0
  0
VERTEX
  8
0
 10
656968.7599999998
 20
1065454.0600000005
 30
4.0
  0
VERTEX
  8
0
 10
657093.4600000000
 20
1065579.0000000000
 30
4.0
  0
VERTEX
  8
0
 10
657311.9100000001
 20
1065438.0199999996
 30
4.0
  0
VERTEX
  8
0
 10
657655.1200000001
 20
1065641.0800000001
 30
4.0
  0
VERTEX
  8
0
 10
657733.0000000000
 20
1065782.0800000001
 30
4.0
  0
VERTEX
  8
0
 10
657842.2000000002
 20
1065782.0999999996
 30
4.0
  0
VERTEX
  8
0
 10
658076.1799999997
 20
1065626.0299999993
 30
4.0
  0
VERTEX
  8
0
 10
658247.7800000003
 20
1064830.0299999993
 30
4.0
  0
VERTEX
  8
0
 10
658356.9600000000
 20
1064705.0700000003
 30
4.0
  0
VERTEX
  8
0
 10
658559.7400000002
 20
1064612.0299999993
 30
4.0
  0
VERTEX
  8
0
 10
659526.8200000003
 20
1064939.0600000005
 30
4.0
  0
VERTEX
  8
0
 10
660306.6500000004
 20
1065392.0700000003
 30
4.0
  0
VERTEX
  8
0
 10
660665.3899999997
 20
1065376.0199999996
 30
4.0
  0
VERTEX
  8
0
 10
661148.9199999999
 20
1065485.0299999993
 30
4.0
  0
VERTEX
  8
0
 10
661881.9400000004
 20
1066203.0999999996
 30
4.0
  0
VERTEX
  8
0
 10
662677.4600000000
 20
1066593.0800000001
 30
4.0
  0
VERTEX
  8
0
 10
662459.1600000001
 20
1066749.0800000001
 30
4.0
  0
VERTEX
  8
0
 10
661788.3399999999
 20
1066733.0099999998
 30
4.0
  0
VERTEX
  8
0
 10
661070.9699999997
 20
1066873.0399999991
 30
4.0
  0
VERTEX
  8
0
 10
660010.2599999998
 20
1066795.0600000005
 30
4.0
  0
VERTEX
  8
0
 10
659495.5700000003
 20
1066842.0899999999
 30
4.0
  0
VERTEX
  8
0
 10
659370.7900000000
 20
1066920.0700000003
 30
4.0
  0
VERTEX
  8
0
 10
659370.8200000003
 20
1067014.0800000001
 30
4.0
  0
VERTEX
  8
0
 10
662568.2300000004
 20
1067106.9900000002
 30
4.0
  0
VERTEX
  8
0
 10
663098.7100000000
 20
1067217.0199999996
 30
4.0
  0
VERTEX
  8
0
 10
663972.0400000000
 20
1067653.0500000007
 30
4.0
  0
VERTEX
  8
0
 10
664330.7500000000
 20
1067965.0800000001
 30
4.0
  0
VERTEX
  8
0
 10
664424.4299999997
 20
1068277.0500000008
 30
4.0
  0
VERTEX
  8
0
 10
663987.6500000004
 20
1068324.0199999996
 30
4.0
  0
VERTEX
  8
0
 10
663285.7800000003
 20
1068262.0000000000
 30
4.0
  0
VERTEX
  8
0
 10
662911.5099999998
 20
1067918.0700000003
 30
4.0
  0
VERTEX
  8
0
 10
662318.6600000001
 20
1067716.0899999999
 30
4.0
  0
VERTEX
  8
0
 10
661960.0000000000
 20
1067669.0800000001
 30
4.0
  0
VERTEX
  8
0
 10
661336.0800000001
 20
1067903.0700000003
 30
4.0
  0
VERTEX
  8
0
 10
661071.0400000000
 20
1067903.0299999993
 30
4.0
  0
VERTEX
  8
0
 10
660306.6799999997
 20
1067544.0700000003
 30
4.0
  0
VERTEX
  8
0
 10
660103.8399999999
 20
1067653.0299999993
 30
4.0
  0
VERTEX
  8
0
 10
653537.2800000003
 20
1061570.0700000003
 30
4.0
  0
VERTEX
  8
0
 10
655549.3600000003
 20
1062007.0999999996
 30
4.0
  0
VERTEX
  8
0
 10
655783.2400000002
 20
1061929.0999999996
 30
4.0
  0
VERTEX
  8
0
 10
656085.2699999996
 20
1061938.2100000009
 30
4.0
  0
VERTEX
  8
0
 10
656313.6500000004
 20
1061945.0099999998
 30
4.0
  0
VERTEX
  8
0
 10
656859.5899999999
 20
1062210.0500000008
 30
4.0
  0
VERTEX
  8
0
 10
657467.8600000003
 20
1062397.0600000005
 30
4.0
  0
VERTEX
  8
0
 10
657533.0199999996
 20
1062378.8699999992
 30
4.0
  0
VERTEX
  8
0
 10
658247.7400000002
 20
1062179.0299999993
 30
4.0
  0
VERTEX
  8
0
 10
658497.2699999996
 20
1062272.0999999996
 30
4.0
  0
VERTEX
  8
0
 10
658653.2400000002
 20
1062506.0000000000
 30
4.0
  0
VERTEX
  8
0
 10
658700.0499999998
 20
1062834.0000000000
 30
4.0
  0
VERTEX
  8
0
 10
658902.7500000000
 20
1063021.0000000000
 30
4.0
  0
VERTEX
  8
0
 10
659620.2500000000
 20
1063068.0500000007
 30
4.0
  0
VERTEX
  8
0
 10
659670.7599999998
 20
1063063.8399999999
 30
4.0
  0
VERTEX
  8
0
 10
660368.9600000000
 20
1063005.0999999996
 30
4.0
  0
VERTEX
  8
0
 10
661226.8700000001
 20
1063177.0899999999
 30
4.0
  0
VERTEX
  8
0
 10
661375.8600000003
 20
1063269.4100000002
 30
4.0
  0
VERTEX
  8
0
 10
661554.5000000000
 20
1063380.0000000000
 30
4.0
  0
VERTEX
  8
0
 10
661897.5400000000
 20
1063754.0899999999
 30
4.0
  0
VERTEX
  8
0
 10
662091.0499999998
 20
1063877.0099999998
 30
4.0
  0
VERTEX
  8
0
 10
662240.7999999998
 20
1063972.0000000000
 30
4.0
  0
VERTEX
  8
0
 10
663083.0300000003
 20
1064284.1099999994
 30
4.0
  0
VERTEX
  8
0
 10
664382.1299999999
 20
1065406.5899999999
 30
4.0
  0
VERTEX
  8
0
 10
664455.6100000003
 20
1065470.0700000003
 30
4.0
  0
VERTEX
  8
0
 10
664923.4400000004
 20
1066406.0199999996
 30
4.0
  0
VERTEX
  8
0
 10
665500.6699999999
 20
1067092.0700000003
 30
4.0
  0
VERTEX
  8
0
 10
665718.9600000000
 20
1067513.0899999999
 30
4.0
  0
VERTEX
  8
0
 10
665765.9900000002
 20
1067748.2100000009
 30
4.0
  0
VERTEX
  8
0
 10
665797.0199999996
 20
1067903.0800000001
 30
4.0
  0
VERTEX
  8
0
 10
665765.7999999998
 20
1068386.0399999991
 30
4.0
  0
VERTEX
  8
0
 10
665875.0000000000
 20
1068932.0000000000
 30
4.0
  0
VERTEX
  8
0
 10
666077.7900000000
 20
1069182.0899999999
 30
4.0
  0
VERTEX
  8
0
 10
666264.9699999997
 20
1069291.0899999999
 30
4.0
  0
VERTEX
  8
0
 10
666389.6500000004
 20
1069509.0700000003
 30
4.0
  0
VERTEX
  8
0
 10
666418.1699999999
 20
1070004.1400000006
 30
4.0
  0
VERTEX
  8
0
 10
666436.5099999998
 20
1070321.0999999996
 30
4.0
  0
VERTEX
  8
0
 10
666311.6500000004
 20
1070539.0800000001
 30
4.0
  0
VERTEX
  8
0
 10
665999.7800000003
 20
1070414.0500000007
 30
4.0
  0
VERTEX
  8
0
 10
665875.0000000000
 20
1070243.0600000005
 30
4.0
  0
VERTEX
  8
0
 10
665828.2100000000
 20
1069806.0899999999
 30
4.0
  0
VERTEX
  8
0
 10
665761.9000000004
 20
1069712.7799999993
 30
4.0
  0
VERTEX
  8
0
 10
665329.1399999997
 20
1069104.0099999998
 30
4.0
  0
VERTEX
  8
0
 10
665407.0999999996
 20
1068870.0899999999
 30
4.0
  0
VERTEX
  8
0
 10
665313.3499999996
 20
1068776.3399999999
 30
4.0
  0
VERTEX
  8
0
 10
665141.9199999999
 20
1068605.0399999991
 30
4.0
  0
VERTEX
  8
0
 10
664705.2199999997
 20
1068386.0000000000
 30
4.0
  0
VERTEX
  8
0
 10
664580.3899999997
 20
1068199.0999999996
 30
4.0
  0
VERTEX
  8
0
 10
664455.5499999998
 20
1067763.0099999998
 30
4.0
  0
VERTEX
  8
0
 10
664431.7100000000
 20
1067742.0000000000
 30
4.0
  0
VERTEX
  8
0
 10
664330.7999999998
 20
1067653.0800000001
 30
4.0
  0
VERTEX
  8
0
 10
663582.1699999999
 20
1067263.0399999991
 30
4.0
  0
VERTEX
  8
0
 10
663560.7599999998
 20
1067241.5999999996
 30
4.0
  0
VERTEX
  8
0
 10
663285.8200000003
 20
1066967.0000000000
 30
4.0
  0
VERTEX
  8
0
 10
663195.3200000003
 20
1066706.5899999999
 30
4.0
  0
VERTEX
  8
0
 10
663160.9600000000
 20
1066608.0099999998
 30
4.0
  0
VERTEX
  8
0
 10
663202.3600000003
 20
1066550.2400000002
 30
4.0
  0
VERTEX
  8
0
 10
663239.0199999996
 20
1066499.0800000001
 30
4.0
  0
VERTEX
  8
0
 10
663560.8099999996
 20
1066550.2500000000
 30
4.0
  0
VERTEX
  8
0
 10
663629.0300000003
 20
1066561.0500000007
 30
4.0
  0
VERTEX
  8
0
 10
663741.8600000003
 20
1066457.9199999999
 30
4.0
  0
VERTEX
  8
0
 10
663816.1200000001
 20
1066390.0000000000
 30
4.0
  0
VERTEX
  8
0
 10
663597.8200000003
 20
1065813.0500000008
 30
4.0
  0
VERTEX
  8
0
 10
663402.3600000003
 20
1065637.0000000000
 30
4.0
  0
VERTEX
  8
0
 10
663285.8200000003
 20
1065532.0899999999
 30
4.0
  0
VERTEX
  8
0
 10
662802.3300000001
 20
1064955.0999999996
 30
4.0
  0
VERTEX
  8
0
 10
661897.5400000000
 20
1064315.0299999993
 30
4.0
  0
VERTEX
  8
0
 10
661513.6699999999
 20
1064097.6099999994
 30
4.0
  0
VERTEX
  8
0
 10
660493.7599999998
 20
1063520.0099999998
 30
4.0
  0
VERTEX
  8
0
 10
659495.6399999997
 20
1063130.0000000000
 30
4.0
  0
VERTEX
  8
0
 10
658871.7100000000
 20
1063224.0299999993
 30
4.0
  0
VERTEX
  8
0
 10
658388.1600000001
 20
1063083.0800000001
 30
4.0
  0
VERTEX
  8
0
 10
658372.4600000000
 20
1062771.0299999993
 30
4.0
  0
VERTEX
  8
0
 10
658030.3200000003
 20
1062749.7899999991
 30
4.0
  0
VERTEX
  8
0
 10
657873.4100000001
 20
1062740.0600000005
 30
4.0
  0
VERTEX
  8
0
 10
657599.9100000001
 20
1062788.7899999991
 30
4.0
  0
VERTEX
  8
0
 10
656734.8099999996
 20
1062943.0000000000
 30
4.0
  0
VERTEX
  8
0
 10
655518.1699999999
 20
1063021.0199999996
 30
4.0
  0
VERTEX
  8
0
 10
653256.4299999997
 20
1062724.0899999999
 30
4.0
  0
VERTEX
  8
0
 10
651946.3399999999
 20
1062600.0999999996
 30
4.0
  0
VERTEX
  8
0
 10
651768.1299999999
 20
1062510.6899999995
 30
4.0
  0
VERTEX
  8
0
 10
651509.6200000001
 20
1062381.0299999993
 30
4.0
  0
VERTEX
  8
0
 10
651228.8200000003
 20
1062147.0999999996
 30
4.0
  0
VERTEX
  8
0
 10
650776.5400000000
 20
1062085.0199999996
 30
4.0
  0
VERTEX
  8
0
 10
650511.3200000003
 20
1062179.0700000003
 30
4.0
  0
VERTEX
  8
0
 10
650183.8399999999
 20
1062584.0700000003
 30
4.0
  0
VERTEX
  8
0
 10
649914.0800000001
 20
1062579.2500000000
 30
4.0
  0
VERTEX
  8
0
 10
649341.5300000003
 20
1062569.0099999998
 30
4.0
  0
VERTEX
  8
0
 10
649012.9600000000
 20
1062448.2599999998
 30
4.0
  0
VERTEX
  8
0
 10
648873.5599999996
 20
1062397.0600000005
 30
4.0
  0
VERTEX
  8
0
 10
648031.3099999996
 20
1062225.0899999999
 30
4.0
  0
VERTEX
  8
0
 10
647204.6600000001
 20
1062163.0099999998
 30
4.0
  0
VERTEX
  8
0
 10
647162.1799999997
 20
1062134.8699999992
 30
4.0
  0
VERTEX
  8
0
 10
647111.0599999996
 20
1062101.0500000008
 30
4.0
  0
VERTEX
  8
0
 10
646974.8399999999
 20
1062075.8599999994
 30
4.0
  0
VERTEX
  8
0
 10
645925.6799999997
 20
1061882.0000000000
 30
4.0
  0
VERTEX
  8
0
 10
644974.1399999997
 20
1061929.0899999999
 30
4.0
  0
VERTEX
  8
0
 10
644864.2999999998
 20
1061892.3900000006
 30
4.0
  0
VERTEX
  8
0
 10
644740.3300000001
 20
1061851.0000000000
 30
4.0
  0
VERTEX
  8
0
 10
644584.3099999996
 20
1061695.0299999993
 30
4.0
  0
VERTEX
  8
0
 10
644829.4299999997
 20
1061655.0399999991
 30
4.0
  0
VERTEX
  8
0
 10
645442.1500000004
 20
1061555.0999999996
 30
4.0
  0
VERTEX
  8
0
 10
646237.5899999999
 20
1061601.0899999999
 30
4.0
  0
VERTEX
  8
0
 10
646627.4500000002
 20
1061742.0700000003
 30
4.0
  0
VERTEX
  8
0
 10
647735.0000000000
 20
1061882.0899999999
 30
4.0
  0
VERTEX
  8
0
 10
648733.1799999997
 20
1061757.0600000005
 30
4.0
  0
VERTEX
  8
0
 10
649747.1100000003
 20
1061898.0999999996
 30
4.0
  0
VERTEX
  8
0
 10
650854.5400000000
 20
1061929.0600000005
 30
4.0
  0
VERTEX
  8
0
 10
652367.5400000000
 20
1061851.0899999999
 30
4.0
  0
VERTEX
  8
0
 10
653537.2800000003
 20
1061570.0700000003
 30
4.0
  0
VERTEX
  8
0
 10
666436.5000000000
 20
1067809.0299999993
 30
4.0
  0
VERTEX
  8
0
 10
665640.9500000002
 20
1066764.0899999999
 30
4.0
  0
VERTEX
  8
0
 10
665469.4900000002
 20
1066172.0700000003
 30
4.0
  0
VERTEX
  8
0
 10
665422.7300000004
 20
1065626.0500000008
 30
4.0
  0
VERTEX
  8
0
 10
665562.9500000002
 20
1065189.0299999993
 30
4.0
  0
VERTEX
  8
0
 10
665516.3200000003
 20
1064986.0999999996
 30
4.0
  0
VERTEX
  8
0
 10
665360.2800000003
 20
1064877.0199999996
 30
4.0
  0
VERTEX
  8
0
 10
665079.4400000004
 20
1064846.0299999993
 30
4.0
  0
VERTEX
  8
0
 10
664595.9699999997
 20
1064971.1099999994
 30
4.0
  0
VERTEX
  8
0
 10
664439.9400000004
 20
1064939.0099999998
 30
4.0
  0
VERTEX
  8
0
 10
664315.2199999997
 20
1064596.0399999991
 30
4.0
  0
VERTEX
  8
0
 10
664346.5400000000
 20
1064035.0099999998
 30
4.0
  0
VERTEX
  8
0
 10
664736.3799999999
 20
1063738.0899999999
 30
4.0
  0
VERTEX
  8
0
 10
665001.4699999997
 20
1063707.0800000001
 30
4.0
  0
VERTEX
  8
0
 10
665859.4000000004
 20
1064690.0999999996
 30
4.0
  0
VERTEX
  8
0
 10
666452.0499999998
 20
1064971.0999999996
 30
4.0
  0
VERTEX
  8
0
 10
666701.6699999999
 20
1065236.0899999999
 30
4.0
  0
VERTEX
  8
0
 10
666826.5199999996
 20
1065470.0199999996
 30
4.0
  0
VERTEX
  8
0
 10
666920.0199999996
 20
1066062.0399999991
 30
4.0
  0
VERTEX
  8
0
 10
666935.7100000000
 20
1066608.0299999993
 30
4.0
  0
VERTEX
  8
0
 10
667044.7699999996
 20
1067107.0999999996
 30
4.0
  0
VERTEX
  8
0
 10
667824.6699999999
 20
1068402.0700000003
 30
4.0
  0
VERTEX
  8
0
 10
668245.7800000003
 20
1070180.0000000000
 30
4.0
  0
VERTEX
  8
0
 10
667606.3399999999
 20
1070274.0099999998
 30
4.0
  0
VERTEX
  8
0
 10
667372.2800000003
 20
1070149.0800000001
 30
4.0
  0
VERTEX
  8
0
 10
667029.1399999997
 20
1069775.0500000008
 30
4.0
  0
VERTEX
  8
0
 10
666608.1200000001
 20
1069712.0000000000
 30
4.0
  0
VERTEX
  8
0
 10
666452.0899999999
 20
1069509.0199999996
 30
4.0
  0
VERTEX
  8
0
 10
666405.3300000001
 20
1069291.0500000007
 30
4.0
  0
VERTEX
  8
0
 10
666561.2599999998
 20
1068480.0399999991
 30
4.0
  0
VERTEX
  8
0
 10
666561.2999999998
 20
1068199.0099999998
 30
4.0
  0
VERTEX
  8
0
 10
666436.5000000000
 20
1067809.0299999993
 30
4.0
  0
VERTEX
  8
0
 10
668885.2400000002
 20
1065360.0999999996
 30
4.0
  0
VERTEX
  8
0
 10
669197.2400000002
 20
1065392.0299999993
 30
4.0
  0
VERTEX
  8
0
 10
669446.8300000001
 20
1065610.0500000007
 30
4.0
  0
VERTEX
  8
0
 10
669618.4400000004
 20
1065938.0899999999
 30
4.0
  0
VERTEX
  8
0
 10
670086.2599999998
 20
1066265.0399999991
 30
4.0
  0
VERTEX
  8
0
 10
670757.0199999996
 20
1066374.0500000008
 30
4.0
  0
VERTEX
  8
0
 10
671162.6299999999
 20
1066624.0899999999
 30
4.0
  0
VERTEX
  8
0
 10
671459.0400000000
 20
1066967.0899999999
 30
4.0
  0
VERTEX
  8
0
 10
671552.4400000004
 20
1067326.0999999996
 30
4.0
  0
VERTEX
  8
0
 10
671474.4299999997
 20
1067607.0000000000
 30
4.0
  0
VERTEX
  8
0
 10
671349.7699999996
 20
1067653.0999999996
 30
4.0
  0
VERTEX
  8
0
 10
670991.0300000003
 20
1067357.0399999991
 30
4.0
  0
VERTEX
  8
0
 10
670772.7199999997
 20
1066951.0299999993
 30
4.0
  0
VERTEX
  8
0
 10
670585.4600000000
 20
1066811.0299999993
 30
4.0
  0
VERTEX
  8
0
 10
670460.6799999997
 20
1066858.0199999996
 30
4.0
  0
VERTEX
  8
0
 10
670320.3099999996
 20
1067170.0600000005
 30
4.0
  0
VERTEX
  8
0
 10
670413.8399999999
 20
1068012.0600000005
 30
4.0
  0
VERTEX
  8
0
 10
670335.9100000001
 20
1068808.0399999991
 30
4.0
  0
VERTEX
  8
0
 10
670476.2900000000
 20
1069697.0399999991
 30
4.0
  0
VERTEX
  8
0
 10
670725.8099999996
 20
1070211.0299999993
 30
4.0
  0
VERTEX
  8
0
 10
670772.6799999997
 20
1070617.0500000008
 30
4.0
  0
VERTEX
  8
0
 10
670710.2300000004
 20
1070882.0999999996
 30
4.0
  0
VERTEX
  8
0
 10
670632.3300000001
 20
1070976.0899999999
 30
4.0
  0
VERTEX
  8
0
 10
670460.7000000002
 20
1071022.0899999999
 30
4.0
  0
VERTEX
  8
0
 10
670164.2900000000
 20
1070976.0600000005
 30
4.0
  0
VERTEX
  8
0
 10
669712.0199999996
 20
1070523.0700000003
 30
4.0
  0
VERTEX
  8
0
 10
668994.5000000000
 20
1070118.0000000000
 30
4.0
  0
VERTEX
  8
0
 10
668963.2999999998
 20
1069712.0600000005
 30
4.0
  0
VERTEX
  8
0
 10
668604.6200000001
 20
1069088.0899999999
 30
4.0
  0
VERTEX
  8
0
 10
668479.8099999996
 20
1068730.0700000003
 30
4.0
  0
VERTEX
  8
0
 10
668635.8300000001
 20
1067934.0000000000
 30
4.0
  0
VERTEX
  8
0
 10
668542.1699999999
 20
1067357.0099999998
 30
4.0
  0
VERTEX
  8
0
 10
668167.7900000000
 20
1066873.0000000000
 30
4.0
  0
VERTEX
  8
0
 10
667809.1200000001
 20
1066187.1099999994
 30
4.0
  0
VERTEX
  8
0
 10
667933.9100000001
 20
1065672.0500000008
 30
4.0
  0
VERTEX
  8
0
 10
668885.2400000002
 20
1065360.0999999996
 30
4.0
  0
VERTEX
  8
0
 10
671474.5099999998
 20
1068886.0099999998
 30
4.0
  0
VERTEX
  8
0
 10
671459.0099999998
 20
1068605.0099999998
 30
4.0
  0
VERTEX
  8
0
 10
671505.6699999999
 20
1068480.0199999996
 30
4.0
  0
VERTEX
  8
0
 10
671817.6799999997
 20
1068433.0000000000
 30
4.0
  0
VERTEX
  8
0
 10
672098.5099999998
 20
1068652.0800000001
 30
4.0
  0
VERTEX
  8
0
 10
672332.3700000001
 20
1069010.0700000003
 30
4.0
  0
VERTEX
  8
0
 10
672332.3700000001
 20
1071225.0099999998
 30
4.0
  0
VERTEX
  8
0
 10
671599.2999999998
 20
1070414.0099999998
 30
4.0
  0
VERTEX
  8
0
 10
671474.4600000000
 20
1070118.0199999996
 30
4.0
  0
VERTEX
  8
0
 10
671552.5300000003
 20
1069868.0800000001
 30
4.0
  0
VERTEX
  8
0
 10
671739.7300000004
 20
1069899.0299999993
 30
4.0
  0
VERTEX
  8
0
 10
672098.4900000002
 20
1070087.0399999991
 30
4.0
  0
VERTEX
  8
0
 10
672129.6799999997
 20
1069962.0899999999
 30
4.0
  0
VERTEX
  8
0
 10
672051.6399999997
 20
1069728.0299999993
 30
4.0
  0
VERTEX
  8
0
 10
671630.4600000000
 20
1069197.0800000001
 30
4.0
  0
VERTEX
  8
0
 10
671474.5099999998
 20
1068886.0099999998
 30
4.0
  0
VERTEX
  8
0
 10
659682.7900000000
 20
1069213.0800000001
 30
4.0
  0
VERTEX
  8
0
 10
660291.0099999998
 20
1069307.0500000008
 30
4.0
  0
VERTEX
  8
0
 10
660712.2100000000
 20
1069275.0000000000
 30
4.0
  0
VERTEX
  8
0
 10
661360.2300000004
 20
1069325.6799999997
 30
4.0
  0
VERTEX
  8
0
 10
661710.5099999998
 20
1069353.0800000001
 30
4.0
  0
VERTEX
  8
0
 10
662482.5700000003
 20
1069599.0800000001
 30
4.0
  0
VERTEX
  8
0
 10
662739.8799999999
 20
1069681.0399999991
 30
4.0
  0
VERTEX
  8
0
 10
664299.6600000001
 20
1070773.0600000005
 30
4.0
  0
VERTEX
  8
0
 10
664783.1900000004
 20
1070991.0800000001
 30
4.0
  0
VERTEX
  8
0
 10
665422.6500000004
 20
1071381.0000000000
 30
4.0
  0
VERTEX
  8
0
 10
665687.7800000003
 20
1071678.0399999991
 30
4.0
  0
VERTEX
  8
0
 10
665968.5899999999
 20
1072223.0000000000
 30
4.0
  0
VERTEX
  8
0
 10
666140.1699999999
 20
1072379.0399999991
 30
4.0
  0
VERTEX
  8
0
 10
666498.9299999997
 20
1072567.0000000000
 30
4.0
  0
VERTEX
  8
0
 10
666558.3899999997
 20
1072694.5800000001
 30
4.0
  0
VERTEX
  8
0
 10
666608.0599999996
 20
1072801.0800000001
 30
4.0
  0
VERTEX
  8
0
 10
666561.1600000001
 20
1072834.5000000000
 30
4.0
  0
VERTEX
  8
0
 10
666389.6500000004
 20
1072957.0500000007
 30
4.0
  0
VERTEX
  8
0
 10
666186.9400000004
 20
1072941.0000000000
 30
4.0
  0
VERTEX
  8
0
 10
665360.2999999998
 20
1072551.0000000000
 30
4.0
  0
VERTEX
  8
0
 10
665063.9199999999
 20
1072301.0500000007
 30
4.0
  0
VERTEX
  8
0
 10
664814.2699999996
 20
1072177.0700000003
 30
4.0
  0
VERTEX
  8
0
 10
664237.2999999998
 20
1072052.0999999996
 30
4.0
  0
VERTEX
  8
0
 10
662926.9800000004
 20
1071646.0899999999
 30
4.0
  0
VERTEX
  8
0
 10
661414.0999999996
 20
1071490.0999999996
 30
4.0
  0
VERTEX
  8
0
 10
661279.9800000004
 20
1071417.9700000007
 30
4.0
  0
VERTEX
  8
0
 10
661211.3399999999
 20
1071381.0600000005
 30
4.0
  0
VERTEX
  8
0
 10
661211.3300000001
 20
1071232.0800000001
 30
4.0
  0
VERTEX
  8
0
 10
661211.2500000000
 20
1071147.0299999993
 30
4.0
  0
VERTEX
  8
0
 10
661663.6600000001
 20
1070976.0199999996
 30
4.0
  0
VERTEX
  8
0
 10
662334.3399999999
 20
1071085.0899999999
 30
4.0
  0
VERTEX
  8
0
 10
663176.5700000003
 20
1071334.0700000003
 30
4.0
  0
VERTEX
  8
0
 10
664767.5700000003
 20
1071943.0600000005
 30
4.0
  0
VERTEX
  8
0
 10
664797.4500000002
 20
1071936.6600000002
 30
4.0
  0
VERTEX
  8
0
 10
664985.9400000004
 20
1071896.0199999996
 30
4.0
  0
VERTEX
  8
0
 10
665126.2500000000
 20
1071631.0899999999
 30
4.0
  0
VERTEX
  8
0
 10
664408.7999999998
 20
1071132.0999999996
 30
4.0
  0
VERTEX
  8
0
 10
664016.4900000002
 20
1070983.1699999999
 30
4.0
  0
VERTEX
  8
0
 10
663831.6699999999
 20
1070913.0199999996
 30
4.0
  0
VERTEX
  8
0
 10
663207.8399999999
 20
1070757.0000000000
 30
4.0
  0
VERTEX
  8
0
 10
662193.9400000004
 20
1070336.0700000003
 30
4.0
  0
VERTEX
  8
0
 10
659885.4400000004
 20
1069556.0299999993
 30
4.0
  0
VERTEX
  8
0
 10
659417.5599999996
 20
1069338.0399999991
 30
4.0
  0
VERTEX
  8
0
 10
658388.1600000001
 20
1069478.0999999996
 30
4.0
  0
VERTEX
  8
0
 10
657093.5099999998
 20
1069416.0199999996
 30
4.0
  0
VERTEX
  8
0
 10
656521.7800000003
 20
1069203.2699999996
 30
4.0
  0
VERTEX
  8
0
 10
656298.0499999998
 20
1069120.0500000008
 30
4.0
  0
VERTEX
  8
0
 10
655377.7999999998
 20
1068823.0299999993
 30
4.0
  0
VERTEX
  8
0
 10
655260.1200000001
 20
1068807.6199999992
 30
4.0
  0
VERTEX
  8
0
 10
655019.0400000000
 20
1068776.0899999999
 30
4.0
  0
VERTEX
  8
0
 10
654925.5000000000
 20
1068574.0800000001
 30
4.0
  0
VERTEX
  8
0
 10
654958.3200000003
 20
1068519.3699999992
 30
4.0
  0
VERTEX
  8
0
 10
654972.2500000000
 20
1068496.0899999999
 30
4.0
  0
VERTEX
  8
0
 10
655160.5300000003
 20
1068452.4100000002
 30
4.0
  0
VERTEX
  8
0
 10
655175.0199999996
 20
1068449.0399999991
 30
4.0
  0
VERTEX
  8
0
 10
656064.0800000001
 20
1068542.0999999996
 30
4.0
  0
VERTEX
  8
0
 10
657966.9600000000
 20
1068886.0700000003
 30
4.0
  0
VERTEX
  8
0
 10
658451.4500000002
 20
1068941.7599999998
 30
4.0
  0
VERTEX
  8
0
 10
659324.0099999998
 20
1069042.0099999998
 30
4.0
  0
VERTEX
  8
0
 10
659551.1500000004
 20
1069150.3699999992
 30
4.0
  0
VERTEX
  8
0
 10
659682.7900000000
 20
1069213.0800000001
 30
4.0
  0
VERTEX
  8
0
 10
668729.3300000001
 20
1089038.0600000005
 30
4.0
  0
VERTEX
  8
0
 10
668854.1399999997
 20
1088897.0600000005
 30
4.0
  0
VERTEX
  8
0
 10
668978.8499999996
 20
1088757.0600000005
 30
4.0
  0
VERTEX
  8
0
 10
669290.8899999997
 20
1088523.0199999996
 30
4.0
  0
VERTEX
  8
0
 10
669571.6699999999
 20
1088336.0700000003
 30
4.0
  0
VERTEX
  8
0
 10
669711.9800000004
 20
1088211.0700000003
 30
4.0
  0
VERTEX
  8
0
 10
669727.6299999999
 20
1088008.0800000001
 30
4.0
  0
VERTEX
  8
0
 10
669727.5800000001
 20
1087899.0199999996
 30
4.0
  0
VERTEX
  8
0
 10
669649.5700000003
 20
1087665.0700000003
 30
4.0
  0
VERTEX
  8
0
 10
669556.0000000000
 20
1087525.0600000005
 30
4.0
  0
VERTEX
  8
0
 10
669446.7699999996
 20
1087306.0000000000
 30
4.0
  0
VERTEX
  8
0
 10
669275.2699999996
 20
1087150.0299999993
 30
4.0
  0
VERTEX
  8
0
 10
669088.0800000001
 20
1086994.0000000000
 30
4.0
  0
VERTEX
  8
0
 10
668963.2699999996
 20
1086823.0999999996
 30
4.0
  0
VERTEX
  8
0
 10
668776.1900000004
 20
1086620.0600000005
 30
4.0
  0
VERTEX
  8
0
 10
668323.7900000000
 20
1086386.0500000008
 30
4.0
  0
VERTEX
  8
0
 10
668089.7500000000
 20
1086230.0299999993
 30
4.0
  0
VERTEX
  8
0
 10
667855.9100000001
 20
1086105.0899999999
 30
4.0
  0
VERTEX
  8
0
 10
667684.2699999996
 20
1086074.0000000000
 30
4.0
  0
VERTEX
  8
0
 10
667497.2400000002
 20
1086074.0299999993
 30
4.0
  0
VERTEX
  8
0
 10
667341.2300000004
 20
1086105.0700000003
 30
4.0
  0
VERTEX
  8
0
 10
667216.4400000004
 20
1086168.0999999996
 30
4.0
  0
VERTEX
  8
0
 10
667169.5700000003
 20
1086199.0800000001
 30
4.0
  0
VERTEX
  8
0
 10
666888.7999999998
 20
1086480.0600000005
 30
4.0
  0
VERTEX
  8
0
 10
666826.5400000000
 20
1086589.0500000008
 30
4.0
  0
VERTEX
  8
0
 10
666623.6699999999
 20
1086916.0600000005
 30
4.0
  0
VERTEX
  8
0
 10
666498.9100000001
 20
1087119.0099999998
 30
4.0
  0
VERTEX
  8
0
 10
666467.7199999997
 20
1087150.0500000007
 30
4.0
  0
VERTEX
  8
0
 10
666171.3300000001
 20
1087712.0099999998
 30
4.0
  0
VERTEX
  8
0
 10
665859.3499999996
 20
1088227.0999999996
 30
4.0
  0
VERTEX
  8
0
 10
665516.2900000000
 20
1088632.0199999996
 30
4.0
  0
VERTEX
  8
0
 10
665141.9199999999
 20
1089100.0600000005
 30
4.0
  0
VERTEX
  8
0
 10
665874.9400000004
 20
1089318.0399999991
 30
4.0
  0
VERTEX
  8
0
 10
666296.1500000004
 20
1088804.0999999996
 30
4.0
  0
VERTEX
  8
0
 10
666467.7400000002
 20
1088383.0399999991
 30
4.0
  0
VERTEX
  8
0
 10
666530.0599999996
 20
1088039.0199999996
 30
4.0
  0
VERTEX
  8
0
 10
667278.8300000001
 20
1088102.0299999993
 30
4.0
  0
VERTEX
  8
0
 10
667403.5800000001
 20
1088289.0800000001
 30
4.0
  0
VERTEX
  8
0
 10
667278.8300000001
 20
1089116.0299999993
 30
4.0
  0
VERTEX
  8
0
 10
667356.7699999996
 20
1089318.0099999998
 30
4.0
  0
VERTEX
  8
0
 10
668011.7599999998
 20
1089615.0999999996
 30
4.0
  0
VERTEX
  8
0
 10
668292.7100000000
 20
1089365.0899999999
 30
4.0
  0
VERTEX
  8
0
 10
668573.4400000004
 20
1089116.0899999999
 30
4.0
  0
VERTEX
  8
0
 10
668729.3300000001
 20
1089038.0600000005
 30
4.0
  0
SEQEND
  8
0
  0
POLYLINE
  8
0
 66
     1
 10
0.0
 20
0.0
 30
0.0
 70
     1
  0
VERTEX
  8
0
 10
643960.2900000000
 20
1097024.0500000008
 30
5.0
  0
VERTEX
  8
0
 10
643804.3899999997
 20
1096946.0500000008
 30
5.0
  0
VERTEX
  8
0
 10
643819.9900000002
 20
1096634.0500000008
 30
5.0
  0
VERTEX
  8
0
 10
643991.5899999999
 20
1096618.0500000008
 30
5.0
  0
VERTEX
  8
0
 10
644506.2900000000
 20
1096961.0500000008
 30
5.0
  0
VERTEX
  8
0
 10
644989.7900000000
 20
1096883.0500000007
 30
5.0
  0
VERTEX
  8
0
 10
645223.7900000000
 20
1097055.0500000008
 30
5.0
  0
VERTEX
  8
0
 10
645629.2900000000
 20
1097211.0500000008
 30
5.0
  0
VERTEX
  8
0
 10
645738.4900000002
 20
1097195.0500000007
 30
5.0
  0
VERTEX
  8
0
 10
645660.4900000002
 20
1096852.0500000007
 30
5.0
  0
VERTEX
  8
0
 10
644412.6900000004
 20
1096462.0500000008
 30
5.0
  0
VERTEX
  8
0
 10
644085.1900000004
 20
1096275.0500000008
 30
5.0
  0
VERTEX
  8
0
 10
643710.7800000003
 20
1096244.0500000008
 30
5.0
  0
VERTEX
  8
0
 10
643274.0800000001
 20
1096322.0500000008
 30
5.0
  0
VERTEX
  8
0
 10
642837.2900000000
 20
1096228.0500000008
 30
5.0
  0
VERTEX
  8
0
 10
642759.2900000000
 20
1096072.0500000008
 30
5.0
  0
VERTEX
  8
0
 10
642774.9900000002
 20
1095869.0500000008
 30
5.0
  0
VERTEX
  8
0
 10
643164.8799999999
 20
1095698.0500000008
 30
5.0
  0
VERTEX
  8
0
 10
643196.0899999999
 20
1095573.0500000008
 30
5.0
  0
VERTEX
  8
0
 10
643133.6900000004
 20
1095417.0500000008
 30
5.0
  0
VERTEX
  8
0
 10
642806.1900000004
 20
1095199.0500000008
 30
5.0
  0
VERTEX
  8
0
 10
642681.2900000000
 20
1094996.0500000007
 30
5.0
  0
VERTEX
  8
0
 10
642743.7900000000
 20
1094887.0500000008
 30
5.0
  0
VERTEX
  8
0
 10
642946.4900000002
 20
1094871.0500000007
 30
5.0
  0
VERTEX
  8
0
 10
643040.0899999999
 20
1094918.0500000008
 30
5.0
  0
VERTEX
  8
0
 10
643445.6900000004
 20
1095464.0500000007
 30
5.0
  0
VERTEX
  8
0
 10
643523.6900000004
 20
1095323.0500000008
 30
5.0
  0
VERTEX
  8
0
 10
643461.1900000004
 20
1095105.0500000008
 30
5.0
  0
VERTEX
  8
0
 10
643149.2900000000
 20
1094824.0500000008
 30
5.0
  0
VERTEX
  8
0
 10
643071.2900000000
 20
1094668.0500000008
 30
5.0
  0
VERTEX
  8
0
 10
643102.4900000002
 20
1094434.0500000007
 30
5.0
  0
VERTEX
  8
0
 10
643663.9900000002
 20
1094746.0500000007
 30
5.0
  0
VERTEX
  8
0
 10
643601.6900000004
 20
1094544.0500000008
 30
5.0
  0
VERTEX
  8
0
 10
642587.7900000000
 20
1093467.0500000008
 30
5.0
  0
VERTEX
  8
0
 10
641963.8899999997
 20
1092407.0500000008
 30
5.0
  0
VERTEX
  8
0
 10
641870.2900000000
 20
1092017.0500000007
 30
5.0
  0
VERTEX
  8
0
 10
641901.4900000002
 20
1091736.0500000007
 30
5.0
  0
VERTEX
  8
0
 10
641979.4900000002
 20
1091627.0500000008
 30
5.0
  0
VERTEX
  8
0
 10
642135.4900000002
 20
1091658.0500000008
 30
5.0
  0
VERTEX
  8
0
 10
642494.1900000004
 20
1091892.0500000007
 30
5.0
  0
VERTEX
  8
0
 10
643336.4900000002
 20
1092968.0500000008
 30
5.0
  0
VERTEX
  8
0
 10
643851.1900000004
 20
1093733.0500000007
 30
5.0
  0
VERTEX
  8
0
 10
644475.0899999999
 20
1094512.0500000008
 30
5.0
  0
VERTEX
  8
0
 10
644849.3899999997
 20
1094809.0399999991
 30
5.0
  0
VERTEX
  8
0
 10
645676.0899999999
 20
1095183.0500000007
 30
5.0
  0
VERTEX
  8
0
 10
645660.4900000002
 20
1094325.0500000008
 30
5.0
  0
VERTEX
  8
0
 10
645722.8899999997
 20
1093966.0500000007
 30
5.0
  0
VERTEX
  8
0
 10
646065.9900000002
 20
1093592.0500000008
 30
5.0
  0
VERTEX
  8
0
 10
646424.7900000000
 20
1093779.0500000007
 30
5.0
  0
VERTEX
  8
0
 10
646596.2900000000
 20
1093811.0500000008
 30
5.0
  0
VERTEX
  8
0
 10
646861.4900000002
 20
1093764.0500000008
 30
5.0
  0
VERTEX
  8
0
 10
646970.6900000004
 20
1093686.0500000008
 30
5.0
  0
VERTEX
  8
0
 10
647001.8899999997
 20
1093436.0500000008
 30
5.0
  0
VERTEX
  8
0
 10
646596.2900000000
 20
1092734.0500000007
 30
5.0
  0
VERTEX
  8
0
 10
646502.7900000000
 20
1092110.0500000007
 30
5.0
  0
VERTEX
  8
0
 10
646315.5899999999
 20
1091767.0500000007
 30
5.0
  0
VERTEX
  8
0
 10
645894.4900000002
 20
1092095.0500000008
 30
5.0
  0
VERTEX
  8
0
 10
645629.2900000000
 20
1092126.0500000008
 30
5.0
  0
VERTEX
  8
0
 10
644662.2900000000
 20
1091533.0500000008
 30
5.0
  0
VERTEX
  8
0
 10
644194.2900000000
 20
1091596.0500000008
 30
5.0
  0
VERTEX
  8
0
 10
643585.9900000002
 20
1091206.0500000008
 30
5.0
  0
VERTEX
  8
0
 10
643461.1900000004
 20
1090941.0500000007
 30
5.0
  0
VERTEX
  8
0
 10
643492.4900000002
 20
1090738.0500000008
 30
5.0
  0
VERTEX
  8
0
 10
643726.3899999997
 20
1090738.0500000008
 30
5.0
  0
VERTEX
  8
0
 10
644209.8899999997
 20
1091081.0500000008
 30
5.0
  0
VERTEX
  8
0
 10
644334.6900000004
 20
1090753.0500000008
 30
5.0
  0
VERTEX
  8
0
 10
644662.2900000000
 20
1090613.0500000008
 30
5.0
  0
VERTEX
  8
0
 10
644974.1900000004
 20
1090098.0500000007
 30
5.0
  0
VERTEX
  8
0
 10
644303.4900000002
 20
1089989.0500000008
 30
5.0
  0
VERTEX
  8
0
 10
644241.1900000004
 20
1089693.0500000007
 30
5.0
  0
VERTEX
  8
0
 10
644287.8899999997
 20
1089599.0500000007
 30
5.0
  0
VERTEX
  8
0
 10
644708.9800000004
 20
1089303.0500000008
 30
5.0
  0
VERTEX
  8
0
 10
644537.4900000002
 20
1089038.0500000008
 30
5.0
  0
VERTEX
  8
0
 10
644178.6900000004
 20
1088694.0500000007
 30
5.0
  0
VERTEX
  8
0
 10
643897.9900000002
 20
1088180.0500000007
 30
5.0
  0
VERTEX
  8
0
 10
643274.0800000001
 20
1088414.0500000008
 30
5.0
  0
VERTEX
  8
0
 10
643227.2900000000
 20
1088601.0500000008
 30
5.0
  0
VERTEX
  8
0
 10
643476.7900000000
 20
1088882.0500000008
 30
5.0
  0
VERTEX
  8
0
 10
643476.7900000000
 20
1088991.0500000008
 30
5.0
  0
VERTEX
  8
0
 10
643289.6900000004
 20
1089116.0500000008
 30
5.0
  0
VERTEX
  8
0
 10
643086.8899999997
 20
1089131.0500000007
 30
5.0
  0
VERTEX
  8
0
 10
642400.5899999999
 20
1088835.0500000008
 30
5.0
  0
VERTEX
  8
0
 10
642026.2900000000
 20
1089038.0500000008
 30
5.0
  0
VERTEX
  8
0
 10
641667.4900000002
 20
1089365.0500000008
 30
5.0
  0
VERTEX
  8
0
 10
641137.1900000004
 20
1089584.0500000008
 30
5.0
  0
VERTEX
  8
0
 10
640934.3899999997
 20
1089350.0500000008
 30
5.0
  0
VERTEX
  8
0
 10
641027.9900000002
 20
1089006.0500000007
 30
5.0
  0
VERTEX
  8
0
 10
640435.2900000000
 20
1088570.0500000008
 30
5.0
  0
VERTEX
  8
0
 10
640341.6900000004
 20
1088414.0500000008
 30
5.0
  0
VERTEX
  8
0
 10
640450.8899999997
 20
1088133.0500000008
 30
5.0
  0
VERTEX
  8
0
 10
640653.6900000004
 20
1087946.0500000008
 30
5.0
  0
VERTEX
  8
0
 10
640825.2900000000
 20
1087665.0500000008
 30
5.0
  0
VERTEX
  8
0
 10
640856.4900000002
 20
1087369.0500000007
 30
5.0
  0
VERTEX
  8
0
 10
640684.7900000000
 20
1086979.0500000008
 30
5.0
  0
VERTEX
  8
0
 10
639967.3899999997
 20
1086292.0500000008
 30
5.0
  0
VERTEX
  8
0
 10
639608.6900000004
 20
1085840.0500000008
 30
5.0
  0
VERTEX
  8
0
 10
639561.7900000000
 20
1085669.0500000007
 30
5.0
  0
VERTEX
  8
0
 10
640949.9800000004
 20
1085310.0500000008
 30
5.0
  0
VERTEX
  8
0
 10
640372.8899999997
 20
1085123.0500000008
 30
5.0
  0
VERTEX
  8
0
 10
640513.2800000003
 20
1084561.0500000008
 30
5.0
  0
VERTEX
  8
0
 10
640622.4800000004
 20
1084343.0500000008
 30
5.0
  0
VERTEX
  8
0
 10
640809.6900000004
 20
1084202.0500000007
 30
5.0
  0
VERTEX
  8
0
 10
641199.5899999999
 20
1084358.0500000007
 30
5.0
  0
VERTEX
  8
0
 10
641386.7900000000
 20
1084702.0500000007
 30
5.0
  0
VERTEX
  8
0
 10
641870.2900000000
 20
1083984.0500000008
 30
5.0
  0
VERTEX
  8
0
 10
642166.6900000004
 20
1083688.0500000008
 30
5.0
  0
VERTEX
  8
0
 10
642915.2900000000
 20
1083220.0500000007
 30
5.0
  0
VERTEX
  8
0
 10
643554.7900000000
 20
1082611.0500000008
 30
5.0
  0
VERTEX
  8
0
 10
644116.2900000000
 20
1082346.0500000007
 30
5.0
  0
VERTEX
  8
0
 10
644506.2900000000
 20
1082315.0500000007
 30
5.0
  0
VERTEX
  8
0
 10
645145.7900000000
 20
1082440.0500000007
 30
5.0
  0
VERTEX
  8
0
 10
646081.6900000004
 20
1082284.0500000007
 30
5.0
  0
VERTEX
  8
0
 10
646393.5899999999
 20
1082128.0500000007
 30
5.0
  0
VERTEX
  8
0
 10
646611.9900000002
 20
1081910.0500000008
 30
5.0
  0
VERTEX
  8
0
 10
646674.2900000000
 20
1081488.0500000008
 30
5.0
  0
VERTEX
  8
0
 10
646627.4900000002
 20
1081161.0500000008
 30
5.0
  0
VERTEX
  8
0
 10
646253.1799999997
 20
1080303.0500000007
 30
5.0
  0
VERTEX
  8
0
 10
646112.7900000000
 20
1080896.0500000007
 30
5.0
  0
VERTEX
  8
0
 10
646190.7900000000
 20
1081098.0500000008
 30
5.0
  0
VERTEX
  8
0
 10
646159.6799999997
 20
1081176.0500000008
 30
5.0
  0
VERTEX
  8
0
 10
646003.6900000004
 20
1081223.0500000008
 30
5.0
  0
VERTEX
  8
0
 10
645395.2900000000
 20
1080443.0500000008
 30
5.0
  0
VERTEX
  8
0
 10
644896.1900000004
 20
1079913.0500000008
 30
5.0
  0
VERTEX
  8
0
 10
644615.4900000002
 20
1079773.0500000007
 30
5.0
  0
VERTEX
  8
0
 10
643118.0899999999
 20
1079492.0500000007
 30
5.0
  0
VERTEX
  8
0
 10
641230.7900000000
 20
1077464.0500000008
 30
5.0
  0
VERTEX
  8
0
 10
640809.6900000004
 20
1077620.0500000008
 30
5.0
  0
VERTEX
  8
0
 10
639967.3899999997
 20
1077386.0500000007
 30
5.0
  0
VERTEX
  8
0
 10
638781.9900000002
 20
1077308.0500000008
 30
5.0
  0
VERTEX
  8
0
 10
639109.4900000002
 20
1077995.0500000008
 30
5.0
  0
VERTEX
  8
0
 10
640372.8899999997
 20
1078915.0500000008
 30
5.0
  0
VERTEX
  8
0
 10
640669.2900000000
 20
1079414.0500000008
 30
5.0
  0
VERTEX
  8
0
 10
640591.2900000000
 20
1079866.0500000007
 30
5.0
  0
VERTEX
  8
0
 10
640809.6900000004
 20
1080241.0500000007
 30
5.0
  0
VERTEX
  8
0
 10
640731.6799999997
 20
1080475.0500000008
 30
5.0
  0
VERTEX
  8
0
 10
640575.6900000004
 20
1080537.0500000008
 30
5.0
  0
VERTEX
  8
0
 10
640263.6900000004
 20
1080334.0500000007
 30
5.0
  0
VERTEX
  8
0
 10
639826.9900000002
 20
1080163.0500000008
 30
5.0
  0
VERTEX
  8
0
 10
639577.4900000002
 20
1080209.0500000007
 30
5.0
  0
VERTEX
  8
0
 10
639093.8899999997
 20
1080615.0500000007
 30
5.0
  0
VERTEX
  8
0
 10
638891.1900000004
 20
1080537.0500000008
 30
5.0
  0
VERTEX
  8
0
 10
638469.9900000002
 20
1080194.0500000008
 30
5.0
  0
VERTEX
  8
0
 10
637877.2900000000
 20
1079585.0500000007
 30
5.0
  0
VERTEX
  8
0
 10
636769.8899999997
 20
1078743.0399999991
 30
5.0
  0
VERTEX
  8
0
 10
636426.6900000004
 20
1078572.0500000007
 30
5.0
  0
VERTEX
  8
0
 10
636052.3899999997
 20
1078494.0500000008
 30
5.0
  0
VERTEX
  8
0
 10
635522.0899999999
 20
1078681.0500000008
 30
5.0
  0
VERTEX
  8
0
 10
634898.1900000004
 20
1079055.0500000007
 30
5.0
  0
VERTEX
  8
0
 10
634742.1900000004
 20
1079086.0500000007
 30
5.0
  0
VERTEX
  8
0
 10
633213.5899999999
 20
1078634.0500000008
 30
5.0
  0
VERTEX
  8
0
 10
632979.6900000004
 20
1078665.0500000008
 30
5.0
  0
VERTEX
  8
0
 10
632745.6900000004
 20
1078837.0500000008
 30
5.0
  0
VERTEX
  8
0
 10
632574.0899999999
 20
1079320.0500000008
 30
5.0
  0
VERTEX
  8
0
 10
632963.9900000002
 20
1080584.0500000007
 30
5.0
  0
VERTEX
  8
0
 10
633213.5899999999
 20
1080693.0500000008
 30
5.0
  0
VERTEX
  8
0
 10
633962.2900000000
 20
1080631.0500000008
 30
5.0
  0
VERTEX
  8
0
 10
634227.4900000002
 20
1080724.0500000008
 30
5.0
  0
VERTEX
  8
0
 10
634320.9900000002
 20
1080818.0500000008
 30
5.0
  0
VERTEX
  8
0
 10
634352.1900000004
 20
1080974.0500000008
 30
5.0
  0
VERTEX
  8
0
 10
633806.2900000000
 20
1081863.0500000008
 30
5.0
  0
VERTEX
  8
0
 10
633806.2900000000
 20
1082144.0500000008
 30
5.0
  0
VERTEX
  8
0
 10
633915.4900000002
 20
1082253.0500000007
 30
5.0
  0
VERTEX
  8
0
 10
634430.1900000004
 20
1082299.0500000008
 30
5.0
  0
VERTEX
  8
0
 10
634944.9900000002
 20
1082097.0500000007
 30
5.0
  0
VERTEX
  8
0
 10
635163.2900000000
 20
1082565.0500000007
 30
5.0
  0
VERTEX
  8
0
 10
635490.7900000000
 20
1083064.0500000007
 30
5.0
  0
VERTEX
  8
0
 10
636348.6900000004
 20
1083033.0500000007
 30
5.0
  0
VERTEX
  8
0
 10
636660.6900000004
 20
1082923.0500000008
 30
5.0
  0
VERTEX
  8
0
 10
637003.7900000000
 20
1082674.0399999991
 30
5.0
  0
VERTEX
  8
0
 10
637034.9900000002
 20
1082393.0500000008
 30
5.0
  0
VERTEX
  8
0
 10
636676.2900000000
 20
1081878.0500000007
 30
5.0
  0
VERTEX
  8
0
 10
636707.4900000002
 20
1081691.0399999991
 30
5.0
  0
VERTEX
  8
0
 10
636816.6900000004
 20
1081629.0500000008
 30
5.0
  0
VERTEX
  8
0
 10
637066.1900000004
 20
1081629.0500000008
 30
5.0
  0
VERTEX
  8
0
 10
637471.7900000000
 20
1081816.0500000007
 30
5.0
  0
VERTEX
  8
0
 10
637736.8799999999
 20
1082128.0500000007
 30
5.0
  0
VERTEX
  8
0
 10
638220.4900000002
 20
1082455.0500000008
 30
5.0
  0
VERTEX
  8
0
 10
638438.7900000000
 20
1082455.0500000008
 30
5.0
  0
VERTEX
  8
0
 10
638688.3899999997
 20
1082284.0500000007
 30
5.0
  0
VERTEX
  8
0
 10
638891.1900000004
 20
1082003.0500000007
 30
5.0
  0
VERTEX
  8
0
 10
639234.2900000000
 20
1081722.0500000007
 30
5.0
  0
VERTEX
  8
0
 10
639499.4900000002
 20
1081644.0500000008
 30
5.0
  0
VERTEX
  8
0
 10
640014.1900000004
 20
1081738.0500000008
 30
5.0
  0
VERTEX
  8
0
 10
640497.6900000004
 20
1081520.0500000008
 30
5.0
  0
VERTEX
  8
0
 10
640684.7900000000
 20
1081504.0500000008
 30
5.0
  0
VERTEX
  8
0
 10
641246.3899999997
 20
1081691.0399999991
 30
5.0
  0
VERTEX
  8
0
 10
641449.1900000004
 20
1081613.0500000008
 30
5.0
  0
VERTEX
  8
0
 10
642057.4800000004
 20
1081067.0500000008
 30
5.0
  0
VERTEX
  8
0
 10
642338.1900000004
 20
1080911.0500000008
 30
5.0
  0
VERTEX
  8
0
 10
642728.1799999997
 20
1080974.0500000008
 30
5.0
  0
VERTEX
  8
0
 10
642852.9900000002
 20
1081691.0399999991
 30
5.0
  0
VERTEX
  8
0
 10
642478.5899999999
 20
1082284.0500000007
 30
5.0
  0
VERTEX
  8
0
 10
642213.4900000002
 20
1082409.0500000007
 30
5.0
  0
VERTEX
  8
0
 10
641870.2900000000
 20
1082440.0500000007
 30
5.0
  0
VERTEX
  8
0
 10
641636.2900000000
 20
1082565.0500000007
 30
5.0
  0
VERTEX
  8
0
 10
641589.4900000002
 20
1082752.0500000007
 30
5.0
  0
VERTEX
  8
0
 10
642072.9900000002
 20
1083095.0500000007
 30
5.0
  0
VERTEX
  8
0
 10
642072.9900000002
 20
1083251.0500000007
 30
5.0
  0
VERTEX
  8
0
 10
642010.6900000004
 20
1083345.0500000007
 30
5.0
  0
VERTEX
  8
0
 10
641495.9900000002
 20
1083547.0500000008
 30
5.0
  0
VERTEX
  8
0
 10
640825.2900000000
 20
1083454.0500000008
 30
5.0
  0
VERTEX
  8
0
 10
638937.9900000002
 20
1083641.0500000008
 30
5.0
  0
VERTEX
  8
0
 10
638360.7900000000
 20
1083859.0500000008
 30
5.0
  0
VERTEX
  8
0
 10
638111.2900000000
 20
1084046.0500000007
 30
5.0
  0
VERTEX
  8
0
 10
637846.0800000001
 20
1084109.0500000008
 30
5.0
  0
VERTEX
  8
0
 10
637300.1799999997
 20
1083968.0500000008
 30
5.0
  0
VERTEX
  8
0
 10
636972.6799999997
 20
1083968.0500000008
 30
5.0
  0
VERTEX
  8
0
 10
636223.9900000002
 20
1084280.0500000008
 30
5.0
  0
VERTEX
  8
0
 10
635662.4900000002
 20
1083734.0500000007
 30
5.0
  0
VERTEX
  8
0
 10
635178.8899999997
 20
1083516.0500000008
 30
5.0
  0
VERTEX
  8
0
 10
634757.7800000003
 20
1083500.0500000008
 30
5.0
  0
VERTEX
  8
0
 10
634274.2900000000
 20
1083703.0500000008
 30
5.0
  0
VERTEX
  8
0
 10
634274.2900000000
 20
1083189.0500000007
 30
5.0
  0
VERTEX
  8
0
 10
633369.5899999999
 20
1083126.0500000008
 30
5.0
  0
VERTEX
  8
0
 10
632480.4900000002
 20
1082923.0500000008
 30
5.0
  0
VERTEX
  8
0
 10
632199.7900000000
 20
1082986.0500000008
 30
5.0
  0
VERTEX
  8
0
 10
631903.3899999997
 20
1083173.0500000008
 30
5.0
  0
VERTEX
  8
0
 10
631669.4900000002
 20
1083500.0500000008
 30
5.0
  0
VERTEX
  8
0
 10
631607.0899999999
 20
1083781.0500000008
 30
5.0
  0
VERTEX
  8
0
 10
631373.0899999999
 20
1084000.0399999991
 30
5.0
  0
VERTEX
  8
0
 10
630983.1900000004
 20
1084171.0500000007
 30
5.0
  0
VERTEX
  8
0
 10
630265.6900000004
 20
1083922.0500000008
 30
5.0
  0
VERTEX
  8
0
 10
629844.4900000002
 20
1083922.0500000008
 30
5.0
  0
VERTEX
  8
0
 10
629548.1900000004
 20
1083766.0500000008
 30
5.0
  0
VERTEX
  8
0
 10
628627.8899999997
 20
1083001.0500000008
 30
5.0
  0
VERTEX
  8
0
 10
627894.7800000003
 20
1083937.0500000008
 30
5.0
  0
VERTEX
  8
0
 10
627629.6900000004
 20
1084436.0500000008
 30
5.0
  0
VERTEX
  8
0
 10
626943.3899999997
 20
1084530.0500000008
 30
5.0
  0
VERTEX
  8
0
 10
626537.7900000000
 20
1084733.0500000007
 30
5.0
  0
VERTEX
  8
0
 10
626007.4800000004
 20
1085591.0500000008
 30
5.0
  0
VERTEX
  8
0
 10
625695.5899999999
 20
1085684.0500000008
 30
5.0
  0
VERTEX
  8
0
 10
624120.1900000004
 20
1085294.0500000007
 30
5.0
  0
VERTEX
  8
0
 10
623839.4900000002
 20
1085138.0500000007
 30
5.0
  0
VERTEX
  8
0
 10
624541.2900000000
 20
1086511.0500000008
 30
5.0
  0
VERTEX
  8
0
 10
625165.2900000000
 20
1086292.0500000008
 30
5.0
  0
VERTEX
  8
0
 10
625742.2900000000
 20
1086558.0500000008
 30
5.0
  0
VERTEX
  8
0
 10
626522.2900000000
 20
1086729.0500000008
 30
5.0
  0
VERTEX
  8
0
 10
627005.7900000000
 20
1086714.0500000008
 30
5.0
  0
VERTEX
  8
0
 10
627692.0899999999
 20
1086495.0500000007
 30
5.0
  0
VERTEX
  8
0
 10
628128.7900000000
 20
1086511.0500000008
 30
5.0
  0
VERTEX
  8
0
 10
628456.2900000000
 20
1086714.0500000008
 30
5.0
  0
VERTEX
  8
0
 10
628799.4900000002
 20
1087244.0500000007
 30
5.0
  0
VERTEX
  8
0
 10
628799.4900000002
 20
1087415.0500000008
 30
5.0
  0
VERTEX
  8
0
 10
628721.4900000002
 20
1087525.0500000007
 30
5.0
  0
VERTEX
  8
0
 10
628534.2900000000
 20
1087603.0500000008
 30
5.0
  0
VERTEX
  8
0
 10
628081.9900000002
 20
1087556.0500000007
 30
5.0
  0
VERTEX
  8
0
 10
627941.6900000004
 20
1087665.0500000008
 30
5.0
  0
VERTEX
  8
0
 10
627941.6900000004
 20
1087743.0500000007
 30
5.0
  0
VERTEX
  8
0
 10
628222.3899999997
 20
1087899.0500000007
 30
5.0
  0
VERTEX
  8
0
 10
628300.3899999997
 20
1088164.0500000008
 30
5.0
  0
VERTEX
  8
0
 10
627692.0899999999
 20
1088461.0500000007
 30
5.0
  0
VERTEX
  8
0
 10
627801.2900000000
 20
1088694.0500000007
 30
5.0
  0
VERTEX
  8
0
 10
627536.0899999999
 20
1089022.0500000008
 30
5.0
  0
VERTEX
  8
0
 10
626771.7900000000
 20
1089443.0500000007
 30
5.0
  0
VERTEX
  8
0
 10
625960.6900000004
 20
1090036.0500000007
 30
5.0
  0
VERTEX
  8
0
 10
625492.7900000000
 20
1090129.0500000007
 30
5.0
  0
VERTEX
  8
0
 10
625211.9900000002
 20
1090254.0500000007
 30
5.0
  0
VERTEX
  8
0
 10
625165.2900000000
 20
1090051.0500000008
 30
5.0
  0
VERTEX
  8
0
 10
625243.1900000004
 20
1089864.0500000008
 30
5.0
  0
VERTEX
  8
0
 10
625461.5800000001
 20
1089693.0500000007
 30
5.0
  0
VERTEX
  8
0
 10
625570.7800000003
 20
1089443.0500000007
 30
5.0
  0
VERTEX
  8
0
 10
625336.7900000000
 20
1089225.0500000008
 30
5.0
  0
VERTEX
  8
0
 10
625383.6900000004
 20
1089100.0500000007
 30
5.0
  0
VERTEX
  8
0
 10
625648.7900000000
 20
1088975.0500000007
 30
5.0
  0
VERTEX
  8
0
 10
625414.7900000000
 20
1088850.0500000007
 30
5.0
  0
VERTEX
  8
0
 10
625087.2900000000
 20
1088913.0399999991
 30
5.0
  0
VERTEX
  8
0
 10
624478.9900000002
 20
1089209.0500000008
 30
5.0
  0
VERTEX
  8
0
 10
624166.9900000002
 20
1089646.0500000008
 30
5.0
  0
VERTEX
  8
0
 10
623870.6900000004
 20
1089942.0500000007
 30
5.0
  0
VERTEX
  8
0
 10
624151.3899999997
 20
1090769.0500000008
 30
5.0
  0
VERTEX
  8
0
 10
624073.3899999997
 20
1091408.0500000008
 30
5.0
  0
VERTEX
  8
0
 10
624416.5899999999
 20
1091440.0500000008
 30
5.0
  0
VERTEX
  8
0
 10
624712.8899999997
 20
1091783.0500000008
 30
5.0
  0
VERTEX
  8
0
 10
624666.1900000004
 20
1091845.0500000008
 30
5.0
  0
VERTEX
  8
0
 10
625102.7900000000
 20
1091892.0500000007
 30
5.0
  0
VERTEX
  8
0
 10
625617.5899999999
 20
1091580.0500000007
 30
5.0
  0
VERTEX
  8
0
 10
625898.2800000003
 20
1091143.0500000008
 30
5.0
  0
VERTEX
  8
0
 10
626210.2900000000
 20
1090863.0500000008
 30
5.0
  0
VERTEX
  8
0
 10
626615.7900000000
 20
1090644.0500000008
 30
5.0
  0
VERTEX
  8
0
 10
626802.9900000002
 20
1090644.0500000008
 30
5.0
  0
VERTEX
  8
0
 10
626958.9900000002
 20
1090863.0500000008
 30
5.0
  0
VERTEX
  8
0
 10
626896.5800000001
 20
1091081.0500000008
 30
5.0
  0
VERTEX
  8
0
 10
626662.6900000004
 20
1091190.0500000008
 30
5.0
  0
VERTEX
  8
0
 10
626319.4900000002
 20
1091533.0500000008
 30
5.0
  0
VERTEX
  8
0
 10
625789.1900000004
 20
1092329.0500000007
 30
5.0
  0
VERTEX
  8
0
 10
625664.3899999997
 20
1093358.0500000008
 30
5.0
  0
VERTEX
  8
0
 10
625679.9900000002
 20
1093717.0500000008
 30
5.0
  0
VERTEX
  8
0
 10
625835.9900000002
 20
1094232.0500000008
 30
5.0
  0
VERTEX
  8
0
 10
626147.8899999997
 20
1094824.0500000008
 30
5.0
  0
VERTEX
  8
0
 10
626381.7900000000
 20
1095090.0500000007
 30
5.0
  0
VERTEX
  8
0
 10
627504.8899999997
 20
1095854.0500000008
 30
5.0
  0
VERTEX
  8
0
 10
627567.2800000003
 20
1096119.0500000008
 30
5.0
  0
VERTEX
  8
0
 10
626818.5899999999
 20
1096103.0500000008
 30
5.0
  0
VERTEX
  8
0
 10
626662.6900000004
 20
1096197.0500000008
 30
5.0
  0
VERTEX
  8
0
 10
626709.3899999997
 20
1096462.0500000008
 30
5.0
  0
VERTEX
  8
0
 10
627099.2900000000
 20
1096618.0500000008
 30
5.0
  0
VERTEX
  8
0
 10
627114.9900000002
 20
1096977.0500000007
 30
5.0
  0
VERTEX
  8
0
 10
627785.6900000004
 20
1096634.0500000008
 30
5.0
  0
VERTEX
  8
0
 10
628456.2900000000
 20
1096649.0500000008
 30
5.0
  0
VERTEX
  8
0
 10
628799.4900000002
 20
1096727.0500000007
 30
5.0
  0
VERTEX
  8
0
 10
629126.9900000002
 20
1097055.0500000008
 30
5.0
  0
VERTEX
  8
0
 10
629080.2900000000
 20
1097102.0500000007
 30
5.0
  0
VERTEX
  8
0
 10
628097.5899999999
 20
1097211.0500000008
 30
5.0
  0
VERTEX
  8
0
 10
627879.1900000004
 20
1097414.0500000007
 30
5.0
  0
VERTEX
  8
0
 10
627723.2900000000
 20
1097741.0500000008
 30
5.0
  0
VERTEX
  8
0
 10
627692.0899999999
 20
1098178.0500000008
 30
5.0
  0
VERTEX
  8
0
 10
627208.4900000002
 20
1097320.0500000007
 30
5.0
  0
VERTEX
  8
0
 10
626802.9900000002
 20
1096868.0500000008
 30
5.0
  0
VERTEX
  8
0
 10
626709.3899999997
 20
1097055.0500000008
 30
5.0
  0
VERTEX
  8
0
 10
626693.7900000000
 20
1097616.0500000008
 30
5.0
  0
VERTEX
  8
0
 10
627208.4900000002
 20
1098817.0500000008
 30
5.0
  0
VERTEX
  8
0
 10
627146.1900000004
 20
1099145.0500000008
 30
5.0
  0
VERTEX
  8
0
 10
626272.6900000004
 20
1100128.0500000008
 30
5.0
  0
VERTEX
  8
0
 10
626335.0899999999
 20
1101001.0500000008
 30
5.0
  0
VERTEX
  8
0
 10
626257.0899999999
 20
1101391.0500000008
 30
5.0
  0
VERTEX
  8
0
 10
626303.8899999997
 20
1101641.0500000008
 30
5.0
  0
VERTEX
  8
0
 10
627052.5899999999
 20
1101407.0500000008
 30
5.0
  0
VERTEX
  8
0
 10
627957.1900000004
 20
1101017.0500000007
 30
5.0
  0
VERTEX
  8
0
 10
628939.8899999997
 20
1100985.0500000008
 30
5.0
  0
VERTEX
  8
0
 10
629594.9900000002
 20
1100580.0500000007
 30
5.0
  0
VERTEX
  8
0
 10
629626.1900000004
 20
1100580.0500000007
 30
5.0
  0
VERTEX
  8
0
 10
629329.7800000003
 20
1100112.0500000007
 30
5.0
  0
VERTEX
  8
0
 10
628050.7900000000
 20
1099207.0500000007
 30
5.0
  0
VERTEX
  8
0
 10
627692.0899999999
 20
1098802.0500000008
 30
5.0
  0
VERTEX
  8
0
 10
628237.9900000002
 20
1098802.0500000008
 30
5.0
  0
VERTEX
  8
0
 10
628581.1900000004
 20
1098911.0500000008
 30
5.0
  0
VERTEX
  8
0
 10
629282.9900000002
 20
1099363.0500000007
 30
5.0
  0
VERTEX
  8
0
 10
631466.6900000004
 20
1101656.0500000007
 30
5.0
  0
VERTEX
  8
0
 10
631451.0899999999
 20
1101703.0500000008
 30
5.0
  0
VERTEX
  8
0
 10
631762.9800000004
 20
1102124.0500000007
 30
5.0
  0
VERTEX
  8
0
 10
632074.9900000002
 20
1102764.0500000008
 30
5.0
  0
VERTEX
  8
0
 10
632542.8799999999
 20
1103980.0500000007
 30
5.0
  0
VERTEX
  8
0
 10
632761.2800000003
 20
1104807.0500000008
 30
5.0
  0
VERTEX
  8
0
 10
633275.9900000002
 20
1105010.0500000007
 30
5.0
  0
VERTEX
  8
0
 10
633119.9900000002
 20
1104791.0500000007
 30
5.0
  0
VERTEX
  8
0
 10
633291.5899999999
 20
1103949.0500000008
 30
5.0
  0
VERTEX
  8
0
 10
633244.7900000000
 20
1103777.0500000008
 30
5.0
  0
VERTEX
  8
0
 10
632792.4900000002
 20
1103278.0500000008
 30
5.0
  0
VERTEX
  8
0
 10
632558.4900000002
 20
1103107.0500000008
 30
5.0
  0
VERTEX
  8
0
 10
632418.1900000004
 20
1102904.0500000007
 30
5.0
  0
VERTEX
  8
0
 10
632371.2900000000
 20
1102545.0500000008
 30
5.0
  0
VERTEX
  8
0
 10
632542.8799999999
 20
1101984.0500000008
 30
5.0
  0
VERTEX
  8
0
 10
632542.8799999999
 20
1101781.0500000007
 30
5.0
  0
VERTEX
  8
0
 10
632449.2900000000
 20
1101516.0500000008
 30
5.0
  0
VERTEX
  8
0
 10
632137.3899999997
 20
1101173.0500000008
 30
5.0
  0
VERTEX
  8
0
 10
631762.9800000004
 20
1100954.0500000008
 30
5.0
  0
VERTEX
  8
0
 10
631575.7900000000
 20
1100751.0500000008
 30
5.0
  0
VERTEX
  8
0
 10
631747.4900000002
 20
1099862.0500000007
 30
5.0
  0
VERTEX
  8
0
 10
631560.2900000000
 20
1099176.0500000007
 30
5.0
  0
VERTEX
  8
0
 10
631591.4900000002
 20
1098927.0500000008
 30
5.0
  0
VERTEX
  8
0
 10
631778.6799999997
 20
1098677.0500000008
 30
5.0
  0
VERTEX
  8
0
 10
632184.1900000004
 20
1098583.0500000008
 30
5.0
  0
VERTEX
  8
0
 10
632340.1900000004
 20
1098739.0399999991
 30
5.0
  0
VERTEX
  8
0
 10
632386.9900000002
 20
1099020.0500000007
 30
5.0
  0
VERTEX
  8
0
 10
632542.8799999999
 20
1099223.0500000008
 30
5.0
  0
VERTEX
  8
0
 10
632917.2900000000
 20
1099363.0500000007
 30
5.0
  0
VERTEX
  8
0
 10
633135.6900000004
 20
1099363.0500000007
 30
5.0
  0
VERTEX
  8
0
 10
633166.7900000000
 20
1100174.0500000007
 30
5.0
  0
VERTEX
  8
0
 10
633244.7900000000
 20
1100252.0500000008
 30
5.0
  0
VERTEX
  8
0
 10
633478.7900000000
 20
1100174.0500000007
 30
5.0
  0
VERTEX
  8
0
 10
633899.8899999997
 20
1099691.0500000008
 30
5.0
  0
VERTEX
  8
0
 10
634445.7900000000
 20
1099597.0500000008
 30
5.0
  0
VERTEX
  8
0
 10
634788.9900000002
 20
1099301.0500000007
 30
5.0
  0
VERTEX
  8
0
 10
634742.1900000004
 20
1098677.0500000008
 30
5.0
  0
VERTEX
  8
0
 10
635116.4900000002
 20
1098303.0500000008
 30
5.0
  0
VERTEX
  8
0
 10
635428.4900000002
 20
1098256.0500000007
 30
5.0
  0
VERTEX
  8
0
 10
635755.9900000002
 20
1098396.0500000008
 30
5.0
  0
VERTEX
  8
0
 10
636192.7900000000
 20
1099363.0500000007
 30
5.0
  0
VERTEX
  8
0
 10
636504.6900000004
 20
1099691.0500000008
 30
5.0
  0
VERTEX
  8
0
 10
636707.4900000002
 20
1099753.0500000008
 30
5.0
  0
VERTEX
  8
0
 10
636894.6900000004
 20
1099738.0500000007
 30
5.0
  0
VERTEX
  8
0
 10
637222.1900000004
 20
1099582.0500000007
 30
5.0
  0
VERTEX
  8
0
 10
637331.3899999997
 20
1099816.0500000008
 30
5.0
  0
VERTEX
  8
0
 10
638142.4900000002
 20
1100190.0500000008
 30
5.0
  0
VERTEX
  8
0
 10
638064.4900000002
 20
1100455.0500000007
 30
5.0
  0
VERTEX
  8
0
 10
637846.0800000001
 20
1101219.0500000007
 30
5.0
  0
VERTEX
  8
0
 10
639187.4900000002
 20
1102171.0500000008
 30
5.0
  0
VERTEX
  8
0
 10
639109.4900000002
 20
1102015.0500000008
 30
5.0
  0
VERTEX
  8
0
 10
639249.8899999997
 20
1101890.0500000008
 30
5.0
  0
VERTEX
  8
0
 10
639608.6900000004
 20
1101874.0500000007
 30
5.0
  0
VERTEX
  8
0
 10
639764.5899999999
 20
1101765.0500000008
 30
5.0
  0
VERTEX
  8
0
 10
640528.8899999997
 20
1100673.0500000008
 30
5.0
  0
VERTEX
  8
0
 10
639920.5899999999
 20
1100393.0500000007
 30
5.0
  0
VERTEX
  8
0
 10
639951.7800000003
 20
1100252.0500000008
 30
5.0
  0
VERTEX
  8
0
 10
640466.4900000002
 20
1100018.0500000007
 30
5.0
  0
VERTEX
  8
0
 10
640887.6900000004
 20
1099987.0500000007
 30
5.0
  0
VERTEX
  8
0
 10
641199.5899999999
 20
1099800.0500000007
 30
5.0
  0
VERTEX
  8
0
 10
641121.5899999999
 20
1099644.0500000007
 30
5.0
  0
VERTEX
  8
0
 10
640716.0899999999
 20
1099426.0500000008
 30
5.0
  0
VERTEX
  8
0
 10
640326.1900000004
 20
1099410.0500000008
 30
5.0
  0
VERTEX
  8
0
 10
639967.3899999997
 20
1099566.0500000008
 30
5.0
  0
VERTEX
  8
0
 10
639655.3899999997
 20
1099550.0500000007
 30
5.0
  0
VERTEX
  8
0
 10
639265.4900000002
 20
1099363.0500000007
 30
5.0
  0
VERTEX
  8
0
 10
639062.6799999997
 20
1099332.0500000007
 30
5.0
  0
VERTEX
  8
0
 10
638657.1900000004
 20
1099410.0500000008
 30
5.0
  0
VERTEX
  8
0
 10
638625.9800000004
 20
1099223.0500000008
 30
5.0
  0
VERTEX
  8
0
 10
639047.1900000004
 20
1098677.0500000008
 30
5.0
  0
VERTEX
  8
0
 10
638844.2800000003
 20
1098490.0500000008
 30
5.0
  0
VERTEX
  8
0
 10
638797.5899999999
 20
1098271.0500000008
 30
5.0
  0
VERTEX
  8
0
 10
638937.9900000002
 20
1097788.0500000007
 30
5.0
  0
VERTEX
  8
0
 10
638813.1900000004
 20
1097304.0500000008
 30
5.0
  0
VERTEX
  8
0
 10
638828.7900000000
 20
1096758.0500000007
 30
5.0
  0
VERTEX
  8
0
 10
638891.1900000004
 20
1096072.0500000008
 30
5.0
  0
VERTEX
  8
0
 10
639062.6799999997
 20
1095791.0399999991
 30
5.0
  0
VERTEX
  8
0
 10
639093.8899999997
 20
1095012.0500000008
 30
5.0
  0
VERTEX
  8
0
 10
639312.2900000000
 20
1094606.0500000008
 30
5.0
  0
VERTEX
  8
0
 10
639499.4900000002
 20
1094544.0500000008
 30
5.0
  0
VERTEX
  8
0
 10
639702.1900000004
 20
1094700.0500000008
 30
5.0
  0
VERTEX
  8
0
 10
640528.8899999997
 20
1095635.0500000008
 30
5.0
  0
VERTEX
  8
0
 10
641137.1900000004
 20
1095885.0500000008
 30
5.0
  0
VERTEX
  8
0
 10
641355.5899999999
 20
1096041.0500000008
 30
5.0
  0
VERTEX
  8
0
 10
641963.8899999997
 20
1096259.0500000007
 30
5.0
  0
VERTEX
  8
0
 10
643445.6900000004
 20
1097008.0500000007
 30
5.0
  0
VERTEX
  8
0
 10
643835.5899999999
 20
1097850.0500000007
 30
5.0
  0
VERTEX
  8
0
 10
643835.5899999999
 20
1097819.0500000007
 30
5.0
  0
VERTEX
  8
0
 10
643975.9900000002
 20
1097585.0500000008
 30
5.0
  0
VERTEX
  8
0
 10
644365.8899999997
 20
1097414.0500000007
 30
5.0
  0
VERTEX
  8
0
 10
644599.7900000000
 20
1097429.0500000008
 30
5.0
  0
VERTEX
  8
0
 10
644755.7900000000
 20
1097320.0500000007
 30
5.0
  0
VERTEX
  8
0
 10
644755.7900000000
 20
1097242.0500000008
 30
5.0
  0
VERTEX
  8
0
 10
644584.2900000000
 20
1097055.0500000008
 30
5.0
  0
VERTEX
  8
0
 10
644397.0899999999
 20
1097086.0500000008
 30
5.0
  0
VERTEX
  8
0
 10
643960.2900000000
 20
1097024.0500000008
 30
5.0
  0
VERTEX
  8
0
 10
629641.7900000000
 20
1090987.0500000008
 30
5.0
  0
VERTEX
  8
0
 10
629454.5899999999
 20
1090863.0500000008
 30
5.0
  0
VERTEX
  8
0
 10
629267.3899999997
 20
1090878.0399999991
 30
5.0
  0
VERTEX
  8
0
 10
629173.7900000000
 20
1090956.0500000008
 30
5.0
  0
VERTEX
  8
0
 10
628893.0800000001
 20
1090847.0500000008
 30
5.0
  0
VERTEX
  8
0
 10
629111.4900000002
 20
1090379.0500000007
 30
5.0
  0
VERTEX
  8
0
 10
629672.9800000004
 20
1090036.0500000007
 30
5.0
  0
VERTEX
  8
0
 10
629813.2900000000
 20
1089584.0500000008
 30
5.0
  0
VERTEX
  8
0
 10
629969.2900000000
 20
1089396.0500000008
 30
5.0
  0
VERTEX
  8
0
 10
630499.6900000004
 20
1089178.0500000008
 30
5.0
  0
VERTEX
  8
0
 10
630624.3899999997
 20
1088960.0500000008
 30
5.0
  0
VERTEX
  8
0
 10
630639.9900000002
 20
1088461.0500000007
 30
5.0
  0
VERTEX
  8
0
 10
630468.4900000002
 20
1088227.0500000008
 30
5.0
  0
VERTEX
  8
0
 10
629969.2900000000
 20
1087166.0500000008
 30
5.0
  0
VERTEX
  8
0
 10
629345.3899999997
 20
1086230.0500000008
 30
5.0
  0
VERTEX
  8
0
 10
629080.2900000000
 20
1086058.0500000008
 30
5.0
  0
VERTEX
  8
0
 10
628627.8899999997
 20
1085934.0500000008
 30
5.0
  0
VERTEX
  8
0
 10
628347.1799999997
 20
1085762.0500000008
 30
5.0
  0
VERTEX
  8
0
 10
628175.5899999999
 20
1085559.0500000008
 30
5.0
  0
VERTEX
  8
0
 10
628113.1799999997
 20
1085372.0500000008
 30
5.0
  0
VERTEX
  8
0
 10
628175.5899999999
 20
1085216.0500000008
 30
5.0
  0
VERTEX
  8
0
 10
628487.4900000002
 20
1084951.0500000007
 30
5.0
  0
VERTEX
  8
0
 10
629142.6900000004
 20
1084904.0500000008
 30
5.0
  0
VERTEX
  8
0
 10
630296.7900000000
 20
1084951.0500000007
 30
5.0
  0
VERTEX
  8
0
 10
630764.7900000000
 20
1085076.0500000007
 30
5.0
  0
VERTEX
  8
0
 10
631263.8899999997
 20
1085435.0500000008
 30
5.0
  0
VERTEX
  8
0
 10
631497.8899999997
 20
1085497.0500000008
 30
5.0
  0
VERTEX
  8
0
 10
631918.9900000002
 20
1085247.0500000008
 30
5.0
  0
VERTEX
  8
0
 10
632340.1900000004
 20
1085559.0500000008
 30
5.0
  0
VERTEX
  8
0
 10
632886.0899999999
 20
1085778.0500000008
 30
5.0
  0
VERTEX
  8
0
 10
633322.7900000000
 20
1086152.0500000008
 30
5.0
  0
VERTEX
  8
0
 10
633634.7900000000
 20
1086901.0500000007
 30
5.0
  0
VERTEX
  8
0
 10
633993.4900000002
 20
1086168.0500000008
 30
5.0
  0
VERTEX
  8
0
 10
634243.0899999999
 20
1086043.0500000008
 30
5.0
  0
VERTEX
  8
0
 10
634757.7800000003
 20
1086667.0500000008
 30
5.0
  0
VERTEX
  8
0
 10
634882.5899999999
 20
1086729.0500000008
 30
5.0
  0
VERTEX
  8
0
 10
635241.2900000000
 20
1086526.0500000007
 30
5.0
  0
VERTEX
  8
0
 10
635506.4900000002
 20
1087182.0500000007
 30
5.0
  0
VERTEX
  8
0
 10
636114.7900000000
 20
1086698.0500000008
 30
5.0
  0
VERTEX
  8
0
 10
636348.6900000004
 20
1086651.0500000007
 30
5.0
  0
VERTEX
  8
0
 10
636457.8899999997
 20
1086729.0500000008
 30
5.0
  0
VERTEX
  8
0
 10
636551.4900000002
 20
1087010.0500000008
 30
5.0
  0
VERTEX
  8
0
 10
636005.5899999999
 20
1088086.0500000008
 30
5.0
  0
VERTEX
  8
0
 10
635631.2900000000
 20
1087868.0500000007
 30
5.0
  0
VERTEX
  8
0
 10
635397.2900000000
 20
1088055.0500000007
 30
5.0
  0
VERTEX
  8
0
 10
635116.4900000002
 20
1087915.0500000008
 30
5.0
  0
VERTEX
  8
0
 10
634976.1900000004
 20
1087915.0500000008
 30
5.0
  0
VERTEX
  8
0
 10
634929.2900000000
 20
1088071.0500000008
 30
5.0
  0
VERTEX
  8
0
 10
635537.6799999997
 20
1088663.0500000008
 30
5.0
  0
VERTEX
  8
0
 10
635849.5899999999
 20
1088804.0500000008
 30
5.0
  0
VERTEX
  8
0
 10
636067.9900000002
 20
1088835.0500000008
 30
5.0
  0
VERTEX
  8
0
 10
636192.7900000000
 20
1088991.0500000008
 30
5.0
  0
VERTEX
  8
0
 10
636177.1900000004
 20
1089147.0500000008
 30
5.0
  0
VERTEX
  8
0
 10
635943.1900000004
 20
1089162.0500000007
 30
5.0
  0
VERTEX
  8
0
 10
635724.7900000000
 20
1089365.0500000008
 30
5.0
  0
VERTEX
  8
0
 10
635366.0899999999
 20
1089490.0500000008
 30
5.0
  0
VERTEX
  8
0
 10
635038.4900000002
 20
1089350.0500000008
 30
5.0
  0
VERTEX
  8
0
 10
635022.9900000002
 20
1089693.0500000007
 30
5.0
  0
VERTEX
  8
0
 10
635303.6799999997
 20
1090332.0500000008
 30
5.0
  0
VERTEX
  8
0
 10
635194.4800000004
 20
1090566.0500000008
 30
5.0
  0
VERTEX
  8
0
 10
634367.7900000000
 20
1090129.0500000007
 30
5.0
  0
VERTEX
  8
0
 10
632979.6900000004
 20
1089740.0500000008
 30
5.0
  0
VERTEX
  8
0
 10
631981.3899999997
 20
1089334.0500000008
 30
5.0
  0
VERTEX
  8
0
 10
631622.6900000004
 20
1089303.0500000008
 30
5.0
  0
VERTEX
  8
0
 10
631341.8899999997
 20
1089350.0500000008
 30
5.0
  0
VERTEX
  8
0
 10
630452.7900000000
 20
1090036.0500000007
 30
5.0
  0
VERTEX
  8
0
 10
630000.4800000004
 20
1090644.0500000008
 30
5.0
  0
VERTEX
  8
0
 10
629641.7900000000
 20
1090987.0500000008
 30
5.0
  0
VERTEX
  8
0
 10
628846.2900000000
 20
1092906.0500000008
 30
5.0
  0
VERTEX
  8
0
 10
629095.7900000000
 20
1092500.0500000008
 30
5.0
  0
VERTEX
  8
0
 10
629657.2800000003
 20
1092251.0500000008
 30
5.0
  0
VERTEX
  8
0
 10
630109.6799999997
 20
1091752.0500000008
 30
5.0
  0
VERTEX
  8
0
 10
630655.5800000001
 20
1090363.0500000008
 30
5.0
  0
VERTEX
  8
0
 10
630920.7900000000
 20
1090020.0500000008
 30
5.0
  0
VERTEX
  8
0
 10
631154.6900000004
 20
1089864.0500000008
 30
5.0
  0
VERTEX
  8
0
 10
632152.9900000002
 20
1089833.0500000008
 30
5.0
  0
VERTEX
  8
0
 10
632496.1900000004
 20
1089911.0500000007
 30
5.0
  0
VERTEX
  8
0
 10
632620.8899999997
 20
1090051.0500000008
 30
5.0
  0
VERTEX
  8
0
 10
632589.6900000004
 20
1090207.0500000008
 30
5.0
  0
VERTEX
  8
0
 10
632402.4900000002
 20
1090379.0500000007
 30
5.0
  0
VERTEX
  8
0
 10
631310.6900000004
 20
1090925.0500000008
 30
5.0
  0
VERTEX
  8
0
 10
631201.4900000002
 20
1091330.0500000007
 30
5.0
  0
VERTEX
  8
0
 10
631607.0899999999
 20
1091720.0500000008
 30
5.0
  0
VERTEX
  8
0
 10
631607.0899999999
 20
1091876.0500000008
 30
5.0
  0
VERTEX
  8
0
 10
631451.0899999999
 20
1092079.0500000007
 30
5.0
  0
VERTEX
  8
0
 10
631388.6900000004
 20
1092391.0500000007
 30
5.0
  0
VERTEX
  8
0
 10
631201.4900000002
 20
1092641.0500000007
 30
5.0
  0
VERTEX
  8
0
 10
630889.5800000001
 20
1092797.0500000007
 30
5.0
  0
VERTEX
  8
0
 10
630421.6900000004
 20
1092828.0500000007
 30
5.0
  0
VERTEX
  8
0
 10
629750.9900000002
 20
1092719.0500000008
 30
5.0
  0
VERTEX
  8
0
 10
629672.9800000004
 20
1092843.0399999991
 30
5.0
  0
VERTEX
  8
0
 10
629766.4800000004
 20
1093077.0500000008
 30
5.0
  0
VERTEX
  8
0
 10
630000.4800000004
 20
1093233.0500000008
 30
5.0
  0
VERTEX
  8
0
 10
630437.1799999997
 20
1093405.0500000008
 30
5.0
  0
VERTEX
  8
0
 10
630530.7900000000
 20
1093561.0500000008
 30
5.0
  0
VERTEX
  8
0
 10
630499.6900000004
 20
1093811.0500000008
 30
5.0
  0
VERTEX
  8
0
 10
630265.6900000004
 20
1094013.0500000008
 30
5.0
  0
VERTEX
  8
0
 10
630078.4900000002
 20
1094419.0500000008
 30
5.0
  0
VERTEX
  8
0
 10
629844.4900000002
 20
1094590.0500000007
 30
5.0
  0
VERTEX
  8
0
 10
628768.2900000000
 20
1094154.0500000008
 30
5.0
  0
VERTEX
  8
0
 10
628362.7900000000
 20
1094185.0500000008
 30
5.0
  0
VERTEX
  8
0
 10
628206.7900000000
 20
1094122.0500000007
 30
5.0
  0
VERTEX
  8
0
 10
628237.9900000002
 20
1093436.0500000008
 30
5.0
  0
VERTEX
  8
0
 10
628425.1900000004
 20
1093077.0500000008
 30
5.0
  0
VERTEX
  8
0
 10
628643.4900000002
 20
1092890.0500000007
 30
5.0
  0
VERTEX
  8
0
 10
628846.2900000000
 20
1092906.0500000008
 30
5.0
  0
SEQEND
  8
0
  0
ENDSEC
  0
EOF
